trajectory_index,source_cell_index,source_time,source_cell_type,predicted_label,max_prob,time_used,primary_domain,secondary_domain,prob__EryP,prob__HSC,prob__MasP,prob__MkP,prob__MoP,prob__NeuP,target_group,target_genes,z_score,time_requested,cell_type_requested,cell_type_used,label_rule,selection_source
7449,7449,0.0,MkP,MkP,0.9999995173365724,3.0,1,2,2.0269673467083005e-07,2.799620980621549e-07,2.896958341349859e-14,0.9999995173365724,2.2294184757782416e-12,2.3364745250278905e-12,Mk_union,ITGA2B|GP1BA|PF4|PPBP,4.0,3.0,MkP,MkP,endpoint,endpoint_catalog
6316,6316,0.0,EryP,MkP,0.9999992505325638,3.0,1,2,4.455228579493893e-07,3.039164486133018e-07,1.2426832507197374e-12,0.9999992505325638,1.0047226753530756e-11,1.6839623927220168e-11,Mk_union,ITGA2B|GP1BA|PF4|PPBP,4.0,3.0,MkP,MkP,endpoint,endpoint_catalog
1190,1190,0.0,EryP,MkP,0.9999986874745098,3.0,1,2,1.2101066628887166e-06,1.0209018190762957e-07,3.2663453048579164e-11,0.9999986874745098,2.49215384264519e-10,4.676642862825141e-11,Mk_union,ITGA2B|GP1BA|PF4|PPBP,4.0,3.0,MkP,MkP,endpoint,endpoint_catalog
4082,4082,0.0,EryP,MkP,0.9999982343513274,3.0,1,2,1.36380337428885e-06,4.017607163081008e-07,9.106163442067508e-12,0.9999982343513274,2.4282901837372903e-11,5.1192966512082055e-11,Mk_union,ITGA2B|GP1BA|PF4|PPBP,4.0,3.0,MkP,MkP,endpoint,endpoint_catalog
6075,6075,0.0,MkP,MkP,0.9999980447896092,3.0,1,2,3.387611357059936e-07,1.6164424662375874e-06,2.399458708630865e-12,0.9999980447896092,2.3254714317813387e-12,2.0638151962110504e-12,Mk_union,ITGA2B|GP1BA|PF4|PPBP,4.0,3.0,MkP,MkP,endpoint,endpoint_catalog
8081,8081,0.0,EryP,MkP,0.9999979739480412,3.0,1,2,1.631212408589055e-06,3.9196882102175603e-07,1.2138439275575005e-12,0.9999979739480412,2.0996539104058782e-09,7.698614709158442e-10,Mk_union,ITGA2B|GP1BA|PF4|PPBP,4.0,3.0,MkP,MkP,endpoint,endpoint_catalog
3532,3532,0.0,MkP,MkP,0.9999979528322314,3.0,1,2,1.6180070380438703e-06,4.258457229505426e-07,1.1066852987177231e-11,0.9999979528322314,3.007028648082105e-09,2.969120576312568e-10,Mk_union,ITGA2B|GP1BA|PF4|PPBP,4.0,3.0,MkP,MkP,endpoint,endpoint_catalog
7321,7321,0.0,EryP,MkP,0.9999968677165918,3.0,1,2,1.994918469529563e-06,1.1369583487707186e-06,9.478556610251518e-14,0.9999968677165918,2.638443670591312e-10,1.4265075954034627e-10,Mk_union,ITGA2B|GP1BA|PF4|PPBP,4.0,3.0,MkP,MkP,endpoint,endpoint_catalog
4152,4152,0.0,EryP,MkP,0.9999968380384984,3.0,1,2,1.3331327856920998e-06,1.8006886160693622e-06,2.7459507774348527e-11,0.9999968380384984,2.523751640970596e-08,2.875123838954423e-09,Mk_union,ITGA2B|GP1BA|PF4|PPBP,4.0,3.0,MkP,MkP,endpoint,endpoint_catalog
5146,5146,0.0,EryP,MkP,0.9999967813674184,3.0,1,2,1.9683070920744654e-06,1.2490403576998156e-06,5.834735032899365e-12,0.9999967813674184,7.038906323737391e-10,5.754064782486911e-10,Mk_union,ITGA2B|GP1BA|PF4|PPBP,4.0,3.0,MkP,MkP,endpoint,endpoint_catalog
8108,8108,0.0,EryP,MkP,0.9999966193046746,3.0,1,2,2.4707458033455112e-06,8.952727142241127e-07,6.935407132797452e-12,0.9999966193046746,1.3896779155416258e-08,7.730931428994643e-10,Mk_union,ITGA2B|GP1BA|PF4|PPBP,4.0,3.0,MkP,MkP,endpoint,endpoint_catalog
2544,2544,0.0,EryP,MkP,0.9999965325060856,3.0,1,2,2.9734868654434502e-06,4.921429671125143e-07,2.963411113427859e-10,0.9999965325060856,1.265348027183135e-09,3.0239262681493377e-10,Mk_union,ITGA2B|GP1BA|PF4|PPBP,4.0,3.0,MkP,MkP,endpoint,endpoint_catalog
1840,1840,0.0,EryP,MkP,0.9999963084440838,3.0,1,2,2.689781716581613e-06,9.960757592516748e-07,3.5575806065944025e-11,0.9999963084440838,4.577091084674258e-09,1.085773564754757e-09,Mk_union,ITGA2B|GP1BA|PF4|PPBP,4.0,3.0,MkP,MkP,endpoint,endpoint_catalog
2386,2386,0.0,EryP,MkP,0.9999951229194188,3.0,1,2,1.397531138710972e-06,3.478231190029836e-06,7.646144765444197e-12,0.9999951229194188,3.351531596736105e-10,9.754531373057415e-10,Mk_union,ITGA2B|GP1BA|PF4|PPBP,4.0,3.0,MkP,MkP,endpoint,endpoint_catalog
1952,1952,0.0,EryP,MkP,0.9999948136454476,3.0,1,2,3.1690543465014347e-06,2.017067844544987e-06,9.326433251033251e-12,0.9999948136454476,3.5860403003886456e-11,1.871743732895628e-10,Mk_union,ITGA2B|GP1BA|PF4|PPBP,4.0,3.0,MkP,MkP,endpoint,endpoint_catalog
6878,6878,0.0,EryP,MkP,0.9999947962047996,3.0,1,2,2.1185554519234427e-06,3.0833865952369123e-06,9.636630220147716e-12,0.9999947962047996,2.3647124591489777e-10,1.6070454186540835e-09,Mk_union,ITGA2B|GP1BA|PF4|PPBP,4.0,3.0,MkP,MkP,endpoint,endpoint_catalog
3231,3231,0.0,EryP,MkP,0.9999942775054927,3.0,1,2,6.083975497309931e-07,5.113427111411756e-06,1.7876376073357458e-11,0.9999942775054927,2.2766578569713928e-10,4.2430383735268767e-10,Mk_union,ITGA2B|GP1BA|PF4|PPBP,4.0,3.0,MkP,MkP,endpoint,endpoint_catalog
1662,1662,0.0,EryP,MkP,0.9999938331120586,3.0,1,2,2.9974045268030194e-06,2.789213769996267e-06,4.9492626555700826e-11,0.9999938331120586,3.787685105261341e-07,1.451641482798993e-09,Mk_union,ITGA2B|GP1BA|PF4|PPBP,4.0,3.0,MkP,MkP,endpoint,endpoint_catalog
7602,7602,0.0,EryP,MkP,0.999993413003898,3.0,1,2,2.466223701384617e-06,4.1190221547978495e-06,1.152843527120761e-12,0.999993413003898,1.4496994236778203e-09,2.9939356441625616e-10,Mk_union,ITGA2B|GP1BA|PF4|PPBP,4.0,3.0,MkP,MkP,endpoint,endpoint_catalog
522,522,0.0,EryP,MkP,0.9999933026037716,3.0,1,2,5.038937874964097e-06,1.6348458658970145e-06,3.9279187031733946e-11,0.9999933026037716,2.0339971801763853e-08,3.233236430086878e-09,Mk_union,ITGA2B|GP1BA|PF4|PPBP,4.0,3.0,MkP,MkP,endpoint,endpoint_catalog
504,504,0.0,EryP,MkP,0.9999929656676588,3.0,1,2,5.773882168455325e-06,1.2541604861878328e-06,1.3164839890264122e-10,0.9999929656676588,4.455565630525315e-09,1.7024726281554583e-09,Mk_union,ITGA2B|GP1BA|PF4|PPBP,4.0,3.0,MkP,MkP,endpoint,endpoint_catalog
2283,2283,0.0,EryP,MkP,0.999992701803577,3.0,1,2,5.218642087950073e-06,1.988901330933542e-06,8.71869792113322e-13,0.999992701803577,9.014519494746173e-08,5.069371549325859e-10,Mk_union,ITGA2B|GP1BA|PF4|PPBP,4.0,3.0,MkP,MkP,endpoint,endpoint_catalog
3184,3184,0.0,EryP,MkP,0.999992697242602,3.0,1,2,4.818547802999199e-06,2.481066437667892e-06,8.114947395783537e-12,0.999992697242602,1.2479342135018195e-09,1.887108213278649e-09,Mk_union,ITGA2B|GP1BA|PF4|PPBP,4.0,3.0,MkP,MkP,endpoint,endpoint_catalog
4793,4793,0.0,EryP,MkP,0.9999922811799952,3.0,1,2,2.635240921749511e-06,5.0789987332944765e-06,3.0669061256658125e-13,0.9999922811799952,4.099358617226501e-09,4.80684725457513e-10,Mk_union,ITGA2B|GP1BA|PF4|PPBP,4.0,3.0,MkP,MkP,endpoint,endpoint_catalog
6622,6622,0.0,EryP,MkP,0.9999921680399044,3.0,1,2,6.197286541010537e-06,1.6315896340740498e-06,1.0196027889043411e-10,0.9999921680399044,2.7245817065705634e-09,2.573785067687049e-10,Mk_union,ITGA2B|GP1BA|PF4|PPBP,4.0,3.0,MkP,MkP,endpoint,endpoint_catalog
4845,4845,0.0,EryP,MkP,0.9999920648474984,3.0,1,2,1.3191291019898296e-06,6.6138211465733705e-06,3.162444894037527e-11,0.9999920648474984,1.3617539746526187e-09,8.088749849776039e-10,Mk_union,ITGA2B|GP1BA|PF4|PPBP,4.0,3.0,MkP,MkP,endpoint,endpoint_catalog
3513,3513,0.0,MkP,MkP,0.999991933746244,3.0,1,2,9.326177580980322e-07,7.040778017401723e-06,1.035335196476415e-11,0.999991933746244,9.209724791069916e-08,7.503791817844757e-10,Mk_union,ITGA2B|GP1BA|PF4|PPBP,4.0,3.0,MkP,MkP,endpoint,endpoint_catalog
4011,4011,0.0,EryP,MkP,0.9999918970488004,3.0,1,2,1.414904072412825e-06,6.682367908710649e-06,4.714988846890772e-11,0.9999918970488004,7.109062723832171e-10,4.921162283281527e-09,Mk_union,ITGA2B|GP1BA|PF4|PPBP,4.0,3.0,MkP,MkP,endpoint,endpoint_catalog
7720,7720,0.0,EryP,MkP,0.9999913013857222,3.0,1,2,3.565795250233709e-06,5.124993799576634e-06,2.4871912307620698e-12,0.9999913013857222,7.665537096429108e-09,1.5720368024494962e-10,Mk_union,ITGA2B|GP1BA|PF4|PPBP,4.0,3.0,MkP,MkP,endpoint,endpoint_catalog
5935,5935,0.0,EryP,MkP,0.9999912728669696,3.0,1,2,3.850177055014574e-06,4.655591427354308e-06,4.997030272948542e-12,0.9999912728669696,2.2016375271252426e-07,1.1957984243209154e-09,Mk_union,ITGA2B|GP1BA|PF4|PPBP,4.0,3.0,MkP,MkP,endpoint,endpoint_catalog
4420,4420,0.0,MkP,MkP,0.9999911458651918,3.0,1,2,9.54721588935716e-07,7.897204646569861e-06,2.0457578493680144e-11,0.9999911458651918,2.131088340645653e-09,5.702677398782082e-11,Mk_union,ITGA2B|GP1BA|PF4|PPBP,4.0,3.0,MkP,MkP,endpoint,endpoint_catalog
6882,6882,0.0,EryP,MkP,0.9999903938788032,3.0,1,2,8.56382479948476e-06,1.0401082357273566e-06,3.34371194239236e-11,0.9999903938788032,1.4787952123475027e-09,6.759293628726657e-10,Mk_union,ITGA2B|GP1BA|PF4|PPBP,4.0,3.0,MkP,MkP,endpoint,endpoint_catalog
1896,1896,0.0,EryP,MkP,0.9999899266158148,3.0,1,2,5.410085154472505e-06,4.651934257385481e-06,1.7166791874854964e-10,0.9999899266158148,6.919711156323955e-09,4.2733943030549e-09,Mk_union,ITGA2B|GP1BA|PF4|PPBP,4.0,3.0,MkP,MkP,endpoint,endpoint_catalog
4290,4290,0.0,EryP,MkP,0.99998991725746,3.0,1,2,6.253715124100038e-06,3.762886927977558e-06,6.12433256936497e-11,0.99998991725746,6.4021796423088e-08,2.057448106547317e-09,Mk_union,ITGA2B|GP1BA|PF4|PPBP,4.0,3.0,MkP,MkP,endpoint,endpoint_catalog
762,762,0.0,EryP,MkP,0.9999897269544964,3.0,1,2,5.1092285150212575e-06,5.1212633527202444e-06,8.883100897187023e-13,0.9999897269544964,4.105712413262294e-08,1.49562324148899e-09,Mk_union,ITGA2B|GP1BA|PF4|PPBP,4.0,3.0,MkP,MkP,endpoint,endpoint_catalog
6002,6002,0.0,MkP,MkP,0.999989535915316,3.0,1,2,2.023351670999962e-06,8.095733526551079e-06,7.353817746999963e-11,0.999989535915316,3.369856433406793e-07,7.940305061119184e-09,Mk_union,ITGA2B|GP1BA|PF4|PPBP,4.0,3.0,MkP,MkP,endpoint,endpoint_catalog
7273,7273,0.0,EryP,MkP,0.9999891017450556,3.0,1,2,2.0290393310963373e-06,8.866252175667608e-06,2.3662868114944133e-11,0.9999891017450556,1.7475876027369572e-10,2.7650157350709367e-09,Mk_union,ITGA2B|GP1BA|PF4|PPBP,4.0,3.0,MkP,MkP,endpoint,endpoint_catalog
654,654,0.0,EryP,MkP,0.9999889795172512,3.0,1,2,2.337814326368833e-06,8.682137972649882e-06,3.264932083918372e-12,0.9999889795172512,5.59227774489162e-11,4.712619519655983e-10,Mk_union,ITGA2B|GP1BA|PF4|PPBP,4.0,3.0,MkP,MkP,endpoint,endpoint_catalog
3247,3247,0.0,EryP,MkP,0.9999887062829158,3.0,1,2,7.113192212279273e-06,4.057845512308308e-06,4.797396520825126e-12,0.9999887062829158,1.19357698473503e-07,3.3168637126676007e-09,Mk_union,ITGA2B|GP1BA|PF4|PPBP,4.0,3.0,MkP,MkP,endpoint,endpoint_catalog
1044,1044,0.0,EryP,MkP,0.9999884550107634,3.0,1,2,9.71742137959661e-06,1.8238285193558333e-06,7.272863605094027e-11,0.9999884550107634,1.93265438206294e-09,1.7339545133856875e-09,Mk_union,ITGA2B|GP1BA|PF4|PPBP,4.0,3.0,MkP,MkP,endpoint,endpoint_catalog
8227,8227,0.0,EryP,MkP,0.9999883908524038,3.0,1,2,1.0371833873933468e-05,1.234454081849489e-06,2.71795844863612e-10,0.9999883908524038,2.1721677517903262e-09,4.1567693612893445e-10,Mk_union,ITGA2B|GP1BA|PF4|PPBP,4.0,3.0,MkP,MkP,endpoint,endpoint_catalog
2765,2765,0.0,EryP,MkP,0.9999876238383238,3.0,1,2,7.3779187577105856e-06,4.959334590716772e-06,1.931756297242985e-10,0.9999876238383238,3.531473865228317e-08,3.4004132830904162e-09,Mk_union,ITGA2B|GP1BA|PF4|PPBP,4.0,3.0,MkP,MkP,endpoint,endpoint_catalog
6346,6346,0.0,EryP,MkP,0.999987381939229,3.0,1,2,1.221680169818939e-05,4.0085397404732665e-07,3.093902089499003e-12,0.999987381939229,5.529442285778413e-11,3.4671039355516806e-10,Mk_union,ITGA2B|GP1BA|PF4|PPBP,4.0,3.0,MkP,MkP,endpoint,endpoint_catalog
487,487,0.0,MkP,MkP,0.9999870982336756,3.0,1,2,6.302079438201883e-06,6.5948586715371085e-06,3.6617868194008816e-12,0.9999870982336756,4.2871535098382975e-09,5.37399378312056e-10,Mk_union,ITGA2B|GP1BA|PF4|PPBP,4.0,3.0,MkP,MkP,endpoint,endpoint_catalog
5665,5665,0.0,EryP,MkP,0.9999870921091112,3.0,1,2,1.3441324207515489e-06,1.156257461487746e-05,3.221701570402978e-11,0.9999870921091112,7.967745027939534e-10,3.548615296065457e-10,Mk_union,ITGA2B|GP1BA|PF4|PPBP,4.0,3.0,MkP,MkP,endpoint,endpoint_catalog
5731,5731,0.0,EryP,MkP,0.9999870690328944,3.0,1,2,4.280016329951406e-06,8.644990173675438e-06,5.3222837444823516e-11,0.9999870690328944,1.3074250662594786e-09,4.5999540808717594e-09,Mk_union,ITGA2B|GP1BA|PF4|PPBP,4.0,3.0,MkP,MkP,endpoint,endpoint_catalog
7107,7107,0.0,EryP,MkP,0.999986945445269,3.0,1,2,7.361547515415782e-06,5.691152553215457e-06,2.3829530760452948e-12,0.999986945445269,1.0191941593368704e-09,8.330854902433477e-10,Mk_union,ITGA2B|GP1BA|PF4|PPBP,4.0,3.0,MkP,MkP,endpoint,endpoint_catalog
512,512,0.0,EryP,MkP,0.999986618759646,3.0,1,2,3.677720175176737e-06,9.637908046114203e-06,9.853486136553348e-12,0.999986618759646,5.7408101913791124e-08,8.194177299320497e-09,Mk_union,ITGA2B|GP1BA|PF4|PPBP,4.0,3.0,MkP,MkP,endpoint,endpoint_catalog
7538,7538,0.0,EryP,MkP,0.9999865989323622,3.0,1,2,1.104497982171403e-05,2.3530320263543216e-06,2.4363495050541736e-11,0.9999865989323622,1.1359238918726431e-09,1.895502364931835e-09,Mk_union,ITGA2B|GP1BA|PF4|PPBP,4.0,3.0,MkP,MkP,endpoint,endpoint_catalog
3076,3076,0.0,EryP,MkP,0.9999863223034088,3.0,1,2,1.0810087683880732e-05,2.8583186440640875e-06,3.794974851306373e-11,0.9999863223034088,8.788469706287181e-09,4.6384375880814655e-10,Mk_union,ITGA2B|GP1BA|PF4|PPBP,4.0,3.0,MkP,MkP,endpoint,endpoint_catalog
7425,7425,0.0,EryP,MkP,0.9999860400117424,3.0,1,2,7.810560723286599e-07,1.31444437246192e-05,6.173063594780026e-12,0.9999860400117424,3.3735664609079215e-08,7.46623067383514e-10,Mk_union,ITGA2B|GP1BA|PF4|PPBP,4.0,3.0,MkP,MkP,endpoint,endpoint_catalog
694,694,0.0,MkP,MkP,0.9999858928618176,3.0,1,2,1.6154484495928374e-06,1.2487173753721508e-05,1.810981224722849e-12,0.9999858928618176,3.042047893985533e-09,1.472120310273681e-09,Mk_union,ITGA2B|GP1BA|PF4|PPBP,4.0,3.0,MkP,MkP,endpoint,endpoint_catalog
3602,3602,0.0,EryP,MkP,0.999985507654843,3.0,1,2,1.2354029763407709e-05,1.0836372786687651e-06,1.4808180599572485e-11,0.999985507654843,1.0541897061097396e-06,4.73600626933057e-10,Mk_union,ITGA2B|GP1BA|PF4|PPBP,4.0,3.0,MkP,MkP,endpoint,endpoint_catalog
3525,3525,0.0,EryP,MkP,0.9999852054481346,3.0,1,2,1.1009569757773056e-05,3.7652644511113616e-06,2.364985012892299e-10,0.9999852054481346,1.7949561515699957e-08,1.531596498798955e-09,Mk_union,ITGA2B|GP1BA|PF4|PPBP,4.0,3.0,MkP,MkP,endpoint,endpoint_catalog
2147,2147,0.0,EryP,MkP,0.999985134479814,3.0,1,2,4.962721262261433e-06,9.893705144090328e-06,3.7800572715817445e-10,0.999985134479814,7.026995034154533e-09,1.688778618845227e-09,Mk_union,ITGA2B|GP1BA|PF4|PPBP,4.0,3.0,MkP,MkP,endpoint,endpoint_catalog
755,755,0.0,EryP,MkP,0.99998503224443,3.0,1,2,1.0872940357693232e-05,4.079100012293785e-06,2.73499725298546e-12,0.99998503224443,1.5520881631547407e-08,1.9158329263479467e-10,Mk_union,ITGA2B|GP1BA|PF4|PPBP,4.0,3.0,MkP,MkP,endpoint,endpoint_catalog
2100,2100,0.0,EryP,MkP,0.999984934095733,3.0,1,2,1.0254344341171135e-05,4.780987440519463e-06,6.755692653361311e-11,0.999984934095733,2.900424026249248e-08,1.5006881010065627e-09,Mk_union,ITGA2B|GP1BA|PF4|PPBP,4.0,3.0,MkP,MkP,endpoint,endpoint_catalog
6760,6760,0.0,EryP,MkP,0.9999849015579227,3.0,1,2,1.0624243113608469e-05,4.473474467535697e-06,3.5442491636542875e-11,0.9999849015579227,6.80346272932213e-11,6.210190297599419e-10,Mk_union,ITGA2B|GP1BA|PF4|PPBP,4.0,3.0,MkP,MkP,endpoint,endpoint_catalog
1222,1222,0.0,EryP,MkP,0.9999847893700704,3.0,1,2,1.4394478816793067e-06,1.3587135022742343e-05,7.944327471242068e-11,0.9999847893700704,1.6838661681160357e-07,1.558096481128674e-08,Mk_union,ITGA2B|GP1BA|PF4|PPBP,4.0,3.0,MkP,MkP,endpoint,endpoint_catalog
193,193,0.0,EryP,MkP,0.9999843978781424,3.0,1,2,4.684934588048351e-06,1.088464983169766e-05,2.0006147058067468e-11,0.9999843978781424,3.090464022303642e-08,1.6127914385720995e-09,Mk_union,ITGA2B|GP1BA|PF4|PPBP,4.0,3.0,MkP,MkP,endpoint,endpoint_catalog
80,80,0.0,MkP,MkP,0.9999843309774862,3.0,1,2,1.5242477909264945e-05,4.26490997860349e-07,5.0933311692295886e-11,0.9999843309774862,3.9850520913330543e-14,2.633626395431074e-12,Mk_union,ITGA2B|GP1BA|PF4|PPBP,4.0,3.0,MkP,MkP,endpoint,endpoint_catalog
2371,2371,0.0,EryP,MkP,0.9999827637062764,3.0,1,2,1.705955182678136e-06,1.5249211940466277e-05,2.63448941891134e-12,0.9999827637062764,2.7703507652525374e-07,4.088889622084206e-09,Mk_union,ITGA2B|GP1BA|PF4|PPBP,4.0,3.0,MkP,MkP,endpoint,endpoint_catalog
5109,5109,0.0,EryP,MkP,0.999982571619308,3.0,1,2,1.2887173196387047e-05,4.52633498896814e-06,6.071587022919124e-11,0.999982571619308,1.4159401485762922e-08,6.52389204342664e-10,Mk_union,ITGA2B|GP1BA|PF4|PPBP,4.0,3.0,MkP,MkP,endpoint,endpoint_catalog
2787,2787,0.0,MkP,MkP,0.999981751321572,3.0,1,2,7.038950334699102e-06,1.1158022783415566e-05,3.6536963153829637e-11,0.999981751321572,4.9563247356818096e-08,2.1055255709365543e-09,Mk_union,ITGA2B|GP1BA|PF4|PPBP,4.0,3.0,MkP,MkP,endpoint,endpoint_catalog
1759,1759,0.0,EryP,MkP,0.9999815169222112,3.0,1,2,6.625474410251299e-06,1.1536641408482406e-05,4.219271639192095e-11,0.9999815169222112,3.172567142478269e-07,3.6630629940681965e-09,Mk_union,ITGA2B|GP1BA|PF4|PPBP,4.0,3.0,MkP,MkP,endpoint,endpoint_catalog
6608,6608,0.0,EryP,MkP,0.999981213173776,3.0,1,2,7.90499917449258e-06,1.0323319853373657e-05,2.2873451867697832e-10,0.999981213173776,5.551754121970519e-07,3.103049467896117e-09,Mk_union,ITGA2B|GP1BA|PF4|PPBP,4.0,3.0,MkP,MkP,endpoint,endpoint_catalog
3681,3681,0.0,EryP,MkP,0.999980982024338,3.0,1,2,8.706306650686229e-06,1.0281691177986409e-05,2.4606831634945443e-12,0.999980982024338,2.9272478033869677e-08,7.02894807505327e-10,Mk_union,ITGA2B|GP1BA|PF4|PPBP,4.0,3.0,MkP,MkP,endpoint,endpoint_catalog
31,31,0.0,MkP,MkP,0.9999806177219832,3.0,1,2,5.903053261800962e-07,1.8775990749514942e-05,1.0787516705879808e-11,0.9999806177219832,1.5608777539417834e-08,3.623760265762775e-10,Mk_union,ITGA2B|GP1BA|PF4|PPBP,4.0,3.0,MkP,MkP,endpoint,endpoint_catalog
5091,5091,0.0,EryP,MkP,0.9999805658454272,3.0,1,2,3.7913534844378462e-06,1.515432867630648e-05,5.954145444667407e-12,0.9999805658454272,4.84822830826294e-07,3.6436267953603435e-09,Mk_union,ITGA2B|GP1BA|PF4|PPBP,4.0,3.0,MkP,MkP,endpoint,endpoint_catalog
3037,3037,0.0,EryP,MkP,0.9999805432399316,3.0,1,2,1.4442264564632028e-05,2.4498027722914e-06,3.700749194948118e-10,0.9999805432399316,2.5612622992917767e-06,3.0603573388399583e-09,Mk_union,ITGA2B|GP1BA|PF4|PPBP,4.0,3.0,MkP,MkP,endpoint,endpoint_catalog
4363,4363,0.0,EryP,MkP,0.9999798495288412,3.0,1,2,4.744009488990208e-06,1.481532178802574e-05,4.2851501530313854e-10,0.9999798495288412,5.890205926055191e-07,1.6907740703812822e-09,Mk_union,ITGA2B|GP1BA|PF4|PPBP,4.0,3.0,MkP,MkP,endpoint,endpoint_catalog
6565,6565,0.0,EryP,MkP,0.9999797396044102,3.0,1,2,1.1880088415877818e-05,8.323444369014678e-06,1.69493698543902e-11,0.9999797396044102,5.272972389278552e-08,4.116131693216789e-09,Mk_union,ITGA2B|GP1BA|PF4|PPBP,4.0,3.0,MkP,MkP,endpoint,endpoint_catalog
856,856,0.0,EryP,MkP,0.9999795453981162,3.0,1,2,9.057427401683498e-06,1.0480182082855197e-05,1.4983793728082277e-11,0.9999795453981162,9.117348271943498e-07,5.242588423036197e-09,Mk_union,ITGA2B|GP1BA|PF4|PPBP,4.0,3.0,MkP,MkP,endpoint,endpoint_catalog
6119,6119,0.0,EryP,MkP,0.999979312615612,3.0,1,2,4.681355804368973e-06,1.592614924844254e-05,2.5485927315711445e-10,0.999979312615612,7.942292347058635e-08,2.0155263406355503e-10,Mk_union,ITGA2B|GP1BA|PF4|PPBP,4.0,3.0,MkP,MkP,endpoint,endpoint_catalog
2119,2119,0.0,MkP,MkP,0.9999792739182476,3.0,1,2,1.7727976394738787e-06,1.8940470023454024e-05,1.7888826760308598e-11,0.9999792739182476,8.82337961264385e-09,3.972820910757182e-09,Mk_union,ITGA2B|GP1BA|PF4|PPBP,4.0,3.0,MkP,MkP,endpoint,endpoint_catalog
3118,3118,0.0,MkP,MkP,0.999979164427974,3.0,1,2,1.4141399401988384e-06,1.939350682110302e-05,7.56724874140905e-11,0.999979164427974,2.057912441520639e-08,7.270467652213743e-09,Mk_union,ITGA2B|GP1BA|PF4|PPBP,4.0,3.0,MkP,MkP,endpoint,endpoint_catalog
951,951,0.0,EryP,MkP,0.9999786571155196,3.0,1,2,8.303448598834796e-06,1.282810582531724e-05,7.579675128367562e-12,0.9999786571155196,2.0519185184916826e-07,6.130624737892357e-09,Mk_union,ITGA2B|GP1BA|PF4|PPBP,4.0,3.0,MkP,MkP,endpoint,endpoint_catalog
532,532,0.0,EryP,MkP,0.9999786143966072,3.0,1,2,9.124465495068826e-06,1.1938469315290608e-05,1.5007258904608872e-11,0.9999786143966072,3.21253038710931e-07,1.4005363378991743e-09,Mk_union,ITGA2B|GP1BA|PF4|PPBP,4.0,3.0,MkP,MkP,endpoint,endpoint_catalog
180,180,0.0,EryP,MkP,0.99997742241865,3.0,1,2,1.8694669310463705e-05,3.4744962185795763e-06,2.603019913134458e-10,0.99997742241865,3.6446709119562683e-07,4.368842794197047e-08,Mk_union,ITGA2B|GP1BA|PF4|PPBP,4.0,3.0,MkP,MkP,endpoint,endpoint_catalog
3505,3505,0.0,MkP,MkP,0.9999772142363316,3.0,1,2,1.0742747252325934e-05,1.2030213607934445e-05,2.3834959445171844e-10,0.9999772142363316,4.576858019947595e-09,7.987600583602875e-09,Mk_union,ITGA2B|GP1BA|PF4|PPBP,4.0,3.0,MkP,MkP,endpoint,endpoint_catalog
3825,3825,0.0,EryP,MkP,0.9999762857588012,3.0,1,2,2.0098097887673024e-05,3.34844897499746e-06,1.679588074296319e-10,0.9999762857588012,2.666983779636682e-07,8.279990844343323e-10,Mk_union,ITGA2B|GP1BA|PF4|PPBP,4.0,3.0,MkP,MkP,endpoint,endpoint_catalog
1580,1580,0.0,EryP,MkP,0.9999756824200984,3.0,1,2,1.6696650781610083e-05,7.610103246947926e-06,5.181457868326936e-11,0.9999756824200984,8.5381297655028e-09,2.235928695698621e-09,Mk_union,ITGA2B|GP1BA|PF4|PPBP,4.0,3.0,MkP,MkP,endpoint,endpoint_catalog
97,97,0.0,EryP,MkP,0.9999755547639608,3.0,1,2,2.034319549420677e-05,4.088489247743016e-06,3.0880268489192004e-10,0.9999755547639608,8.578348840388031e-09,4.664145945279667e-09,Mk_union,ITGA2B|GP1BA|PF4|PPBP,4.0,3.0,MkP,MkP,endpoint,endpoint_catalog
4979,4979,0.0,MkP,MkP,0.9999752523367808,3.0,1,2,2.046191221642808e-05,4.2270690815545e-06,2.5973535241308463e-11,0.9999752523367808,4.2830788085888526e-08,1.5825159675585934e-08,Mk_union,ITGA2B|GP1BA|PF4|PPBP,4.0,3.0,MkP,MkP,endpoint,endpoint_catalog
5464,5464,0.0,EryP,MkP,0.99997373429158,3.0,1,2,1.896598337660723e-05,6.047910104264684e-06,3.4861304725687955e-11,0.99997373429158,1.248613764489363e-06,3.1663135576634647e-09,Mk_union,ITGA2B|GP1BA|PF4|PPBP,4.0,3.0,MkP,MkP,endpoint,endpoint_catalog
6180,6180,0.0,EryP,MkP,0.9999736977095298,3.0,1,2,1.5112822356693105e-05,1.1061165020241585e-05,5.6717463122680295e-11,0.9999736977095298,1.2574048836965914e-07,2.505887200964052e-09,Mk_union,ITGA2B|GP1BA|PF4|PPBP,4.0,3.0,MkP,MkP,endpoint,endpoint_catalog
1399,1399,0.0,EryP,MkP,0.9999728618623356,3.0,1,2,2.231939429704509e-05,4.805714128637133e-06,2.9009842853355766e-10,0.9999728618623356,1.049956824929908e-08,2.239571951198361e-09,Mk_union,ITGA2B|GP1BA|PF4|PPBP,4.0,3.0,MkP,MkP,endpoint,endpoint_catalog
6982,6982,0.0,EryP,MkP,0.999972431964478,3.0,1,2,2.579246435001021e-05,1.7694043946034746e-06,2.0816637670076964e-11,0.999972431964478,5.839997502936314e-09,3.0596317665751767e-10,Mk_union,ITGA2B|GP1BA|PF4|PPBP,4.0,3.0,MkP,MkP,endpoint,endpoint_catalog
4646,4646,0.0,EryP,MkP,0.9999722847440308,3.0,1,2,1.4989125732424269e-05,1.0751366176942993e-05,1.161838651107667e-09,0.9999722847440308,1.9717316225990444e-06,1.8705987736759326e-09,Mk_union,ITGA2B|GP1BA|PF4|PPBP,4.0,3.0,MkP,MkP,endpoint,endpoint_catalog
4142,4142,0.0,EryP,MkP,0.9999720770444982,3.0,1,2,2.431643415944597e-05,3.6037205400762426e-06,9.962728293990772e-11,0.9999720770444982,1.6740846358464727e-09,1.0270904158273584e-09,Mk_union,ITGA2B|GP1BA|PF4|PPBP,4.0,3.0,MkP,MkP,endpoint,endpoint_catalog
5891,5891,0.0,EryP,MkP,0.9999717839657531,3.0,1,2,7.970848415210572e-06,2.023283820509473e-05,6.34183640724386e-11,0.9999717839657531,1.0490871392000189e-08,1.793336616407709e-09,Mk_union,ITGA2B|GP1BA|PF4|PPBP,4.0,3.0,MkP,MkP,endpoint,endpoint_catalog
6473,6473,0.0,EryP,MkP,0.9999713098500784,3.0,1,2,2.4275023418094104e-05,3.959121549994047e-06,1.3749444075914831e-09,0.9999713098500784,4.518509198802259e-07,2.7790891319097303e-09,Mk_union,ITGA2B|GP1BA|PF4|PPBP,4.0,3.0,MkP,MkP,endpoint,endpoint_catalog
5256,5256,0.0,MkP,MkP,0.9999700389479944,3.0,1,2,1.2985137330129984e-06,2.864794724371181e-05,2.181358042870516e-11,0.9999700389479944,1.1779889053698944e-08,2.789326565159317e-09,Mk_union,ITGA2B|GP1BA|PF4|PPBP,4.0,3.0,MkP,MkP,endpoint,endpoint_catalog
1487,1487,0.0,EryP,MkP,0.999969095862613,3.0,1,2,6.8321907102653305e-06,2.4059364045150133e-05,4.2955177645668836e-11,0.999969095862613,8.020581065271876e-09,4.519095620311655e-09,Mk_union,ITGA2B|GP1BA|PF4|PPBP,4.0,3.0,MkP,MkP,endpoint,endpoint_catalog
1610,1610,0.0,MkP,MkP,0.9999690148613336,3.0,1,2,9.418101909446468e-06,2.047445052469137e-05,4.948180008623671e-10,0.9999690148613336,1.06087446719792e-06,3.1216947084424205e-08,Mk_union,ITGA2B|GP1BA|PF4|PPBP,4.0,3.0,MkP,MkP,endpoint,endpoint_catalog
5503,5503,0.0,EryP,MkP,0.9999677167480552,3.0,1,2,2.089993023321178e-05,1.1088604077048175e-05,9.42635443210871e-12,0.9999677167480552,2.926613416661447e-07,2.046866217615348e-09,Mk_union,ITGA2B|GP1BA|PF4|PPBP,4.0,3.0,MkP,MkP,endpoint,endpoint_catalog
60,60,0.0,MkP,MkP,0.9999673630209132,3.0,1,2,9.767791746761026e-06,2.2793660560750376e-05,6.83013385205205e-11,0.9999673630209132,5.1055018506948136e-08,2.4403459282462626e-08,Mk_union,ITGA2B|GP1BA|PF4|PPBP,4.0,3.0,MkP,MkP,endpoint,endpoint_catalog
4446,4446,0.0,EryP,MkP,0.999965252950006,3.0,1,2,1.919474566109748e-05,5.6463086215260205e-06,2.101309850980656e-10,0.999965252950006,9.896814062088213e-06,8.971518270249031e-09,Mk_union,ITGA2B|GP1BA|PF4|PPBP,4.0,3.0,MkP,MkP,endpoint,endpoint_catalog
4638,4638,0.0,EryP,MkP,0.9999639920809632,3.0,1,2,2.971066368375395e-05,4.268732770484354e-06,3.821933578052355e-09,0.9999639920809632,2.023883644440615e-06,8.170044941127446e-10,Mk_union,ITGA2B|GP1BA|PF4|PPBP,4.0,3.0,MkP,MkP,endpoint,endpoint_catalog
3552,3552,0.0,EryP,MkP,0.99996279043057,3.0,1,2,3.234730743405591e-05,2.684930198200106e-06,4.5640391569242225e-10,0.99996279043057,2.175218545753996e-06,1.6568479910230783e-09,Mk_union,ITGA2B|GP1BA|PF4|PPBP,4.0,3.0,MkP,MkP,endpoint,endpoint_catalog
6967,6967,0.0,EryP,MkP,0.9999618753622684,3.0,1,2,1.0448066837635574e-05,2.593089303631393e-05,6.87081028642264e-10,0.9999618753622684,1.7371305378671269e-06,7.860238866055471e-09,Mk_union,ITGA2B|GP1BA|PF4|PPBP,4.0,3.0,MkP,MkP,endpoint,endpoint_catalog
675,675,0.0,EryP,MkP,0.9999596892394392,3.0,1,2,2.278011732594433e-06,3.803046448486332e-05,9.130744458948124e-14,0.9999596892394392,2.034437032854509e-09,2.498150585540964e-10,Mk_union,ITGA2B|GP1BA|PF4|PPBP,4.0,3.0,MkP,MkP,endpoint,endpoint_catalog
2937,2937,0.0,EryP,MkP,0.9999593960175204,3.0,1,2,2.377086877672081e-05,1.6063341201736883e-05,1.377523909752389e-10,0.9999593960175204,7.631692828023993e-07,6.465465766438913e-09,Mk_union,ITGA2B|GP1BA|PF4|PPBP,4.0,3.0,MkP,MkP,endpoint,endpoint_catalog
635,635,0.0,EryP,MkP,0.999959141449456,3.0,1,2,3.5399092831965765e-05,4.975691204900214e-06,8.789927760208583e-10,0.999959141449456,4.7223921523573394e-07,1.0648299285532229e-08,Mk_union,ITGA2B|GP1BA|PF4|PPBP,4.0,3.0,MkP,MkP,endpoint,endpoint_catalog
2032,2032,0.0,EryP,MkP,0.9999590039154052,3.0,1,2,3.9387452328421295e-05,1.556403489442583e-06,5.6991847643160277e-11,0.9999590039154052,5.133467965693067e-08,8.371056928356931e-10,Mk_union,ITGA2B|GP1BA|PF4|PPBP,4.0,3.0,MkP,MkP,endpoint,endpoint_catalog
1397,1397,0.0,EryP,MkP,0.9999582339395892,3.0,1,2,3.942917842556354e-05,1.954225655439968e-06,5.63173617706503e-10,0.9999582339395892,3.814912773803505e-07,6.018788091151875e-10,Mk_union,ITGA2B|GP1BA|PF4|PPBP,4.0,3.0,MkP,MkP,endpoint,endpoint_catalog
7914,7914,0.0,EryP,MkP,0.999956890126796,3.0,1,2,2.7875376681622742e-05,1.5213240137773986e-05,2.8801718328947836e-10,0.999956890126796,1.389073222142852e-09,1.9579293993207147e-08,Mk_union,ITGA2B|GP1BA|PF4|PPBP,4.0,3.0,MkP,MkP,endpoint,endpoint_catalog
1798,1798,0.0,EryP,MkP,0.9999560713296616,3.0,1,2,4.006458900144434e-05,3.799055697353673e-06,2.1532638926622606e-10,0.9999560713296616,5.1502311465992936e-08,1.3308001861836365e-08,Mk_union,ITGA2B|GP1BA|PF4|PPBP,4.0,3.0,MkP,MkP,endpoint,endpoint_catalog
2609,2609,0.0,MkP,MkP,0.9999559167540456,3.0,1,2,9.654261500851415e-06,3.442619189826978e-05,4.4762535058132876e-11,0.9999559167540456,8.672263351059204e-12,2.739120523790713e-09,Mk_union,ITGA2B|GP1BA|PF4|PPBP,4.0,3.0,MkP,MkP,endpoint,endpoint_catalog
1281,1281,0.0,EryP,MkP,0.9999539490089392,3.0,1,2,2.4629047536412104e-05,2.132300059095749e-05,1.2390313527493571e-11,0.9999539490089392,9.052574583090148e-08,8.404797245233617e-09,Mk_union,ITGA2B|GP1BA|PF4|PPBP,4.0,3.0,MkP,MkP,endpoint,endpoint_catalog
8249,8249,0.0,EryP,MkP,0.9999529591884372,3.0,1,2,2.989694424445268e-05,1.6501031808660537e-05,3.594645058307265e-09,0.9999529591884372,5.950554974876711e-07,4.418536731333885e-08,Mk_union,ITGA2B|GP1BA|PF4|PPBP,4.0,3.0,MkP,MkP,endpoint,endpoint_catalog
6970,6970,0.0,EryP,MkP,0.9999524402407796,3.0,1,2,3.664966060436485e-05,1.087563479560393e-05,1.332144981694668e-10,0.9999524402407796,2.1260195509180045e-08,1.3070410394173556e-08,Mk_union,ITGA2B|GP1BA|PF4|PPBP,4.0,3.0,MkP,MkP,endpoint,endpoint_catalog
3388,3388,0.0,EryP,MkP,0.9999500896924928,3.0,1,2,4.836241800705296e-05,1.5460214596104142e-06,8.202761767681822e-10,0.9999500896924928,2.4650012021896977e-11,1.0231144788153511e-09,Mk_union,ITGA2B|GP1BA|PF4|PPBP,4.0,3.0,MkP,MkP,endpoint,endpoint_catalog
671,671,0.0,EryP,MkP,0.9999482623948248,3.0,1,2,4.687981130609162e-05,4.688482689393749e-06,4.0027783704539676e-10,0.9999482623948248,1.648456986258225e-07,4.065203254125579e-09,Mk_union,ITGA2B|GP1BA|PF4|PPBP,4.0,3.0,MkP,MkP,endpoint,endpoint_catalog
4312,4312,0.0,EryP,MkP,0.9999455038222924,3.0,1,2,3.976473391787871e-05,1.46456682815837e-05,3.900063953711129e-09,0.9999455038222924,6.438014361529638e-08,1.7495300578086624e-08,Mk_union,ITGA2B|GP1BA|PF4|PPBP,4.0,3.0,MkP,MkP,endpoint,endpoint_catalog
647,647,0.0,EryP,MkP,0.9999446655765416,3.0,1,2,2.439653533493926e-05,2.7268171076636686e-05,1.7447445967577088e-08,0.9999446655765416,3.616712555559796e-06,3.55570455197285e-08,Mk_union,ITGA2B|GP1BA|PF4|PPBP,4.0,3.0,MkP,MkP,endpoint,endpoint_catalog
3225,3225,0.0,EryP,MkP,0.9999445734506512,3.0,1,2,4.711063591675846e-05,8.205603085050812e-06,2.0107808617066208e-10,0.9999445734506512,1.046302349672746e-07,5.479034074839685e-09,Mk_union,ITGA2B|GP1BA|PF4|PPBP,4.0,3.0,MkP,MkP,endpoint,endpoint_catalog
5488,5488,0.0,EryP,MkP,0.9999422903147912,3.0,1,2,5.231996875284815e-05,5.307583177588191e-06,7.241049996636005e-10,0.9999422903147912,5.944431650357706e-08,2.196485707742681e-08,Mk_union,ITGA2B|GP1BA|PF4|PPBP,4.0,3.0,MkP,MkP,endpoint,endpoint_catalog
6826,6826,0.0,EryP,MkP,0.9999402166725314,3.0,1,2,5.678305153791124e-05,2.986149848243058e-06,4.96729864082681e-10,0.9999402166725314,1.1124354678944041e-08,2.504997799453821e-09,Mk_union,ITGA2B|GP1BA|PF4|PPBP,4.0,3.0,MkP,MkP,endpoint,endpoint_catalog
7376,7376,0.0,EryP,MkP,0.99993924578693,3.0,1,2,5.61526268944666e-05,3.898144062193041e-06,1.1847816088506458e-10,0.99993924578693,6.928820430343964e-07,1.0441592135285261e-08,Mk_union,ITGA2B|GP1BA|PF4|PPBP,4.0,3.0,MkP,MkP,endpoint,endpoint_catalog
6300,6300,0.0,EryP,MkP,0.9999388660183748,3.0,1,2,2.428456504644448e-05,3.602825569605629e-05,2.4731215549902144e-11,0.9999388660183748,6.058189634957797e-07,2.153171882596923e-07,Mk_union,ITGA2B|GP1BA|PF4|PPBP,4.0,3.0,MkP,MkP,endpoint,endpoint_catalog
108,108,0.0,EryP,MkP,0.9999386321074936,3.0,1,2,1.943401687788472e-05,3.975628366776397e-05,3.9178655177457036e-12,0.9999386321074936,2.174157833661885e-06,3.430209474509157e-09,Mk_union,ITGA2B|GP1BA|PF4|PPBP,4.0,3.0,MkP,MkP,endpoint,endpoint_catalog
2685,2685,0.0,EryP,MkP,0.9999358226734704,3.0,1,2,1.8291489260757903e-05,4.571813032556855e-05,3.2079366060065783e-10,0.9999358226734704,8.762509455370664e-08,7.976105504186812e-08,Mk_union,ITGA2B|GP1BA|PF4|PPBP,4.0,3.0,MkP,MkP,endpoint,endpoint_catalog
4307,4307,0.0,MkP,MkP,0.9999350724854176,3.0,1,2,3.076674516436029e-05,3.2174942389500644e-05,1.1279285374753733e-08,0.9999350724854176,1.921552354698416e-06,5.2995388465819526e-08,Mk_union,ITGA2B|GP1BA|PF4|PPBP,4.0,3.0,MkP,MkP,endpoint,endpoint_catalog
4588,4588,0.0,EryP,MkP,0.9999348961173242,3.0,1,2,4.438467479537042e-05,2.022379112978648e-05,3.154420504858789e-08,0.9999348961173242,3.230723763387092e-07,1.4080016931408405e-07,Mk_union,ITGA2B|GP1BA|PF4|PPBP,4.0,3.0,MkP,MkP,endpoint,endpoint_catalog
1302,1302,0.0,EryP,MkP,0.999930664349672,3.0,1,2,6.407466004082302e-05,4.869149758871321e-06,1.126222052494816e-11,0.999930664349672,3.9046110162829684e-07,1.3681644197360235e-09,Mk_union,ITGA2B|GP1BA|PF4|PPBP,4.0,3.0,MkP,MkP,endpoint,endpoint_catalog
934,934,0.0,EryP,MkP,0.9999302565350608,3.0,1,2,2.156603364565913e-05,3.597311961738561e-05,4.6319538004307187e-10,0.9999302565350608,1.2156334085401022e-05,4.751439551360975e-08,Mk_union,ITGA2B|GP1BA|PF4|PPBP,4.0,3.0,MkP,MkP,endpoint,endpoint_catalog
5143,5143,0.0,EryP,MkP,0.999929540749607,3.0,1,2,6.857724498836215e-05,1.7853290012522906e-06,1.190538942352074e-09,0.999929540749607,8.866352901917336e-08,6.822335286145522e-09,Mk_union,ITGA2B|GP1BA|PF4|PPBP,4.0,3.0,MkP,MkP,endpoint,endpoint_catalog
534,534,0.0,EryP,MkP,0.9999279367502092,3.0,1,2,5.470862873933538e-05,1.2487294651694676e-05,7.445003533720807e-10,0.9999279367502092,4.8588368865938185e-06,7.745012791754392e-09,Mk_union,ITGA2B|GP1BA|PF4|PPBP,4.0,3.0,MkP,MkP,endpoint,endpoint_catalog
5797,5797,0.0,MkP,MkP,0.9999270491932268,3.0,1,2,2.1460756730972008e-05,5.107241592193816e-05,1.4838045527706636e-10,0.9999270491932268,3.879250475870604e-07,2.9560692312348693e-08,Mk_union,ITGA2B|GP1BA|PF4|PPBP,4.0,3.0,MkP,MkP,endpoint,endpoint_catalog
6536,6536,0.0,MkP,MkP,0.99992692175447,3.0,1,2,3.448104827030247e-05,3.5651181571280846e-05,6.5798021460660066e-09,0.99992692175447,2.8764383741712787e-06,6.299751217600101e-08,Mk_union,ITGA2B|GP1BA|PF4|PPBP,4.0,3.0,MkP,MkP,endpoint,endpoint_catalog
8325,8325,0.0,EryP,MkP,0.9999252299218492,3.0,1,2,6.981953231176615e-05,4.50881341977811e-06,2.5315001497302116e-10,0.9999252299218492,4.387716515359824e-07,2.707617750609862e-09,Mk_union,ITGA2B|GP1BA|PF4|PPBP,4.0,3.0,MkP,MkP,endpoint,endpoint_catalog
3465,3465,0.0,EryP,MkP,0.9999247607880604,3.0,1,2,7.298219668190155e-05,1.5069231286467731e-06,3.201776787373532e-10,0.9999247607880604,7.37403996424665e-07,1.2367954952264031e-08,Mk_union,ITGA2B|GP1BA|PF4|PPBP,4.0,3.0,MkP,MkP,endpoint,endpoint_catalog
6993,6993,0.0,EryP,MkP,0.9999237520180986,3.0,1,2,5.5349644818393845e-05,1.8187099420195e-05,1.7613632137799344e-09,0.9999237520180986,2.7020768447749303e-06,7.399454743402056e-09,Mk_union,ITGA2B|GP1BA|PF4|PPBP,4.0,3.0,MkP,MkP,endpoint,endpoint_catalog
1092,1092,0.0,EryP,MkP,0.9999230873042556,3.0,1,2,5.378042761395205e-05,2.2323624778180963e-05,1.2844327718186744e-10,0.9999230873042556,7.936753560521989e-07,1.483955303964542e-08,Mk_union,ITGA2B|GP1BA|PF4|PPBP,4.0,3.0,MkP,MkP,endpoint,endpoint_catalog
301,301,0.0,EryP,MkP,0.9999224224827368,3.0,1,2,5.231284783492261e-05,2.4985070621514647e-05,9.42899848228284e-11,0.9999224224827368,2.022681860855506e-07,7.723633055994346e-08,Mk_union,ITGA2B|GP1BA|PF4|PPBP,4.0,3.0,MkP,MkP,endpoint,endpoint_catalog
8310,8310,0.0,EryP,MkP,0.9999200344025472,3.0,1,2,6.023620566664949e-05,1.8262262536352035e-05,1.6626762740246027e-10,0.9999200344025472,1.4318100800722135e-06,3.5152902477931484e-08,Mk_union,ITGA2B|GP1BA|PF4|PPBP,4.0,3.0,MkP,MkP,endpoint,endpoint_catalog
700,700,0.0,EryP,MkP,0.9999147764984636,3.0,1,2,1.4642837773132597e-05,6.961928840622163e-05,9.140131478036872e-12,0.9999147764984636,9.57498461865555e-07,3.867755069178164e-09,Mk_union,ITGA2B|GP1BA|PF4|PPBP,4.0,3.0,MkP,MkP,endpoint,endpoint_catalog
631,631,0.0,EryP,MkP,0.9999143457481656,3.0,1,2,2.737438757046058e-05,4.790261372049199e-05,2.322492680988942e-09,0.9999143457481656,1.0360492493209789e-05,1.4435557459617372e-08,Mk_union,ITGA2B|GP1BA|PF4|PPBP,4.0,3.0,MkP,MkP,endpoint,endpoint_catalog
6814,6814,0.0,EryP,MkP,0.9999139290457966,3.0,1,2,8.454623901623073e-05,1.5096698856435348e-06,1.7788870073897335e-10,0.9999139290457966,1.2352517068803785e-08,2.5148957935408952e-09,Mk_union,ITGA2B|GP1BA|PF4|PPBP,4.0,3.0,MkP,MkP,endpoint,endpoint_catalog
3124,3124,0.0,EryP,MkP,0.9999136433901824,3.0,1,2,8.116169847273458e-05,3.893584654972068e-06,3.254970306477643e-09,0.9999136433901824,1.295308922414216e-06,2.762796908841449e-09,Mk_union,ITGA2B|GP1BA|PF4|PPBP,4.0,3.0,MkP,MkP,endpoint,endpoint_catalog
2092,2092,0.0,EryP,MkP,0.9999127680344924,3.0,1,2,8.022127048436629e-05,6.557911771569876e-06,4.691491977865916e-10,0.9999127680344924,4.462497023211047e-07,6.064400207878188e-09,Mk_union,ITGA2B|GP1BA|PF4|PPBP,4.0,3.0,MkP,MkP,endpoint,endpoint_catalog
2356,2356,0.0,EryP,MkP,0.9999108789199508,3.0,1,2,6.802026119018019e-05,1.672967582791921e-05,1.686109408572076e-08,0.9999108789199508,4.32223250326283e-06,3.2049433786257804e-08,Mk_union,ITGA2B|GP1BA|PF4|PPBP,4.0,3.0,MkP,MkP,endpoint,endpoint_catalog
3664,3664,0.0,EryP,MkP,0.9999096137339936,3.0,1,2,8.055048881009167e-05,9.646512648297575e-06,2.870228028969337e-11,0.9999096137339936,1.755872817152068e-07,1.3648564195885189e-08,Mk_union,ITGA2B|GP1BA|PF4|PPBP,4.0,3.0,MkP,MkP,endpoint,endpoint_catalog
1015,1015,0.0,EryP,MkP,0.9999093694926372,3.0,1,2,8.469962588407286e-05,4.154242506926776e-06,3.726613390385327e-10,0.9999093694926372,1.7599555190203777e-06,1.6310791291566332e-08,Mk_union,ITGA2B|GP1BA|PF4|PPBP,4.0,3.0,MkP,MkP,endpoint,endpoint_catalog
4302,4302,0.0,EryP,MkP,0.999907642387868,3.0,1,2,3.886264986782274e-05,4.8405300824800456e-05,2.364287545059095e-10,0.999907642387868,5.023901156729692e-06,6.552385384394725e-08,Mk_union,ITGA2B|GP1BA|PF4|PPBP,4.0,3.0,MkP,MkP,endpoint,endpoint_catalog
7721,7721,0.0,EryP,MkP,0.9999076400042428,3.0,1,2,5.191326673797373e-05,4.006412270806691e-05,1.2787084174784526e-10,0.9999076400042428,3.7130817971675363e-07,1.1170260499030566e-08,Mk_union,ITGA2B|GP1BA|PF4|PPBP,4.0,3.0,MkP,MkP,endpoint,endpoint_catalog
1254,1254,0.0,MkP,MkP,0.9999068188246112,3.0,1,2,4.1677276521456274e-05,3.390985149490982e-05,3.70121006451053e-08,0.9999068188246112,1.7513740002899035e-05,4.32952689335348e-08,Mk_union,ITGA2B|GP1BA|PF4|PPBP,4.0,3.0,MkP,MkP,endpoint,endpoint_catalog
6110,6110,0.0,EryP,MkP,0.9999031253071472,3.0,1,2,7.237624068163433e-05,2.4392129394367104e-05,2.763495424919076e-11,0.9999031253071472,1.0038461012730545e-07,5.910531919258646e-09,Mk_union,ITGA2B|GP1BA|PF4|PPBP,4.0,3.0,MkP,MkP,endpoint,endpoint_catalog
801,801,0.0,EryP,MkP,0.9999016996084188,3.0,1,2,8.559287361670962e-05,1.1566600482390122e-05,2.8589616355317793e-09,0.9999016996084188,1.124687030723536e-06,1.3371489641746196e-08,Mk_union,ITGA2B|GP1BA|PF4|PPBP,4.0,3.0,MkP,MkP,endpoint,endpoint_catalog
1506,1506,0.0,EryP,MkP,0.999898612385242,3.0,1,2,5.495253508537068e-05,4.523147861884692e-05,9.06044126399112e-09,0.999898612385242,1.1101983774019696e-06,8.434223512206035e-08,Mk_union,ITGA2B|GP1BA|PF4|PPBP,4.0,3.0,MkP,MkP,endpoint,endpoint_catalog
1442,1442,0.0,EryP,MkP,0.99989555657363,3.0,1,2,5.327009113314764e-05,1.3572091927197438e-05,5.949743781053474e-09,0.99989555657363,3.7552425454437525e-05,4.2868111261776415e-08,Mk_union,ITGA2B|GP1BA|PF4|PPBP,4.0,3.0,MkP,MkP,endpoint,endpoint_catalog
8197,8197,0.0,EryP,MkP,0.99989532471869,3.0,1,2,9.096329959715064e-05,3.4110971914791385e-06,1.1776352022214992e-09,0.99989532471869,1.0292319663862005e-05,7.387222168953697e-09,Mk_union,ITGA2B|GP1BA|PF4|PPBP,4.0,3.0,MkP,MkP,endpoint,endpoint_catalog
6487,6487,0.0,EryP,MkP,0.999895224677015,3.0,1,2,2.2996457532559323e-05,8.026239783197472e-05,1.3667813316986883e-11,0.999895224677015,1.480200866910224e-06,3.6253085707816926e-08,Mk_union,ITGA2B|GP1BA|PF4|PPBP,4.0,3.0,MkP,MkP,endpoint,endpoint_catalog
4349,4349,0.0,EryP,MkP,0.9998951844960956,3.0,1,2,9.60340884970504e-05,7.854741532335567e-06,7.086298637087631e-09,0.9998951844960956,9.0745626054446e-07,1.2131315708383086e-08,Mk_union,ITGA2B|GP1BA|PF4|PPBP,4.0,3.0,MkP,MkP,endpoint,endpoint_catalog
1870,1870,0.0,EryP,MkP,0.9998936951512284,3.0,1,2,0.0001006529023254,5.445620233111947e-06,1.859093661931072e-10,0.9998936951512284,1.981857118861143e-07,7.954591741896726e-09,Mk_union,ITGA2B|GP1BA|PF4|PPBP,4.0,3.0,MkP,MkP,endpoint,endpoint_catalog
7466,7466,0.0,MkP,MkP,0.999891986958832,3.0,1,2,1.6176638259161962e-05,6.986728006538316e-05,5.357137691843069e-12,0.999891986958832,2.1921541645799338e-05,4.7575840504305296e-08,Mk_union,ITGA2B|GP1BA|PF4|PPBP,4.0,3.0,MkP,MkP,endpoint,endpoint_catalog
672,672,0.0,EryP,MkP,0.9998903519193136,3.0,1,2,9.41096973219005e-05,4.984589474613328e-06,1.8591596135818458e-07,0.9998903519193136,1.033710232063124e-05,3.0775608067536846e-08,Mk_union,ITGA2B|GP1BA|PF4|PPBP,4.0,3.0,MkP,MkP,endpoint,endpoint_catalog
8260,8260,0.0,EryP,MkP,0.999885449676764,3.0,1,2,3.250206643057851e-05,8.193038440494036e-05,9.401983051592636e-11,0.999885449676764,1.1482541547467192e-07,2.952965325401423e-09,Mk_union,ITGA2B|GP1BA|PF4|PPBP,4.0,3.0,MkP,MkP,endpoint,endpoint_catalog
5691,5691,0.0,EryP,MkP,0.9998849806122724,3.0,1,2,3.124350444609213e-05,7.489732160483719e-05,1.6325599427691295e-09,0.9998849806122724,8.858786666469295e-06,1.814245024016968e-08,Mk_union,ITGA2B|GP1BA|PF4|PPBP,4.0,3.0,MkP,MkP,endpoint,endpoint_catalog
590,590,0.0,MkP,MkP,0.9998836067356854,3.0,1,2,5.315507212761096e-05,2.4078745815457148e-05,5.066412081073847e-10,0.9998836067356854,3.909909376224445e-05,5.984596794576774e-08,Mk_union,ITGA2B|GP1BA|PF4|PPBP,4.0,3.0,MkP,MkP,endpoint,endpoint_catalog
7736,7736,0.0,EryP,MkP,0.9998814569739504,3.0,1,2,3.913552872276448e-05,2.088152381598688e-05,8.375664765514053e-10,0.9998814569739504,5.844098219422705e-05,8.415375040734765e-08,Mk_union,ITGA2B|GP1BA|PF4|PPBP,4.0,3.0,MkP,MkP,endpoint,endpoint_catalog
3920,3920,0.0,EryP,MkP,0.9998772587683056,3.0,1,2,9.179375893840564e-05,1.3327112134750004e-05,4.121888802346404e-10,0.9998772587683056,1.7609701069204497e-05,1.0247363036819234e-08,Mk_union,ITGA2B|GP1BA|PF4|PPBP,4.0,3.0,MkP,MkP,endpoint,endpoint_catalog
6144,6144,0.0,MkP,MkP,0.9998771842433496,3.0,1,2,8.432545076341966e-05,3.846583605409148e-05,3.7032675845299647e-10,0.9998771842433496,1.3746196413575332e-08,1.0353309729628868e-08,Mk_union,ITGA2B|GP1BA|PF4|PPBP,4.0,3.0,MkP,MkP,endpoint,endpoint_catalog
6263,6263,0.0,EryP,MkP,0.9998758992894006,3.0,1,2,0.0001165358053868,7.526289065440485e-06,2.700106938744745e-12,0.9998758992894006,3.6981066496225894e-08,1.6323803965092095e-09,Mk_union,ITGA2B|GP1BA|PF4|PPBP,4.0,3.0,MkP,MkP,endpoint,endpoint_catalog
2701,2701,0.0,EryP,MkP,0.999869841875993,3.0,1,2,0.000126340095155,3.713848265657619e-06,4.214258349626941e-12,0.999869841875993,1.033029050606248e-07,8.734669434805036e-10,Mk_union,ITGA2B|GP1BA|PF4|PPBP,4.0,3.0,MkP,MkP,endpoint,endpoint_catalog
1613,1613,0.0,EryP,MkP,0.9998624726996228,3.0,1,2,0.0001329700546413,4.46845219602876e-06,1.6363041036566124e-10,0.9998624726996228,8.738007760651146e-08,1.249831737040903e-09,Mk_union,ITGA2B|GP1BA|PF4|PPBP,4.0,3.0,MkP,MkP,endpoint,endpoint_catalog
5699,5699,0.0,EryP,MkP,0.9998603445626816,3.0,1,2,0.0001364560905256,2.919241232745976e-06,3.109440446125395e-11,0.9998603445626816,2.5639098039806577e-07,2.368348530966114e-08,Mk_union,ITGA2B|GP1BA|PF4|PPBP,4.0,3.0,MkP,MkP,endpoint,endpoint_catalog
4486,4486,0.0,MkP,MkP,0.9998597347710486,3.0,1,2,0.0001286215468729,2.071067365698133e-06,4.863881261851227e-07,0.9998597347710486,9.082386246782015e-06,3.8403397466114976e-09,Mk_union,ITGA2B|GP1BA|PF4|PPBP,4.0,3.0,MkP,MkP,endpoint,endpoint_catalog
4741,4741,0.0,EryP,MkP,0.9998594662297556,3.0,1,2,9.306220805126308e-05,3.77802682428466e-05,3.838045702444507e-10,0.9998594662297556,9.685397840366709e-06,5.512305322155377e-09,Mk_union,ITGA2B|GP1BA|PF4|PPBP,4.0,3.0,MkP,MkP,endpoint,endpoint_catalog
8246,8246,0.0,MkP,MkP,0.9998580751361918,3.0,1,2,2.3816429845483416e-05,0.000101970272094,2.303150846058913e-06,0.9998580751361918,1.350758027750318e-05,3.27430745079081e-07,Mk_union,ITGA2B|GP1BA|PF4|PPBP,4.0,3.0,MkP,MkP,endpoint,endpoint_catalog
7991,7991,0.0,EryP,MkP,0.999857821147472,3.0,1,2,2.802925870741733e-05,0.0001112456111887,1.4696151865695794e-10,0.999857821147472,2.706520544664179e-06,1.9731512581850466e-07,Mk_union,ITGA2B|GP1BA|PF4|PPBP,4.0,3.0,MkP,MkP,endpoint,endpoint_catalog
3136,3136,0.0,MkP,MkP,0.9998569078344202,3.0,1,2,9.96236763145071e-06,0.0001310127764684,4.01178674065351e-11,0.9998569078344202,2.111963970177483e-06,5.017392071157726e-09,Mk_union,ITGA2B|GP1BA|PF4|PPBP,4.0,3.0,MkP,MkP,endpoint,endpoint_catalog
6525,6525,0.0,EryP,MkP,0.999855681642639,3.0,1,2,0.0001266415375211,1.1410690117679897e-05,3.9526256741469966e-09,0.999855681642639,6.150167644793638e-06,1.1200945176043284e-07,Mk_union,ITGA2B|GP1BA|PF4|PPBP,4.0,3.0,MkP,MkP,endpoint,endpoint_catalog
7048,7048,0.0,EryP,MkP,0.999855301556814,3.0,1,2,0.0001425304246227,2.1374596114230426e-06,1.6404953869094843e-10,0.999855301556814,2.3734984876545092e-08,6.659917309304633e-09,Mk_union,ITGA2B|GP1BA|PF4|PPBP,4.0,3.0,MkP,MkP,endpoint,endpoint_catalog
769,769,0.0,EryP,MkP,0.999854139593393,3.0,1,2,0.0001330853830505,1.0142092779665636e-05,1.7643825241667808e-10,0.999854139593393,2.6269455134893098e-06,5.808824992520197e-09,Mk_union,ITGA2B|GP1BA|PF4|PPBP,4.0,3.0,MkP,MkP,endpoint,endpoint_catalog
4455,4455,0.0,EryP,MkP,0.9998538653294332,3.0,1,2,0.0001183836371687,2.599812761283235e-05,7.809379287443488e-09,0.9998538653294332,1.7063841223487064e-06,3.8712283469017936e-08,Mk_union,ITGA2B|GP1BA|PF4|PPBP,4.0,3.0,MkP,MkP,endpoint,endpoint_catalog
282,282,0.0,EryP,MkP,0.9998518617989004,3.0,1,2,0.00013033198399,1.5539087637109194e-05,1.965991161037852e-10,0.9998518617989004,2.2422547866613767e-06,2.4678086843568882e-08,Mk_union,ITGA2B|GP1BA|PF4|PPBP,4.0,3.0,MkP,MkP,endpoint,endpoint_catalog
7275,7275,0.0,EryP,MkP,0.9998513233620324,3.0,1,2,0.0001367717144571,1.0713229359085978e-05,3.682631707805321e-09,0.9998513233620324,1.1706740853212298e-06,1.7337434556515613e-08,Mk_union,ITGA2B|GP1BA|PF4|PPBP,4.0,3.0,MkP,MkP,endpoint,endpoint_catalog
7902,7902,0.0,EryP,MkP,0.999843617677512,3.0,1,2,0.0001399087877615,1.5321840279721544e-05,1.6746698889291788e-10,0.999843617677512,1.1412907179147097e-06,1.0236261789333985e-08,Mk_union,ITGA2B|GP1BA|PF4|PPBP,4.0,3.0,MkP,MkP,endpoint,endpoint_catalog
2557,2557,0.0,MkP,MkP,0.9998361390180648,3.0,1,2,9.260181853515183e-06,0.0001523784930556,9.965765557458667e-11,0.9998361390180648,2.184272081923826e-06,3.7935286370083154e-08,Mk_union,ITGA2B|GP1BA|PF4|PPBP,4.0,3.0,MkP,MkP,endpoint,endpoint_catalog
981,981,0.0,EryP,MkP,0.9998324594956248,3.0,1,2,0.0001190249906921,4.571536229601678e-05,5.911291003934149e-11,0.9998324594956248,2.479651367348122e-06,3.204409066545185e-07,Mk_union,ITGA2B|GP1BA|PF4|PPBP,4.0,3.0,MkP,MkP,endpoint,endpoint_catalog
3178,3178,0.0,EryP,MkP,0.9998303917916966,3.0,1,2,6.37569932853982e-05,9.924848514196298e-05,9.265622262484824e-08,0.9998303917916966,6.439083184793685e-06,7.0990468571667e-08,Mk_union,ITGA2B|GP1BA|PF4|PPBP,4.0,3.0,MkP,MkP,endpoint,endpoint_catalog
6576,6576,0.0,EryP,MkP,0.9998301572312708,3.0,1,2,0.0001558240339383,1.0366614902804212e-05,1.329506621857216e-10,0.9998301572312708,3.6427956361094993e-06,9.191301179774633e-09,Mk_union,ITGA2B|GP1BA|PF4|PPBP,4.0,3.0,MkP,MkP,endpoint,endpoint_catalog
6123,6123,0.0,MkP,MkP,0.9998264774112472,3.0,1,2,0.0001691666900736,3.099063295023619e-06,3.6285742944284494e-09,0.9998264774112472,1.2508988783532489e-06,2.3079311661782688e-09,Mk_union,ITGA2B|GP1BA|PF4|PPBP,4.0,3.0,MkP,MkP,endpoint,endpoint_catalog
5192,5192,0.0,EryP,MkP,0.9998189371273728,3.0,1,2,8.74090500742813e-05,9.256927811157758e-05,1.9168733757398508e-11,0.9998189371273728,1.0620028450697203e-06,2.2522427503523657e-08,Mk_union,ITGA2B|GP1BA|PF4|PPBP,4.0,3.0,MkP,MkP,endpoint,endpoint_catalog
5239,5239,0.0,EryP,MkP,0.9998145256626328,3.0,1,2,0.0001708783867296,1.4079002928185975e-05,2.9494899656876523e-09,0.9998145256626328,4.977612985515952e-07,1.6236920905587653e-08,Mk_union,ITGA2B|GP1BA|PF4|PPBP,4.0,3.0,MkP,MkP,endpoint,endpoint_catalog
4313,4313,0.0,EryP,MkP,0.999810049588378,3.0,1,2,0.0001010614073503,8.733812273491298e-05,6.229258648787946e-10,0.999810049588378,1.54632037281556e-06,3.9382379380299744e-09,Mk_union,ITGA2B|GP1BA|PF4|PPBP,4.0,3.0,MkP,MkP,endpoint,endpoint_catalog
1702,1702,0.0,EryP,MkP,0.9998070170187304,3.0,1,2,0.0001585571142274,1.0841079464602338e-05,3.095883547772609e-09,0.9998070170187304,2.349547137983604e-05,8.622031428916409e-08,Mk_union,ITGA2B|GP1BA|PF4|PPBP,4.0,3.0,MkP,MkP,endpoint,endpoint_catalog
1025,1025,0.0,EryP,MkP,0.9998045991564152,3.0,1,2,6.939237804004335e-05,9.368091448441035e-05,4.268664404682755e-09,0.9998045991564152,3.2125714634248786e-05,1.975677619276237e-07,Mk_union,ITGA2B|GP1BA|PF4|PPBP,4.0,3.0,MkP,MkP,endpoint,endpoint_catalog
248,248,0.0,EryP,MkP,0.9997982298586492,3.0,1,2,0.0001453726013506,4.532663387512621e-05,9.205706985894148e-11,0.9997982298586492,1.1057032479134953e-05,1.3781588634974889e-08,Mk_union,ITGA2B|GP1BA|PF4|PPBP,4.0,3.0,MkP,MkP,endpoint,endpoint_catalog
877,877,0.0,EryP,MkP,0.9997957006219316,3.0,1,2,0.0001966968705532,4.380370239016094e-06,7.46264941763547e-08,0.9997957006219316,3.044955220731393e-06,1.0255556123893009e-07,Mk_union,ITGA2B|GP1BA|PF4|PPBP,4.0,3.0,MkP,MkP,endpoint,endpoint_catalog
1851,1851,0.0,EryP,MkP,0.999795443209404,3.0,1,2,0.0001543366749585,1.677567817248936e-05,3.6843981860464877e-10,0.999795443209404,3.343436774860974e-05,9.701276733796753e-09,Mk_union,ITGA2B|GP1BA|PF4|PPBP,4.0,3.0,MkP,MkP,endpoint,endpoint_catalog
4465,4465,0.0,EryP,MkP,0.999793639220912,3.0,1,2,0.0001058313874493,9.776178480669896e-05,4.116150875565194e-09,0.999793639220912,2.7372173058102126e-06,2.627337540571858e-08,Mk_union,ITGA2B|GP1BA|PF4|PPBP,4.0,3.0,MkP,MkP,endpoint,endpoint_catalog
2468,2468,0.0,EryP,MkP,0.9997916863148174,3.0,1,2,8.275047851962583e-05,0.0001206065516315,6.487908341984505e-11,0.9997916863148174,4.895403440432988e-06,6.118671194384638e-08,Mk_union,ITGA2B|GP1BA|PF4|PPBP,4.0,3.0,MkP,MkP,endpoint,endpoint_catalog
7544,7544,0.0,EryP,MkP,0.9997840894929289,3.0,1,2,0.0001619411877335,6.955833822890928e-06,9.565504260459616e-09,0.9997840894929289,4.700172223728432e-05,2.1977732840553597e-09,Mk_union,ITGA2B|GP1BA|PF4|PPBP,4.0,3.0,MkP,MkP,endpoint,endpoint_catalog
2920,2920,0.0,EryP,MkP,0.9997837342732104,3.0,1,2,8.596081923248138e-05,0.0001189983757714,9.80299364969386e-08,0.9997837342732104,1.0782574404302396e-05,4.259274449312641e-07,Mk_union,ITGA2B|GP1BA|PF4|PPBP,4.0,3.0,MkP,MkP,endpoint,endpoint_catalog
6924,6924,0.0,MkP,MkP,0.999782978166086,3.0,1,2,0.0002011280412337,1.1525360018858555e-05,3.0001668115467347e-10,0.999782978166086,4.362969153184365e-06,5.163491656686991e-09,Mk_union,ITGA2B|GP1BA|PF4|PPBP,4.0,3.0,MkP,MkP,endpoint,endpoint_catalog
3846,3846,0.0,EryP,MkP,0.9997828701265508,3.0,1,2,0.0001333318246735,7.436562570031332e-05,5.185104801514533e-07,0.9997828701265508,8.849493306229497e-06,6.441928890549684e-08,Mk_union,ITGA2B|GP1BA|PF4|PPBP,4.0,3.0,MkP,MkP,endpoint,endpoint_catalog
8326,8326,0.0,EryP,MkP,0.9997823858584122,3.0,1,2,0.0002104420250231,5.529512259878843e-06,1.0564333747921816e-11,0.9997823858584122,1.638908128662081e-06,3.6856117434464815e-09,Mk_union,ITGA2B|GP1BA|PF4|PPBP,4.0,3.0,MkP,MkP,endpoint,endpoint_catalog
5826,5826,0.0,EryP,MkP,0.9997801222931836,3.0,1,2,0.0002070976871529,1.0807935443286147e-05,1.6160288547792784e-10,0.9997801222931836,1.9391550959866344e-06,3.276752111603096e-08,Mk_union,ITGA2B|GP1BA|PF4|PPBP,4.0,3.0,MkP,MkP,endpoint,endpoint_catalog
7885,7885,0.0,MkP,MkP,0.9997744089932096,3.0,1,2,0.0002174533670559,7.834552425607013e-06,1.4411019989978735e-09,0.9997744089932096,2.921990660894104e-07,9.447140515861964e-09,Mk_union,ITGA2B|GP1BA|PF4|PPBP,4.0,3.0,MkP,MkP,endpoint,endpoint_catalog
837,837,0.0,EryP,MkP,0.999761543859435,3.0,1,2,0.0001976805352882,3.464563934813618e-05,1.3187118570222058e-08,0.999761543859435,6.056925502939977e-06,5.985330707678273e-08,Mk_union,ITGA2B|GP1BA|PF4|PPBP,4.0,3.0,MkP,MkP,endpoint,endpoint_catalog
4368,4368,0.0,MkP,MkP,0.9997601468652254,3.0,1,2,0.000187766857971,4.861047861748492e-05,2.192270469875712e-09,0.9997601468652254,3.4512033033523063e-06,2.2402612089594236e-08,Mk_union,ITGA2B|GP1BA|PF4|PPBP,4.0,3.0,MkP,MkP,endpoint,endpoint_catalog
2318,2318,0.0,EryP,MkP,0.9997555238501752,3.0,1,2,0.0002312354618985,9.725685595397304e-06,2.259087610232552e-10,0.9997555238501752,3.429610039696439e-06,8.516638221275255e-08,Mk_union,ITGA2B|GP1BA|PF4|PPBP,4.0,3.0,MkP,MkP,endpoint,endpoint_catalog
4440,4440,0.0,EryP,MkP,0.9997534833846218,3.0,1,2,0.0002179231868981,2.5618630919965443e-05,5.663112913308638e-09,0.9997534833846218,2.9173907340515244e-06,5.174371308204334e-08,Mk_union,ITGA2B|GP1BA|PF4|PPBP,4.0,3.0,MkP,MkP,endpoint,endpoint_catalog
3243,3243,0.0,MkP,MkP,0.9997529838273864,3.0,1,2,0.0001414686037368,8.998107768892587e-05,1.7057348358189168e-06,0.9997529838273864,1.3770316550485636e-05,9.043980119373152e-08,Mk_union,ITGA2B|GP1BA|PF4|PPBP,4.0,3.0,MkP,MkP,endpoint,endpoint_catalog
2672,2672,0.0,EryP,MkP,0.9997522133619388,3.0,1,2,0.0001871597352887,5.6231984766169066e-05,2.694388826688818e-09,0.9997522133619388,4.237685342680426e-06,1.545382748411228e-07,Mk_union,ITGA2B|GP1BA|PF4|PPBP,4.0,3.0,MkP,MkP,endpoint,endpoint_catalog
4645,4645,0.0,EryP,MkP,0.9997520978446988,3.0,1,2,0.0002387332245641,7.707448550070468e-06,1.536910814020075e-09,0.9997520978446988,1.3765359546317037e-06,8.340932149699968e-08,Mk_union,ITGA2B|GP1BA|PF4|PPBP,4.0,3.0,MkP,MkP,endpoint,endpoint_catalog
1646,1646,0.0,EryP,MkP,0.999751905580102,3.0,1,2,0.0002033759442616,4.376525983016153e-05,4.74207574965803e-10,0.999751905580102,9.504330966080328e-07,2.308502149784016e-09,Mk_union,ITGA2B|GP1BA|PF4|PPBP,4.0,3.0,MkP,MkP,endpoint,endpoint_catalog
6831,6831,0.0,EryP,MkP,0.9997498568967768,3.0,1,2,0.000221533321954,2.529160438702952e-05,2.268897520613534e-09,0.9997498568967768,3.298291531070778e-06,1.7616453472648232e-08,Mk_union,ITGA2B|GP1BA|PF4|PPBP,4.0,3.0,MkP,MkP,endpoint,endpoint_catalog
7513,7513,0.0,EryP,MkP,0.9997492966332842,3.0,1,2,0.0002400470719187,3.497964836356605e-06,1.5179473938653018e-09,0.9997492966332842,7.142688800075804e-06,1.4123213302956673e-08,Mk_union,ITGA2B|GP1BA|PF4|PPBP,4.0,3.0,MkP,MkP,endpoint,endpoint_catalog
8286,8286,0.0,EryP,MkP,0.9997396010946868,3.0,1,2,0.0002181438789796,4.170526980289568e-05,4.589179032405078e-11,0.9997396010946868,5.389470849298248e-07,1.0763554002717468e-08,Mk_union,ITGA2B|GP1BA|PF4|PPBP,4.0,3.0,MkP,MkP,endpoint,endpoint_catalog
2619,2619,0.0,EryP,MkP,0.9997344920561724,3.0,1,2,6.962869535269173e-05,3.919649221912563e-05,4.978625060360379e-09,0.9997344920561724,0.0001563781838327,2.995937978447603e-07,Mk_union,ITGA2B|GP1BA|PF4|PPBP,4.0,3.0,MkP,MkP,endpoint,endpoint_catalog
375,375,0.0,MkP,MkP,0.999730060195032,3.0,1,2,0.0001878560238156,4.141167945819258e-05,2.6723950887906786e-07,0.999730060195032,4.0353760911026e-05,5.1101274149924696e-08,Mk_union,ITGA2B|GP1BA|PF4|PPBP,4.0,3.0,MkP,MkP,endpoint,endpoint_catalog
1834,1834,0.0,EryP,MkP,0.9997286377001142,3.0,1,2,0.0002285602327628,1.791265505776946e-05,5.850359829763935e-09,0.9997286377001142,2.48289381529176e-05,5.462355232219802e-08,Mk_union,ITGA2B|GP1BA|PF4|PPBP,4.0,3.0,MkP,MkP,endpoint,endpoint_catalog
435,435,0.0,EryP,MkP,0.999726865030236,3.0,1,2,0.0002500276378477,4.131375884542148e-06,5.009971003082753e-10,0.999726865030236,1.8950459945167337e-05,2.49950895176766e-08,Mk_union,ITGA2B|GP1BA|PF4|PPBP,4.0,3.0,MkP,MkP,endpoint,endpoint_catalog
3548,3548,0.0,EryP,MkP,0.9997225613757906,3.0,1,2,0.0002664385511,4.630013991838879e-06,1.794825298014259e-08,0.9997225613757906,6.334754249391219e-06,1.7356615115119266e-08,Mk_union,ITGA2B|GP1BA|PF4|PPBP,4.0,3.0,MkP,MkP,endpoint,endpoint_catalog
831,831,0.0,EryP,MkP,0.9997183932558864,3.0,1,2,0.0002678447237466,1.0570122464992818e-05,6.615195287498843e-09,0.9997183932558864,3.155699927381094e-06,2.9582779304640263e-08,Mk_union,ITGA2B|GP1BA|PF4|PPBP,4.0,3.0,MkP,MkP,endpoint,endpoint_catalog
3419,3419,0.0,EryP,MkP,0.9997183507258374,3.0,1,2,0.0002601515456662,1.900420506119305e-05,6.677886500819289e-08,0.9997183507258374,2.253239557149256e-06,1.7350501308147428e-07,Mk_union,ITGA2B|GP1BA|PF4|PPBP,4.0,3.0,MkP,MkP,endpoint,endpoint_catalog
2565,2565,0.0,EryP,MkP,0.999718172929037,3.0,1,2,0.0002741709225717,6.097220739809676e-06,5.688674704547211e-10,0.999718172929037,1.5537566364011432e-06,4.602147585114255e-09,Mk_union,ITGA2B|GP1BA|PF4|PPBP,4.0,3.0,MkP,MkP,endpoint,endpoint_catalog
5402,5402,0.0,EryP,MkP,0.9997154068671288,3.0,1,2,0.0001062253476314,0.000156022209017,7.273557027461211e-10,0.9997154068671288,2.2336708201137224e-05,8.140665980330486e-09,Mk_union,ITGA2B|GP1BA|PF4|PPBP,4.0,3.0,MkP,MkP,endpoint,endpoint_catalog
5943,5943,0.0,EryP,MkP,0.9997129502681408,3.0,1,2,0.0002770604012312,9.689829033353489e-06,7.38812976609389e-10,0.9997129502681408,2.8948141859930506e-07,9.281362958360026e-09,Mk_union,ITGA2B|GP1BA|PF4|PPBP,4.0,3.0,MkP,MkP,endpoint,endpoint_catalog
7120,7120,0.0,EryP,MkP,0.9997123060609944,3.0,1,2,0.0002163467803375,2.921325324629245e-05,3.44707922106122e-10,0.9997123060609944,4.211789048926276e-05,1.567022462083293e-08,Mk_union,ITGA2B|GP1BA|PF4|PPBP,4.0,3.0,MkP,MkP,endpoint,endpoint_catalog
3304,3304,0.0,EryP,MkP,0.999712217308945,3.0,1,2,0.0001682722103591,7.109828584438535e-05,1.2672077063691508e-10,0.999712217308945,4.832216265835128e-05,8.990547236322284e-08,Mk_union,ITGA2B|GP1BA|PF4|PPBP,4.0,3.0,MkP,MkP,endpoint,endpoint_catalog
6378,6378,0.0,EryP,MkP,0.9997072183472816,3.0,1,2,0.0002832782990575,7.153567557962004e-06,2.918501166635377e-09,0.9997072183472816,2.263907989246493e-06,8.295961248208089e-08,Mk_union,ITGA2B|GP1BA|PF4|PPBP,4.0,3.0,MkP,MkP,endpoint,endpoint_catalog
5769,5769,0.0,EryP,MkP,0.999706108962855,3.0,1,2,0.0002186706524228,5.5107657320266e-05,3.61120366185272e-07,0.999706108962855,1.9703334583936844e-05,4.8272451975980464e-08,Mk_union,ITGA2B|GP1BA|PF4|PPBP,4.0,3.0,MkP,MkP,endpoint,endpoint_catalog
1810,1810,0.0,EryP,MkP,0.999699052856629,3.0,1,2,2.6529583738432872e-05,0.0002200585222501,1.403172626496894e-09,0.999699052856629,5.433859927933803e-05,1.9034930685752665e-08,Mk_union,ITGA2B|GP1BA|PF4|PPBP,4.0,3.0,MkP,MkP,endpoint,endpoint_catalog
8192,8192,0.0,MkP,MkP,0.9996963861635562,3.0,1,2,0.0002803681803004,1.910715716398808e-05,3.440371927558822e-09,0.9996963861635562,4.066561132761289e-06,6.849747490120836e-08,Mk_union,ITGA2B|GP1BA|PF4|PPBP,4.0,3.0,MkP,MkP,endpoint,endpoint_catalog
985,985,0.0,EryP,MkP,0.9996963184229316,3.0,1,2,0.0002728114016381,2.9098888420527746e-05,5.489176327723474e-10,0.9996963184229316,1.6720314793991602e-06,9.870661281892033e-08,Mk_union,ITGA2B|GP1BA|PF4|PPBP,4.0,3.0,MkP,MkP,endpoint,endpoint_catalog
7530,7530,0.0,EryP,MkP,0.999690284926126,3.0,1,2,0.0002521358826415,4.55427379861798e-05,2.195259557977982e-07,0.999690284926126,1.1680488677163673e-05,1.3643861326568858e-07,Mk_union,ITGA2B|GP1BA|PF4|PPBP,4.0,3.0,MkP,MkP,endpoint,endpoint_catalog
8006,8006,0.0,EryP,MkP,0.999686972160079,3.0,1,2,0.0003011290011121,9.531610332950894e-06,2.6854592068278067e-10,0.999686972160079,2.3652716219848697e-06,1.6883079752258004e-09,Mk_union,ITGA2B|GP1BA|PF4|PPBP,4.0,3.0,MkP,MkP,endpoint,endpoint_catalog
1549,1549,0.0,EryP,MkP,0.9996638326570356,3.0,1,2,0.0002983066556429,2.7598776959003945e-05,1.0097789050056718e-09,0.9996638326570356,1.0074158136714497e-05,1.8674244709982648e-07,Mk_union,ITGA2B|GP1BA|PF4|PPBP,4.0,3.0,MkP,MkP,endpoint,endpoint_catalog
1888,1888,0.0,EryP,MkP,0.9996597579016994,3.0,1,2,0.0003249364845695,1.1884229331320058e-05,1.2992902847294746e-08,0.9996597579016994,3.3863827039504306e-06,2.2008792971809644e-08,Mk_union,ITGA2B|GP1BA|PF4|PPBP,4.0,3.0,MkP,MkP,endpoint,endpoint_catalog
7318,7318,0.0,EryP,MkP,0.9996529569784648,3.0,1,2,0.00016483669712,0.0001790518613579,1.622658364658945e-09,0.9996529569784648,2.627203854741232e-06,5.256365443629118e-07,Mk_union,ITGA2B|GP1BA|PF4|PPBP,4.0,3.0,MkP,MkP,endpoint,endpoint_catalog
4512,4512,0.0,EryP,MkP,0.999652335765106,3.0,1,2,0.0003201440774421,1.0103033979133654e-05,8.023146667114676e-09,0.999652335765106,1.7364688194896806e-05,4.4412131013359456e-08,Mk_union,ITGA2B|GP1BA|PF4|PPBP,4.0,3.0,MkP,MkP,endpoint,endpoint_catalog
5751,5751,0.0,EryP,MkP,0.999641654789459,3.0,1,2,0.0002990622185377,4.31225860893364e-05,1.1393651476439996e-08,0.999641654789459,1.6085782685281142e-05,6.322957711461726e-08,Mk_union,ITGA2B|GP1BA|PF4|PPBP,4.0,3.0,MkP,MkP,endpoint,endpoint_catalog
2856,2856,0.0,MkP,MkP,0.9996399783186916,3.0,1,2,0.0002243401188998,7.389003407373662e-05,1.0689191539921593e-07,0.9996399783186916,6.1436345138317e-05,2.482912810771393e-07,Mk_union,ITGA2B|GP1BA|PF4|PPBP,4.0,3.0,MkP,MkP,endpoint,endpoint_catalog
7865,7865,0.0,EryP,MkP,0.999638856567649,3.0,1,2,0.0002233143478762,0.0001128455430469,1.186541623528137e-06,0.999638856567649,2.2933946561651823e-05,8.630532425741459e-07,Mk_union,ITGA2B|GP1BA|PF4|PPBP,4.0,3.0,MkP,MkP,endpoint,endpoint_catalog
612,612,0.0,EryP,MkP,0.9996385872665896,3.0,1,2,0.0002434232914979,2.641759699291088e-05,3.6174519326835636e-09,0.9996385872665896,9.146805188687752e-05,1.0017558055414829e-07,Mk_union,ITGA2B|GP1BA|PF4|PPBP,4.0,3.0,MkP,MkP,endpoint,endpoint_catalog
16,16,0.0,MkP,MkP,0.9996338956210504,3.0,1,2,0.0002556537837105,8.996182933588851e-05,1.3232660529105342e-08,0.9996338956210504,1.949516992719356e-05,9.803633155312427e-07,Mk_union,ITGA2B|GP1BA|PF4|PPBP,4.0,3.0,MkP,MkP,endpoint,endpoint_catalog
5234,5234,0.0,EryP,MkP,0.9996336989864782,3.0,1,2,0.0003310762224274,3.150289191684869e-05,1.1156603378816553e-07,0.9996336989864782,3.5975358292328347e-06,1.2797314579110842e-08,Mk_union,ITGA2B|GP1BA|PF4|PPBP,4.0,3.0,MkP,MkP,endpoint,endpoint_catalog
7705,7705,0.0,MkP,MkP,0.999633454653692,3.0,1,2,5.0424467225593146e-05,0.0001448491649211,4.354402024069269e-08,0.999633454653692,0.0001711899878982,3.8182242734862354e-08,Mk_union,ITGA2B|GP1BA|PF4|PPBP,4.0,3.0,MkP,MkP,endpoint,endpoint_catalog
4128,4128,0.0,EryP,MkP,0.9996319139213716,3.0,1,2,0.0003013699015059,1.5808559913246293e-05,1.8712479889820274e-09,0.9996319139213716,5.089872882521695e-05,7.0171358931151114e-09,Mk_union,ITGA2B|GP1BA|PF4|PPBP,4.0,3.0,MkP,MkP,endpoint,endpoint_catalog
18,18,0.0,EryP,MkP,0.9996316037874688,3.0,1,2,0.0003406504992246,2.683525449974871e-05,2.32098761098134e-10,0.9996316037874688,8.781069295533359e-07,3.21197783403724e-08,Mk_union,ITGA2B|GP1BA|PF4|PPBP,4.0,3.0,MkP,MkP,endpoint,endpoint_catalog
2488,2488,0.0,EryP,MkP,0.9996306984475568,3.0,1,2,0.0003477826547058,3.47914507864913e-06,9.686428165362055e-06,0.9996306984475568,8.29080740333989e-06,6.251708985345983e-08,Mk_union,ITGA2B|GP1BA|PF4|PPBP,4.0,3.0,MkP,MkP,endpoint,endpoint_catalog
4314,4314,0.0,EryP,MkP,0.9996305209934366,3.0,1,2,0.0003581273803552,1.1077115987811557e-05,1.2503355201533887e-11,0.9996305209934366,2.564004211987344e-07,1.809729578177433e-08,Mk_union,ITGA2B|GP1BA|PF4|PPBP,4.0,3.0,MkP,MkP,endpoint,endpoint_catalog
3339,3339,0.0,EryP,MkP,0.9996298849750482,3.0,1,2,0.0003114298199206,5.313340819429903e-05,4.302687306819839e-07,0.9996298849750482,5.116976636724433e-06,4.5514693737477205e-09,Mk_union,ITGA2B|GP1BA|PF4|PPBP,4.0,3.0,MkP,MkP,endpoint,endpoint_catalog
5744,5744,0.0,EryP,MkP,0.9996292689774404,3.0,1,2,0.0003601523695081,9.806776364972684e-06,1.1674154723407384e-08,0.9996292689774404,5.749956050963011e-07,1.8520692668439145e-07,Mk_union,ITGA2B|GP1BA|PF4|PPBP,4.0,3.0,MkP,MkP,endpoint,endpoint_catalog
8092,8092,0.0,EryP,MkP,0.9996262439298208,3.0,1,2,0.0003134062296913,7.403735386980332e-06,7.584160300901756e-06,0.9996262439298208,4.5249970829225794e-05,1.1197397068727697e-07,Mk_union,ITGA2B|GP1BA|PF4|PPBP,4.0,3.0,MkP,MkP,endpoint,endpoint_catalog
4623,4623,0.0,EryP,MkP,0.9996219996448864,3.0,1,2,0.0003617251293729,8.057999880254357e-06,1.391695689003363e-09,0.9996219996448864,8.214598625852267e-06,1.235538787096415e-09,Mk_union,ITGA2B|GP1BA|PF4|PPBP,4.0,3.0,MkP,MkP,endpoint,endpoint_catalog
4684,4684,0.0,MkP,MkP,0.9996112130435424,3.0,1,2,7.131197899227357e-05,0.0002815310792566,3.380533064254999e-08,0.9996112130435424,3.57677349139739e-05,1.423579637807944e-07,Mk_union,ITGA2B|GP1BA|PF4|PPBP,4.0,3.0,MkP,MkP,endpoint,endpoint_catalog
7827,7827,0.0,MkP,MkP,0.9996082526609442,3.0,1,2,0.000269307106763,0.0001100646417159,1.3193848010645123e-09,0.9996082526609442,1.2299114839270072e-05,7.515635276614124e-08,Mk_union,ITGA2B|GP1BA|PF4|PPBP,4.0,3.0,MkP,MkP,endpoint,endpoint_catalog
7764,7764,0.0,EryP,MkP,0.9996073974923207,3.0,1,2,2.0423185425228785e-05,0.0002842447212397,7.183989888845389e-11,0.9996073974923207,8.790614797824785e-05,2.8381195939602813e-08,Mk_union,ITGA2B|GP1BA|PF4|PPBP,4.0,3.0,MkP,MkP,endpoint,endpoint_catalog
4007,4007,0.0,EryP,MkP,0.9996053025515812,3.0,1,2,0.0003670095170756,1.3336294471015105e-05,2.5274341523203915e-08,0.9996053025515812,1.4290454558664654e-05,3.590797177275091e-08,Mk_union,ITGA2B|GP1BA|PF4|PPBP,4.0,3.0,MkP,MkP,endpoint,endpoint_catalog
6465,6465,0.0,EryP,MkP,0.9996009988364188,3.0,1,2,0.0003713710696687,1.0386064728347038e-05,3.752020375313898e-08,0.9996009988364188,1.7158999274713354e-05,4.75097057056238e-08,Mk_union,ITGA2B|GP1BA|PF4|PPBP,4.0,3.0,MkP,MkP,endpoint,endpoint_catalog
8050,8050,0.0,EryP,MkP,0.9995992426303852,3.0,1,2,0.00028150371247,5.786550183467152e-05,3.836080686924028e-10,0.9995992426303852,6.116189633230419e-05,2.258753695640197e-07,Mk_union,ITGA2B|GP1BA|PF4|PPBP,4.0,3.0,MkP,MkP,endpoint,endpoint_catalog
6472,6472,0.0,EryP,MkP,0.9995948888625704,3.0,1,2,0.0003881461018445,4.7380179028896016e-06,3.472446036221478e-09,0.9995948888625704,1.2206643553822317e-05,1.6901682391527665e-08,Mk_union,ITGA2B|GP1BA|PF4|PPBP,4.0,3.0,MkP,MkP,endpoint,endpoint_catalog
5031,5031,0.0,EryP,MkP,0.9995931766641408,3.0,1,2,0.0003631465706216,1.0609499641599929e-05,4.978977047368605e-10,0.9995931766641408,3.3025702916209495e-05,4.1064781878823567e-08,Mk_union,ITGA2B|GP1BA|PF4|PPBP,4.0,3.0,MkP,MkP,endpoint,endpoint_catalog
2622,2622,0.0,EryP,MkP,0.9995893449755352,3.0,1,2,0.0003086276685551,8.306896716771522e-05,1.0293596720766415e-08,0.9995893449755352,1.873515510837954e-05,2.1294003659854402e-07,Mk_union,ITGA2B|GP1BA|PF4|PPBP,4.0,3.0,MkP,MkP,endpoint,endpoint_catalog
6595,6595,0.0,EryP,MkP,0.999578751202969,3.0,1,2,0.0002726155738227,0.0001234199137757,2.9778515155481072e-08,0.999578751202969,2.5010060254850594e-05,1.734706625462316e-07,Mk_union,ITGA2B|GP1BA|PF4|PPBP,4.0,3.0,MkP,MkP,endpoint,endpoint_catalog
289,289,0.0,EryP,MkP,0.999576131409418,3.0,1,2,0.0004090901746945,9.843398544826295e-06,5.0981367556348015e-08,0.999576131409418,4.868334652238934e-06,1.5701322972639482e-08,Mk_union,ITGA2B|GP1BA|PF4|PPBP,4.0,3.0,MkP,MkP,endpoint,endpoint_catalog
6535,6535,0.0,EryP,MkP,0.999573434580872,3.0,1,2,0.0003786780384564,4.118005554525148e-05,3.954780520125161e-09,0.999573434580872,6.674254152475984e-06,2.9116193426604682e-08,Mk_union,ITGA2B|GP1BA|PF4|PPBP,4.0,3.0,MkP,MkP,endpoint,endpoint_catalog
29,29,0.0,EryP,MkP,0.9995722459247356,3.0,1,2,0.0004126337869139,5.279974519057413e-06,1.664479923146439e-07,0.9995722459247356,9.651573867839882e-06,2.2291971372718163e-08,Mk_union,ITGA2B|GP1BA|PF4|PPBP,4.0,3.0,MkP,MkP,endpoint,endpoint_catalog
1249,1249,0.0,MkP,MkP,0.9995718660503596,3.0,1,2,0.0001855771753258,0.000147073650043,1.3133212449827315e-05,0.9995718660503596,8.02551460646121e-05,2.094765757333054e-06,Mk_union,ITGA2B|GP1BA|PF4|PPBP,4.0,3.0,MkP,MkP,endpoint,endpoint_catalog
4475,4475,0.0,EryP,MkP,0.9995628785346832,3.0,1,2,0.0001597400998156,0.0001702244092572,1.5036592697186192e-07,0.9995628785346832,0.0001068531546206,1.5343569610947732e-07,Mk_union,ITGA2B|GP1BA|PF4|PPBP,4.0,3.0,MkP,MkP,endpoint,endpoint_catalog
2205,2205,0.0,EryP,MkP,0.9995614732028916,3.0,1,2,0.0002068704401302,5.56825926552767e-05,1.855317396804344e-07,0.9995614732028916,0.0001756994423065,8.879027654410704e-08,Mk_union,ITGA2B|GP1BA|PF4|PPBP,4.0,3.0,MkP,MkP,endpoint,endpoint_catalog
1923,1923,0.0,EryP,MkP,0.9995555426130432,3.0,1,2,0.0003495056328216,6.938825305088944e-05,1.7080478661825357e-07,0.9995555426130432,2.537389631007421e-05,1.8799987407170288e-08,Mk_union,ITGA2B|GP1BA|PF4|PPBP,4.0,3.0,MkP,MkP,endpoint,endpoint_catalog
5419,5419,0.0,EryP,MkP,0.9995428279533932,3.0,1,2,0.0004494926289256,7.106265393851751e-06,1.362901314766619e-09,0.9995428279533932,3.486566159164446e-07,2.231327700637168e-07,Mk_union,ITGA2B|GP1BA|PF4|PPBP,4.0,3.0,MkP,MkP,endpoint,endpoint_catalog
2068,2068,0.0,EryP,MkP,0.9995419633107558,3.0,1,2,0.0004192263672398,6.360399955190765e-06,1.035353968104972e-08,0.9995419633107558,3.241544297012967e-05,2.412553917267413e-08,Mk_union,ITGA2B|GP1BA|PF4|PPBP,4.0,3.0,MkP,MkP,endpoint,endpoint_catalog
3444,3444,0.0,MkP,MkP,0.9995334572797496,3.0,1,2,1.29583537657812e-05,0.0004518692633564,4.5479808658946474e-10,0.9995334572797496,1.6714836232154646e-06,4.31647070825599e-08,Mk_union,ITGA2B|GP1BA|PF4|PPBP,4.0,3.0,MkP,MkP,endpoint,endpoint_catalog
2150,2150,0.0,EryP,MkP,0.9995330827324626,3.0,1,2,0.000188301077184,0.000223058519729,3.0407189548880685e-08,0.9995330827324626,5.525072104857141e-05,2.7654238629360225e-07,Mk_union,ITGA2B|GP1BA|PF4|PPBP,4.0,3.0,MkP,MkP,endpoint,endpoint_catalog
6091,6091,0.0,EryP,MkP,0.9995304780442806,3.0,1,2,0.0004618272964826,5.393599028244036e-06,4.533575600435861e-09,0.9995304780442806,2.2180715428850773e-06,7.845509002176916e-08,Mk_union,ITGA2B|GP1BA|PF4|PPBP,4.0,3.0,MkP,MkP,endpoint,endpoint_catalog
1002,1002,0.0,EryP,MkP,0.9995268513188637,3.0,1,2,0.0003334052357806,2.644458746495562e-05,1.701944901857977e-09,0.9995268513188637,0.0001131450071004,1.521488454615309e-07,Mk_union,ITGA2B|GP1BA|PF4|PPBP,4.0,3.0,MkP,MkP,endpoint,endpoint_catalog
5152,5152,0.0,EryP,MkP,0.9995198614344932,3.0,1,2,0.0004070777969731,7.128373464209553e-05,6.896802475346089e-10,0.9995198614344932,1.7450173587130824e-06,3.1326852480825114e-08,Mk_union,ITGA2B|GP1BA|PF4|PPBP,4.0,3.0,MkP,MkP,endpoint,endpoint_catalog
6702,6702,0.0,MkP,MkP,0.9995191455793924,3.0,1,2,0.0001581692869553,0.0003012506076652,8.847363445960314e-09,0.9995191455793924,2.124958259064016e-05,1.760960329643946e-07,Mk_union,ITGA2B|GP1BA|PF4|PPBP,4.0,3.0,MkP,MkP,endpoint,endpoint_catalog
5922,5922,0.0,EryP,MkP,0.9995139666139168,3.0,1,2,0.0004507539746222,3.1456141406753764e-05,6.035191740476413e-08,0.9995139666139168,3.6256909708585297e-06,1.3722716599982645e-07,Mk_union,ITGA2B|GP1BA|PF4|PPBP,4.0,3.0,MkP,MkP,endpoint,endpoint_catalog
7084,7084,0.0,EryP,MkP,0.9995085960633422,3.0,1,2,0.0003011569182842,4.6137036851639e-05,7.52497037419505e-10,0.9995085960633422,0.0001437155304121,3.936986128094826e-07,Mk_union,ITGA2B|GP1BA|PF4|PPBP,4.0,3.0,MkP,MkP,endpoint,endpoint_catalog
5037,5037,0.0,EryP,MkP,0.9995066591720784,3.0,1,2,0.000456538848624,3.0222676619151488e-05,1.558397414586554e-10,0.9995066591720784,6.481770898069e-06,9.737594041468502e-08,Mk_union,ITGA2B|GP1BA|PF4|PPBP,4.0,3.0,MkP,MkP,endpoint,endpoint_catalog
7007,7007,0.0,EryP,MkP,0.9994876364872703,3.0,1,2,0.0005077520097443,4.01972091134847e-06,1.8241584815843244e-08,0.9994876364872703,5.647179110601033e-07,8.82257795827447e-09,Mk_union,ITGA2B|GP1BA|PF4|PPBP,4.0,3.0,MkP,MkP,endpoint,endpoint_catalog
5890,5890,0.0,EryP,MkP,0.9994838780878432,3.0,1,2,0.0004131600549411,6.658115096741917e-05,3.313029312070486e-06,0.9994838780878432,3.241233225619434e-05,6.55344679921386e-07,Mk_union,ITGA2B|GP1BA|PF4|PPBP,4.0,3.0,MkP,MkP,endpoint,endpoint_catalog
6375,6375,0.0,EryP,MkP,0.999479649923668,3.0,1,2,0.0004884856456536,1.5642677884859974e-05,1.3405777445024817e-08,0.999479649923668,1.6150189334989747e-05,5.815768097660625e-08,Mk_union,ITGA2B|GP1BA|PF4|PPBP,4.0,3.0,MkP,MkP,endpoint,endpoint_catalog
2270,2270,0.0,EryP,MkP,0.999477759789425,3.0,1,2,0.0004146744069213,3.1269951738514484e-05,5.193298519283286e-06,0.999477759789425,7.043359680629347e-05,6.689565894983253e-07,Mk_union,ITGA2B|GP1BA|PF4|PPBP,4.0,3.0,MkP,MkP,endpoint,endpoint_catalog
5135,5135,0.0,EryP,MkP,0.9994759504978225,3.0,1,2,0.0001706761397676,0.0001803782527362,8.32877811542585e-08,0.9994759504978225,0.0001726215300497,2.9029184284152104e-07,Mk_union,ITGA2B|GP1BA|PF4|PPBP,4.0,3.0,MkP,MkP,endpoint,endpoint_catalog
5030,5030,0.0,EryP,MkP,0.9994513425973132,3.0,1,2,0.0005048422741397,2.684442718222776e-05,6.779482416633633e-09,0.9994513425973132,1.679684405116773e-05,1.6707783107699525e-07,Mk_union,ITGA2B|GP1BA|PF4|PPBP,4.0,3.0,MkP,MkP,endpoint,endpoint_catalog
3466,3466,0.0,EryP,MkP,0.9994365643251856,3.0,1,2,0.0005572126596632,6.176052239273557e-06,1.8853281990188474e-10,0.9994365643251856,3.9089188148227616e-08,7.685190802456038e-09,Mk_union,ITGA2B|GP1BA|PF4|PPBP,4.0,3.0,MkP,MkP,endpoint,endpoint_catalog
150,150,0.0,EryP,MkP,0.9994344412923262,3.0,1,2,0.0004407001961571,7.991379963797224e-05,2.636783889153369e-09,0.9994344412923262,4.4582870432151474e-05,3.592046627559899e-07,Mk_union,ITGA2B|GP1BA|PF4|PPBP,4.0,3.0,MkP,MkP,endpoint,endpoint_catalog
1268,1268,0.0,MkP,MkP,0.9994324739395584,3.0,1,2,0.000279204561942,0.0001008225261798,9.893004843496704e-06,0.9994324739395584,0.0001765504706458,1.0554968304848258e-06,Mk_union,ITGA2B|GP1BA|PF4|PPBP,4.0,3.0,MkP,MkP,endpoint,endpoint_catalog
919,919,0.0,EryP,MkP,0.9994269416342184,3.0,1,2,0.0005594189882135,1.272920576541776e-05,2.02259028321832e-08,0.9994269416342184,8.579126345293875e-07,3.2033265393952815e-08,Mk_union,ITGA2B|GP1BA|PF4|PPBP,4.0,3.0,MkP,MkP,endpoint,endpoint_catalog
6055,6055,0.0,EryP,MkP,0.9994255119193928,3.0,1,2,0.0002737612021418,0.0002682523500388,5.569297221563852e-09,0.9994255119193928,3.243806227336121e-05,3.089685581946168e-08,Mk_union,ITGA2B|GP1BA|PF4|PPBP,4.0,3.0,MkP,MkP,endpoint,endpoint_catalog
494,494,0.0,EryP,MkP,0.999419616425653,3.0,1,2,3.888589001702902e-05,0.0005353309368639,2.003304788158174e-09,0.999419616425653,6.05749369444966e-06,1.0725046668654365e-07,Mk_union,ITGA2B|GP1BA|PF4|PPBP,4.0,3.0,MkP,MkP,endpoint,endpoint_catalog
7887,7887,0.0,EryP,MkP,0.9994133982235164,3.0,1,2,0.0004236293470501,3.6169908706981656e-05,2.297225130801119e-09,0.9994133982235164,0.0001267222488307,7.79746707154198e-08,Mk_union,ITGA2B|GP1BA|PF4|PPBP,4.0,3.0,MkP,MkP,endpoint,endpoint_catalog
5380,5380,0.0,EryP,MkP,0.9993926928675896,3.0,1,2,0.0005711135331804,3.546070414988648e-05,2.6296466538382368e-11,0.9993926928675896,7.252855152486237e-07,7.583268462591859e-09,Mk_union,ITGA2B|GP1BA|PF4|PPBP,4.0,3.0,MkP,MkP,endpoint,endpoint_catalog
4176,4176,0.0,EryP,MkP,0.9993749089016224,3.0,1,2,0.0005041220042861,6.887222570974979e-05,8.295783329917099e-10,0.9993749089016224,5.1904173422189786e-05,1.91865381463416e-07,Mk_union,ITGA2B|GP1BA|PF4|PPBP,4.0,3.0,MkP,MkP,endpoint,endpoint_catalog
778,778,0.0,EryP,MkP,0.999368200655433,3.0,1,2,0.0005215712339681,5.8949697052079286e-05,4.066218687038913e-07,0.999368200655433,5.0829098914896894e-05,4.2692763230053934e-08,Mk_union,ITGA2B|GP1BA|PF4|PPBP,4.0,3.0,MkP,MkP,endpoint,endpoint_catalog
6185,6185,0.0,EryP,MkP,0.999362506908512,3.0,1,2,0.0006260787635724,8.104425582802102e-06,2.3173427328991963e-08,0.999362506908512,3.282959313372874e-06,3.7695918714337855e-09,Mk_union,ITGA2B|GP1BA|PF4|PPBP,4.0,3.0,MkP,MkP,endpoint,endpoint_catalog
7217,7217,0.0,EryP,MkP,0.9993608500315644,3.0,1,2,0.0005142935388147,3.855712599221277e-05,2.2947657825078503e-08,0.9993608500315644,8.62603365977062e-05,1.6019373428465805e-08,Mk_union,ITGA2B|GP1BA|PF4|PPBP,4.0,3.0,MkP,MkP,endpoint,endpoint_catalog
6336,6336,0.0,EryP,MkP,0.9993586457809474,3.0,1,2,0.0005732993098614,5.456955939681815e-05,9.22103215371022e-07,0.9993586457809474,1.2366247226483272e-05,1.969993523906381e-07,Mk_union,ITGA2B|GP1BA|PF4|PPBP,4.0,3.0,MkP,MkP,endpoint,endpoint_catalog
5288,5288,0.0,MkP,MkP,0.9993374410250913,3.0,1,2,3.738570444419694e-05,0.0004585551634492,1.1314637490997434e-08,0.9993374410250913,0.000166353246991,2.535453870580336e-07,Mk_union,ITGA2B|GP1BA|PF4|PPBP,4.0,3.0,MkP,MkP,endpoint,endpoint_catalog
2394,2394,0.0,EryP,MkP,0.9993184117412248,3.0,1,2,0.0006142366318968,3.67072945614942e-05,5.764520980687242e-10,0.9993184117412248,3.024293800231093e-05,4.008178625142961e-07,Mk_union,ITGA2B|GP1BA|PF4|PPBP,4.0,3.0,MkP,MkP,endpoint,endpoint_catalog
2275,2275,0.0,EryP,MkP,0.9993004455543372,3.0,1,2,0.0004765803123977,0.0001143403314511,1.1421978055709795e-09,0.9993004455543372,0.000108456298829,1.7636078737337545e-07,Mk_union,ITGA2B|GP1BA|PF4|PPBP,4.0,3.0,MkP,MkP,endpoint,endpoint_catalog
5908,5908,0.0,MkP,MkP,0.999298706235149,3.0,1,2,0.0004692622424424,0.0001851508236432,4.966387761654166e-07,0.999298706235149,4.551984931523461e-05,8.642106739515639e-07,Mk_union,ITGA2B|GP1BA|PF4|PPBP,4.0,3.0,MkP,MkP,endpoint,endpoint_catalog
6528,6528,0.0,EryP,MkP,0.9992591872414792,3.0,1,2,0.0007151750693568,1.512079637991526e-05,3.533312673350648e-09,0.9992591872414792,1.0403080005690426e-05,1.1027946549692876e-07,Mk_union,ITGA2B|GP1BA|PF4|PPBP,4.0,3.0,MkP,MkP,endpoint,endpoint_catalog
8350,8350,0.0,EryP,MkP,0.9992442957021926,3.0,1,2,0.0004375631215262,0.0001531514126989,2.1052122086596623e-08,0.9992442957021926,0.0001647284524316,2.4025902862401884e-07,Mk_union,ITGA2B|GP1BA|PF4|PPBP,4.0,3.0,MkP,MkP,endpoint,endpoint_catalog
4740,4740,0.0,MkP,MkP,0.9992426767844632,3.0,1,2,0.0007302149004492,2.4123744483208896e-05,6.945877506514192e-08,0.9992426767844632,2.8833646262626166e-06,3.1747203247560144e-08,Mk_union,ITGA2B|GP1BA|PF4|PPBP,4.0,3.0,MkP,MkP,endpoint,endpoint_catalog
1403,1403,0.0,EryP,MkP,0.999237818040463,3.0,1,2,0.0007057720382867,3.0910763450485834e-05,6.91364696846634e-10,0.999237818040463,2.5494146435019228e-05,4.319999931444976e-09,Mk_union,ITGA2B|GP1BA|PF4|PPBP,4.0,3.0,MkP,MkP,endpoint,endpoint_catalog
2426,2426,0.0,EryP,MkP,0.9992342571769092,3.0,1,2,0.0005995560729864,4.265475844952493e-05,4.785782071578145e-05,0.9992342571769092,7.382930968825989e-05,1.8448612509008824e-06,Mk_union,ITGA2B|GP1BA|PF4|PPBP,4.0,3.0,MkP,MkP,endpoint,endpoint_catalog
1447,1447,0.0,EryP,MkP,0.9992333653551716,3.0,1,2,0.0004039480471666,0.0001735207889248,1.551941175945158e-07,0.9992333653551716,0.0001888296376769,1.809769424290348e-07,Mk_union,ITGA2B|GP1BA|PF4|PPBP,4.0,3.0,MkP,MkP,endpoint,endpoint_catalog
5344,5344,0.0,MkP,MkP,0.9992295989117822,3.0,1,2,0.0002424722875793,0.0003620007486844,2.22799275175056e-06,0.9992295989117822,0.0001633407849307,3.5927427173040656e-07,Mk_union,ITGA2B|GP1BA|PF4|PPBP,4.0,3.0,MkP,MkP,endpoint,endpoint_catalog
7268,7268,0.0,EryP,MkP,0.9992257005052918,3.0,1,2,0.0005957290439857,9.149944350118153e-05,1.816571296109311e-07,0.9992257005052918,8.682450447151497e-05,6.4845620084364e-08,Mk_union,ITGA2B|GP1BA|PF4|PPBP,4.0,3.0,MkP,MkP,endpoint,endpoint_catalog
4038,4038,0.0,EryP,MkP,0.9992177462020112,3.0,1,2,0.0006947470300604,8.172127123630249e-05,3.298612582119997e-10,0.9992177462020112,5.764114983230787e-06,2.105184733906668e-08,Mk_union,ITGA2B|GP1BA|PF4|PPBP,4.0,3.0,MkP,MkP,endpoint,endpoint_catalog
4185,4185,0.0,MkP,MkP,0.9992059064564308,3.0,1,2,0.0003255683723352,0.0002946710057718,4.435805269419235e-08,0.9992059064564308,0.0001736527723264,1.570350828618744e-07,Mk_union,ITGA2B|GP1BA|PF4|PPBP,4.0,3.0,MkP,MkP,endpoint,endpoint_catalog
348,348,0.0,EryP,MkP,0.9992042420339136,3.0,1,2,0.0007826899086129,8.953609693486246e-06,1.6156551844501742e-06,0.9992042420339136,2.430727760512668e-06,6.806483507062017e-08,Mk_union,ITGA2B|GP1BA|PF4|PPBP,4.0,3.0,MkP,MkP,endpoint,endpoint_catalog
3619,3619,0.0,EryP,MkP,0.9992026721579272,3.0,1,2,0.0006625691599642,0.0001317978199233,1.5432474247089858e-08,0.9992026721579272,2.6823475347278486e-06,2.630821761940544e-07,Mk_union,ITGA2B|GP1BA|PF4|PPBP,4.0,3.0,MkP,MkP,endpoint,endpoint_catalog
6163,6163,0.0,EryP,MkP,0.9992006888388332,3.0,1,2,0.0007763217979836,1.5560145034360698e-05,7.667623172987772e-10,0.9992006888388332,7.401308483136637e-06,2.71429033962152e-08,Mk_union,ITGA2B|GP1BA|PF4|PPBP,4.0,3.0,MkP,MkP,endpoint,endpoint_catalog
1524,1524,0.0,EryP,MkP,0.9991923451835364,3.0,1,2,0.0007739170379536,3.3376596305334626e-05,1.1892266581428172e-09,0.9991923451835364,3.275153108593927e-07,3.2477667152436315e-08,Mk_union,ITGA2B|GP1BA|PF4|PPBP,4.0,3.0,MkP,MkP,endpoint,endpoint_catalog
6294,6294,0.0,EryP,MkP,0.9991818427614524,3.0,1,2,0.0001309777792507,0.0006703195611805,6.562784546625502e-09,0.9991818427614524,1.6751179796115644e-05,1.0215553588041925e-07,Mk_union,ITGA2B|GP1BA|PF4|PPBP,4.0,3.0,MkP,MkP,endpoint,endpoint_catalog
5989,5989,0.0,EryP,MkP,0.9991817216014502,3.0,1,2,0.000813329932443,1.8369785645344167e-06,3.17488987089093e-07,0.9991817216014502,2.791880845529402e-06,2.1177095554275704e-09,Mk_union,ITGA2B|GP1BA|PF4|PPBP,4.0,3.0,MkP,MkP,endpoint,endpoint_catalog
7434,7434,0.0,EryP,MkP,0.9991687778496768,3.0,1,2,0.0007537789642184,4.930999700417612e-05,4.0013342447283813e-08,0.9991687778496768,2.7914736169946564e-05,1.784395882589852e-07,Mk_union,ITGA2B|GP1BA|PF4|PPBP,4.0,3.0,MkP,MkP,endpoint,endpoint_catalog
3642,3642,0.0,MkP,MkP,0.999159214246071,3.0,1,2,0.0008349183861438,5.859303841315234e-06,3.8571526215641886e-11,0.999159214246071,7.304383575285812e-09,7.20988644226703e-10,Mk_union,ITGA2B|GP1BA|PF4|PPBP,4.0,3.0,MkP,MkP,endpoint,endpoint_catalog
7993,7993,0.0,EryP,MkP,0.9991579681205812,3.0,1,2,0.0002862149842804,2.291477149895044e-05,0.0003985991943029,0.9991579681205812,0.0001340332530193,2.696763170804616e-07,Mk_union,ITGA2B|GP1BA|PF4|PPBP,4.0,3.0,MkP,MkP,endpoint,endpoint_catalog
886,886,0.0,EryP,MkP,0.9991519335387408,3.0,1,2,0.0008366951462787,9.257053777407892e-06,1.2981762896918365e-07,0.9991519335387408,1.9286216214289786e-06,5.582195263791176e-08,Mk_union,ITGA2B|GP1BA|PF4|PPBP,4.0,3.0,MkP,MkP,endpoint,endpoint_catalog
5324,5324,0.0,MkP,MkP,0.9991513139432784,3.0,1,2,2.826992778333036e-05,0.0007693369520123,4.065681197612677e-07,0.9991513139432784,5.026446552221312e-05,4.0814328403015337e-07,Mk_union,ITGA2B|GP1BA|PF4|PPBP,4.0,3.0,MkP,MkP,endpoint,endpoint_catalog
219,219,0.0,EryP,MkP,0.9991488439378556,3.0,1,2,0.0006752532469582,0.0001743097670545,7.084827275875996e-10,0.9991488439378556,1.0944379660056285e-06,4.979016825895959e-07,Mk_union,ITGA2B|GP1BA|PF4|PPBP,4.0,3.0,MkP,MkP,endpoint,endpoint_catalog
4981,4981,0.0,MkP,MkP,0.9991397428553016,3.0,1,2,0.0001447227190815,0.0006315143811986,1.213140859704759e-06,0.9991397428553016,8.105946061697159e-05,1.7474429416132114e-06,Mk_union,ITGA2B|GP1BA|PF4|PPBP,4.0,3.0,MkP,MkP,endpoint,endpoint_catalog
7052,7052,0.0,MkP,MkP,0.9991305161463824,3.0,1,2,0.0005914870173626,0.0002440102120626,2.8481338743613154e-10,0.9991305161463824,3.3881279690798147e-05,1.050596879159787e-07,Mk_union,ITGA2B|GP1BA|PF4|PPBP,4.0,3.0,MkP,MkP,endpoint,endpoint_catalog
306,306,0.0,MkP,MkP,0.9991269404934348,3.0,1,2,0.0007894930473466,1.2905856287036338e-05,1.913731581025719e-06,0.9991269404934348,6.872629782115857e-05,2.0573529225589496e-08,Mk_union,ITGA2B|GP1BA|PF4|PPBP,4.0,3.0,MkP,MkP,endpoint,endpoint_catalog
2980,2980,0.0,EryP,MkP,0.9991188871039816,3.0,1,2,0.0005791502179049,4.532639331704396e-05,1.6967322799433798e-08,0.9991188871039816,0.000256500977709,1.18339764831489e-07,Mk_union,ITGA2B|GP1BA|PF4|PPBP,4.0,3.0,MkP,MkP,endpoint,endpoint_catalog
4132,4132,0.0,EryP,MkP,0.999098338349191,3.0,1,2,0.0007161730127224,9.990318005996154e-05,1.7803139544634549e-07,0.999098338349191,8.518893478579864e-05,2.1849184524287493e-07,Mk_union,ITGA2B|GP1BA|PF4|PPBP,4.0,3.0,MkP,MkP,endpoint,endpoint_catalog
1116,1116,0.0,MkP,MkP,0.9990961365931996,3.0,1,2,0.0001124968500191,0.0005104532195574,2.1979826475743965e-07,0.9990961365931996,0.0002801105295944,5.830093645162036e-07,Mk_union,ITGA2B|GP1BA|PF4|PPBP,4.0,3.0,MkP,MkP,endpoint,endpoint_catalog
3862,3862,0.0,EryP,MkP,0.999092471768771,3.0,1,2,0.0008871713029738,3.7534351841643927e-06,1.8106140649438288e-08,0.999092471768771,1.6546230494879013e-05,3.915643534813431e-08,Mk_union,ITGA2B|GP1BA|PF4|PPBP,4.0,3.0,MkP,MkP,endpoint,endpoint_catalog
5343,5343,0.0,EryP,MkP,0.9990880707229832,3.0,1,2,0.0004596066769363,7.535810861523931e-05,5.368020476586024e-06,0.9990880707229832,0.0003706653501952,9.311207933561948e-07,Mk_union,ITGA2B|GP1BA|PF4|PPBP,4.0,3.0,MkP,MkP,endpoint,endpoint_catalog
3768,3768,0.0,EryP,MkP,0.9990876455782988,3.0,1,2,0.0008998166383518,9.85306981110614e-06,1.7378929574523013e-08,0.9990876455782988,2.655563187640629e-06,1.1771421180069373e-08,Mk_union,ITGA2B|GP1BA|PF4|PPBP,4.0,3.0,MkP,MkP,endpoint,endpoint_catalog
7986,7986,0.0,EryP,MkP,0.999075837969114,3.0,1,2,0.0008093658627687,1.139187618438648e-05,1.8862641912094974e-08,0.999075837969114,0.0001033723830329,1.3046257808938662e-08,Mk_union,ITGA2B|GP1BA|PF4|PPBP,4.0,3.0,MkP,MkP,endpoint,endpoint_catalog
6961,6961,0.0,MkP,MkP,0.99907384020089,3.0,1,2,0.0007532103035743,4.8958640507918847e-05,1.78429489101775e-07,0.99907384020089,0.0001237465677793,6.585775903722468e-08,Mk_union,ITGA2B|GP1BA|PF4|PPBP,4.0,3.0,MkP,MkP,endpoint,endpoint_catalog
4189,4189,0.0,EryP,MkP,0.99907264692322,3.0,1,2,0.0008778704776846,1.3975505183536214e-05,2.1950139573427322e-08,0.99907264692322,3.540833790738146e-05,7.68058648346376e-08,Mk_union,ITGA2B|GP1BA|PF4|PPBP,4.0,3.0,MkP,MkP,endpoint,endpoint_catalog
383,383,0.0,EryP,MkP,0.9990588868076394,3.0,1,2,0.0002431718532722,0.00052555887653,6.014969177620902e-09,0.9990588868076394,0.000172128570177,2.4787741208731565e-07,Mk_union,ITGA2B|GP1BA|PF4|PPBP,4.0,3.0,MkP,MkP,endpoint,endpoint_catalog
45,45,0.0,EryP,MkP,0.9990536095567608,3.0,1,2,0.0009440944761739,9.78155014211883e-07,7.538606649857035e-10,0.9990536095567608,1.3130437154262848e-06,4.014474889166708e-09,Mk_union,ITGA2B|GP1BA|PF4|PPBP,4.0,3.0,MkP,MkP,endpoint,endpoint_catalog
316,316,0.0,EryP,MkP,0.9990391547542764,3.0,1,2,0.0009018465875999,7.304625496301123e-06,2.1575907370648305e-11,0.9990391547542764,5.160712404142874e-05,8.688701006124548e-08,Mk_union,ITGA2B|GP1BA|PF4|PPBP,4.0,3.0,MkP,MkP,endpoint,endpoint_catalog
3078,3078,0.0,EryP,MkP,0.9990313349193592,3.0,1,2,0.0009608263392347,7.694407519133704e-06,5.396786524803905e-10,0.9990313349193592,1.426993399673342e-07,1.0948683423608988e-09,Mk_union,ITGA2B|GP1BA|PF4|PPBP,4.0,3.0,MkP,MkP,endpoint,endpoint_catalog
5855,5855,0.0,EryP,MkP,0.9990288273099558,3.0,1,2,0.0008774830368066,1.848510116135857e-05,1.1375563604592237e-07,0.9990288273099558,7.402130625782048e-05,1.0694901824763714e-06,Mk_union,ITGA2B|GP1BA|PF4|PPBP,4.0,3.0,MkP,MkP,endpoint,endpoint_catalog
5105,5105,0.0,EryP,MkP,0.9990239071209692,3.0,1,2,0.0007927347186963,0.0001760940337788,6.68125693067257e-10,0.9990239071209692,7.251243715231812e-06,1.2214714630446393e-08,Mk_union,ITGA2B|GP1BA|PF4|PPBP,4.0,3.0,MkP,MkP,endpoint,endpoint_catalog
7521,7521,0.0,EryP,MkP,0.9990117231497796,3.0,1,2,0.0009140422658408,5.151576144871181e-05,3.391398245814105e-07,0.9990117231497796,2.2323919940290817e-05,5.576316588572411e-08,Mk_union,ITGA2B|GP1BA|PF4|PPBP,4.0,3.0,MkP,MkP,endpoint,endpoint_catalog
4520,4520,0.0,EryP,MkP,0.9989966457406362,3.0,1,2,0.0008952981089448,5.72456012023286e-05,3.4627353773214475e-06,0.9989966457406362,4.6817209900550136e-05,5.306039386509836e-07,Mk_union,ITGA2B|GP1BA|PF4|PPBP,4.0,3.0,MkP,MkP,endpoint,endpoint_catalog
417,417,0.0,EryP,MkP,0.9989949147445152,3.0,1,2,0.0006762863509925,3.80481355023173e-06,5.845847928193149e-07,0.9989949147445152,0.0003243864966819,2.3009467152087013e-08,Mk_union,ITGA2B|GP1BA|PF4|PPBP,4.0,3.0,MkP,MkP,endpoint,endpoint_catalog
2763,2763,0.0,EryP,MkP,0.998994326512716,3.0,1,2,0.000826496733722,6.338691860385026e-05,4.455913528182431e-06,0.998994326512716,0.0001107098618761,6.240595538357836e-07,Mk_union,ITGA2B|GP1BA|PF4|PPBP,4.0,3.0,MkP,MkP,endpoint,endpoint_catalog
5066,5066,0.0,EryP,MkP,0.9989852079860264,3.0,1,2,0.0006968387046734,0.0002761237042179,1.1117365514032895e-06,0.9989852079860264,4.0644298868935255e-05,7.356966196444687e-08,Mk_union,ITGA2B|GP1BA|PF4|PPBP,4.0,3.0,MkP,MkP,endpoint,endpoint_catalog
7171,7171,0.0,MkP,MkP,0.9989840249854812,3.0,1,2,0.0007337719959249,7.316426090068858e-05,2.7451996965617724e-08,0.9989840249854812,0.0002087891811958,2.2212450056615338e-07,Mk_union,ITGA2B|GP1BA|PF4|PPBP,4.0,3.0,MkP,MkP,endpoint,endpoint_catalog
880,880,0.0,EryP,MkP,0.9989796879118588,3.0,1,2,0.0009397708353674,2.7189732955307745e-06,1.094643416070485e-07,0.9989796879118588,7.767265456971413e-05,4.016056689021954e-08,Mk_union,ITGA2B|GP1BA|PF4|PPBP,4.0,3.0,MkP,MkP,endpoint,endpoint_catalog
802,802,0.0,EryP,MkP,0.9989651669196518,3.0,1,2,0.0010312636080343,2.836918056704926e-06,1.2175437092408359e-09,0.9989651669196518,6.918570086023838e-07,3.947970490930562e-08,Mk_union,ITGA2B|GP1BA|PF4|PPBP,4.0,3.0,MkP,MkP,endpoint,endpoint_catalog
1001,1001,0.0,EryP,MkP,0.9989629423011532,3.0,1,2,0.0008268304861544,0.0001051983769393,1.931289110381984e-07,0.9989629423011532,0.0001047832969965,5.240984507888317e-08,Mk_union,ITGA2B|GP1BA|PF4|PPBP,4.0,3.0,MkP,MkP,endpoint,endpoint_catalog
4388,4388,0.0,EryP,MkP,0.998956871536052,3.0,1,2,0.0006175442177631,4.927434574726088e-05,9.981632157650744e-08,0.998956871536052,0.0003746083868706,1.6016972452651072e-06,Mk_union,ITGA2B|GP1BA|PF4|PPBP,4.0,3.0,MkP,MkP,endpoint,endpoint_catalog
6313,6313,0.0,MkP,MkP,0.998952460579794,3.0,1,2,0.0001508989394553,0.0005020276690563,1.9874463730037962e-07,0.998952460579794,0.0003937206343781,6.934326787683338e-07,Mk_union,ITGA2B|GP1BA|PF4|PPBP,4.0,3.0,MkP,MkP,endpoint,endpoint_catalog
5089,5089,0.0,EryP,MkP,0.998940950502558,3.0,1,2,0.0009286114607586,5.0475436372452496e-05,8.18628221074281e-08,0.998940950502558,7.979021958956521e-05,9.051789924478573e-08,Mk_union,ITGA2B|GP1BA|PF4|PPBP,4.0,3.0,MkP,MkP,endpoint,endpoint_catalog
2651,2651,0.0,EryP,MkP,0.99893942982375,3.0,1,2,0.00096338239369,7.83395478429838e-05,6.285044860121029e-09,0.99893942982375,1.872207421047765e-05,1.198754615669786e-07,Mk_union,ITGA2B|GP1BA|PF4|PPBP,4.0,3.0,MkP,MkP,endpoint,endpoint_catalog
484,484,0.0,EryP,MkP,0.9989379398226558,3.0,1,2,0.0010256092754815,1.1462180160536668e-05,2.8398236314932448e-08,0.9989379398226558,2.484366990970201e-05,1.166535561812121e-07,Mk_union,ITGA2B|GP1BA|PF4|PPBP,4.0,3.0,MkP,MkP,endpoint,endpoint_catalog
3422,3422,0.0,EryP,MkP,0.9989086966100316,3.0,1,2,0.0010410419377975,2.332430918142705e-05,6.16381017074106e-11,0.9989086966100316,2.6911340996607257e-05,2.5740354513532893e-08,Mk_union,ITGA2B|GP1BA|PF4|PPBP,4.0,3.0,MkP,MkP,endpoint,endpoint_catalog
2984,2984,0.0,MkP,MkP,0.9989037721949204,3.0,1,2,0.000380815137355,0.000601156584974,9.081945286578984e-07,0.9989037721949204,0.0001123579094098,9.899788119897755e-07,Mk_union,ITGA2B|GP1BA|PF4|PPBP,4.0,3.0,MkP,MkP,endpoint,endpoint_catalog
1712,1712,0.0,EryP,MkP,0.9989035468639688,3.0,1,2,0.0010684137861435,1.2440150207081311e-06,3.1805240722162363e-09,0.9989035468639688,2.677868896096622e-05,1.3465381819279402e-08,Mk_union,ITGA2B|GP1BA|PF4|PPBP,4.0,3.0,MkP,MkP,endpoint,endpoint_catalog
1992,1992,0.0,EryP,MkP,0.9989021335322044,3.0,1,2,0.0010693862735177,1.758294185768506e-05,2.397988849024528e-06,0.9989021335322044,8.4211354668747e-06,7.812810414051615e-08,Mk_union,ITGA2B|GP1BA|PF4|PPBP,4.0,3.0,MkP,MkP,endpoint,endpoint_catalog
7862,7862,0.0,MkP,MkP,0.9989017964489229,3.0,1,2,0.0006276641266057,0.0003297336906903,1.0091528606706905e-05,0.9989017964489229,0.0001289441303597,1.7700748147595756e-06,Mk_union,ITGA2B|GP1BA|PF4|PPBP,4.0,3.0,MkP,MkP,endpoint,endpoint_catalog
3266,3266,0.0,EryP,MkP,0.9989000167746211,3.0,1,2,0.0010916983387786,2.949195921208899e-06,1.571248966515806e-09,0.9989000167746211,5.312337048614561e-06,2.17823813749886e-08,Mk_union,ITGA2B|GP1BA|PF4|PPBP,4.0,3.0,MkP,MkP,endpoint,endpoint_catalog
4973,4973,0.0,MkP,MkP,0.9988746600411588,3.0,1,2,0.0004624633862992,0.0002538710218528,7.134930867171283e-07,0.9988746600411588,0.0004076016140112,6.904435909763678e-07,Mk_union,ITGA2B|GP1BA|PF4|PPBP,4.0,3.0,MkP,MkP,endpoint,endpoint_catalog
2288,2288,0.0,EryP,MkP,0.9988611813215202,3.0,1,2,0.0011318641737721,2.5997089180114627e-06,4.649481733344201e-09,0.9988611813215202,4.200583499151646e-06,1.4956280872942318e-07,Mk_union,ITGA2B|GP1BA|PF4|PPBP,4.0,3.0,MkP,MkP,endpoint,endpoint_catalog
8216,8216,0.0,EryP,MkP,0.9988574664895916,3.0,1,2,0.0010219114591686,5.4758475998143983e-05,9.422169451595244e-07,0.9988574664895916,6.485514994255692e-05,6.620835371171258e-08,Mk_union,ITGA2B|GP1BA|PF4|PPBP,4.0,3.0,MkP,MkP,endpoint,endpoint_catalog
1699,1699,0.0,MkP,MkP,0.998835877600931,3.0,1,2,0.0011011512049875,5.320770602752125e-05,3.229035676688232e-08,0.998835877600931,9.575824509200558e-06,1.55373188034255e-07,Mk_union,ITGA2B|GP1BA|PF4|PPBP,4.0,3.0,MkP,MkP,endpoint,endpoint_catalog
6959,6959,0.0,EryP,MkP,0.9988335979346812,3.0,1,2,0.0005897906172596,0.0004838535466773,1.220405413925759e-07,0.9988335979346812,9.22661690914946e-05,3.696917490257497e-07,Mk_union,ITGA2B|GP1BA|PF4|PPBP,4.0,3.0,MkP,MkP,endpoint,endpoint_catalog
3704,3704,0.0,MkP,MkP,0.9988318899328692,3.0,1,2,0.0002684902411986,0.0006960802007294,6.341300187962274e-08,0.9988318899328692,0.0002033223900469,1.5382215400925856e-07,Mk_union,ITGA2B|GP1BA|PF4|PPBP,4.0,3.0,MkP,MkP,endpoint,endpoint_catalog
4878,4878,0.0,EryP,MkP,0.9988177978926632,3.0,1,2,0.0009536942341344,0.0001697789053973,2.1182394672227245e-07,0.9988177978926632,5.812309599761386e-05,3.940478604790898e-07,Mk_union,ITGA2B|GP1BA|PF4|PPBP,4.0,3.0,MkP,MkP,endpoint,endpoint_catalog
7958,7958,0.0,MkP,MkP,0.9988165468388897,3.0,1,2,0.0009010069443253,9.802003762673253e-05,6.017972669894917e-09,0.9988165468388897,0.0001840634642056,3.566969796774103e-07,Mk_union,ITGA2B|GP1BA|PF4|PPBP,4.0,3.0,MkP,MkP,endpoint,endpoint_catalog
3303,3303,0.0,EryP,MkP,0.998798593419436,3.0,1,2,0.0008605573097823,0.0003094619973328,2.662272718153124e-09,0.998798593419436,3.1106719684541335e-05,2.778914913632383e-07,Mk_union,ITGA2B|GP1BA|PF4|PPBP,4.0,3.0,MkP,MkP,endpoint,endpoint_catalog
3739,3739,0.0,EryP,MkP,0.9987931694025496,3.0,1,2,0.0010873835904619,4.0723958390738816e-05,3.298113172758945e-08,0.9987931694025496,7.860722223615671e-05,8.28452296786526e-08,Mk_union,ITGA2B|GP1BA|PF4|PPBP,4.0,3.0,MkP,MkP,endpoint,endpoint_catalog
1732,1732,0.0,EryP,MkP,0.9987807043681076,3.0,1,2,0.0008863861677766,0.0002639985999499,3.387641229908908e-06,0.9987807043681076,6.415035462317218e-05,1.3728683128736934e-06,Mk_union,ITGA2B|GP1BA|PF4|PPBP,4.0,3.0,MkP,MkP,endpoint,endpoint_catalog
153,153,0.0,EryP,MkP,0.9987721129377628,3.0,1,2,0.001201397867443,2.0510365696449565e-05,1.6233635499258459e-10,0.9987721129377628,5.956589664639142e-06,2.207709662327847e-08,Mk_union,ITGA2B|GP1BA|PF4|PPBP,4.0,3.0,MkP,MkP,endpoint,endpoint_catalog
3943,3943,0.0,EryP,MkP,0.9987569205961346,3.0,1,2,0.0011015413615139,4.874872684533509e-05,6.209714633694595e-08,0.9987569205961346,9.255312151599454e-05,1.740968439384737e-07,Mk_union,ITGA2B|GP1BA|PF4|PPBP,4.0,3.0,MkP,MkP,endpoint,endpoint_catalog
6954,6954,0.0,EryP,MkP,0.9987565548116756,3.0,1,2,0.001169262817586,2.014234738537521e-05,6.177217233929474e-06,0.9987565548116756,4.779092511224896e-05,7.18810071133892e-08,Mk_union,ITGA2B|GP1BA|PF4|PPBP,4.0,3.0,MkP,MkP,endpoint,endpoint_catalog
3653,3653,0.0,EryP,MkP,0.9987494972299836,3.0,1,2,0.0012196319624107,2.1680284760190853e-05,4.3549226189526976e-11,0.9987494972299836,9.127470874024648e-06,6.300842229660044e-08,Mk_union,ITGA2B|GP1BA|PF4|PPBP,4.0,3.0,MkP,MkP,endpoint,endpoint_catalog
7576,7576,0.0,EryP,MkP,0.9987387668318995,3.0,1,2,0.0011795659869497,5.032236941521573e-05,1.201457978873539e-08,0.9987387668318995,3.1280634311409284e-05,5.2162844067871895e-08,Mk_union,ITGA2B|GP1BA|PF4|PPBP,4.0,3.0,MkP,MkP,endpoint,endpoint_catalog
5909,5909,0.0,MkP,MkP,0.9987387381425874,3.0,1,2,0.0009959424939175,4.16390865115296e-05,1.052344300275462e-06,0.9987387381425874,0.0002221846376823,4.432950009152148e-07,Mk_union,ITGA2B|GP1BA|PF4|PPBP,4.0,3.0,MkP,MkP,endpoint,endpoint_catalog
7252,7252,0.0,EryP,MkP,0.9987344236106882,3.0,1,2,0.0010125559809128,0.0001817445970268,1.0542170488084531e-09,0.9987344236106882,7.123431523151521e-05,4.0441923635860094e-08,Mk_union,ITGA2B|GP1BA|PF4|PPBP,4.0,3.0,MkP,MkP,endpoint,endpoint_catalog
1543,1543,0.0,EryP,MkP,0.9987185576110448,3.0,1,2,0.001019563468216,5.795694868672214e-05,4.676975420369541e-11,0.9987185576110448,0.0002038253984683,9.652681463362388e-08,Mk_union,ITGA2B|GP1BA|PF4|PPBP,4.0,3.0,MkP,MkP,endpoint,endpoint_catalog
1207,1207,0.0,EryP,MkP,0.998717375924794,3.0,1,2,0.0006877498426531,0.0004219637553042,8.68228704459881e-08,0.998717375924794,0.0001727476503417,7.600403654712736e-08,Mk_union,ITGA2B|GP1BA|PF4|PPBP,4.0,3.0,MkP,MkP,endpoint,endpoint_catalog
3018,3018,0.0,EryP,MkP,0.9987025284888614,3.0,1,2,0.0011915237055288,5.0102286373483326e-05,3.883831661561112e-09,0.9987025284888614,5.490331602413232e-05,9.383193804962688e-07,Mk_union,ITGA2B|GP1BA|PF4|PPBP,4.0,3.0,MkP,MkP,endpoint,endpoint_catalog
8020,8020,0.0,EryP,MkP,0.998699133230322,3.0,1,2,0.001224474632507,5.587107592779723e-05,3.7651407062608003e-07,0.998699133230322,2.005988683618153e-05,8.466033604635686e-08,Mk_union,ITGA2B|GP1BA|PF4|PPBP,4.0,3.0,MkP,MkP,endpoint,endpoint_catalog
8157,8157,0.0,EryP,MkP,0.9986728831904368,3.0,1,2,0.0012992418736212,1.6485861188100692e-05,8.470372477278547e-07,0.9986728831904368,1.049356242120254e-05,4.847508490848777e-08,Mk_union,ITGA2B|GP1BA|PF4|PPBP,4.0,3.0,MkP,MkP,endpoint,endpoint_catalog
3571,3571,0.0,EryP,MkP,0.9986633349975094,3.0,1,2,0.0012598622083331,2.017267926080527e-05,1.4440756009880382e-06,0.9986633349975094,5.512632844620876e-05,5.971084949781339e-08,Mk_union,ITGA2B|GP1BA|PF4|PPBP,4.0,3.0,MkP,MkP,endpoint,endpoint_catalog
6895,6895,0.0,EryP,MkP,0.9986630065543296,3.0,1,2,0.001320153186927,7.087389980239571e-06,1.0254517392841609e-08,0.9986630065543296,9.642577100790782e-06,1.0003714524442829e-07,Mk_union,ITGA2B|GP1BA|PF4|PPBP,4.0,3.0,MkP,MkP,endpoint,endpoint_catalog
398,398,0.0,EryP,MkP,0.9986607159066628,3.0,1,2,0.0012478372223181,3.535091221349528e-05,8.490885063674176e-07,0.9986607159066628,5.51883034448598e-05,5.856685421683628e-08,Mk_union,ITGA2B|GP1BA|PF4|PPBP,4.0,3.0,MkP,MkP,endpoint,endpoint_catalog
1791,1791,0.0,EryP,MkP,0.9986370595792248,3.0,1,2,0.0013088368523543,3.812027626249289e-05,1.7062682810731143e-06,0.9986370595792248,1.4108716720381448e-05,1.6830715700303173e-07,Mk_union,ITGA2B|GP1BA|PF4|PPBP,4.0,3.0,MkP,MkP,endpoint,endpoint_catalog
645,645,0.0,MkP,MkP,0.9986336285349524,3.0,1,2,0.0004161385251083,0.0005105213962976,0.0001949707945501,0.9986336285349524,0.0002417523355802,2.9884135110217866e-06,Mk_union,ITGA2B|GP1BA|PF4|PPBP,4.0,3.0,MkP,MkP,endpoint,endpoint_catalog
4227,4227,0.0,EryP,MkP,0.9986198787916832,3.0,1,2,0.0013059789177134,7.142986984047457e-05,3.817066872641748e-10,0.9986198787916832,2.6048485505768063e-06,1.0719050554534005e-07,Mk_union,ITGA2B|GP1BA|PF4|PPBP,4.0,3.0,MkP,MkP,endpoint,endpoint_catalog
3991,3991,0.0,EryP,MkP,0.998595893481055,3.0,1,2,0.0013220357685243,8.006989229823532e-06,5.861002738839667e-10,0.998595893481055,7.365914274468431e-05,4.040323458006252e-07,Mk_union,ITGA2B|GP1BA|PF4|PPBP,4.0,3.0,MkP,MkP,endpoint,endpoint_catalog
5129,5129,0.0,EryP,MkP,0.998573051538723,3.0,1,2,0.0012963777773883,0.0001175794835787,6.22135642263952e-08,0.998573051538723,1.2874215300168187e-05,5.477144555670717e-08,Mk_union,ITGA2B|GP1BA|PF4|PPBP,4.0,3.0,MkP,MkP,endpoint,endpoint_catalog
4006,4006,0.0,EryP,MkP,0.9985591998575768,3.0,1,2,0.0012132535583776,9.921636303788108e-05,6.647815371153145e-08,0.9985591998575768,0.0001275992121408,6.645307129687912e-07,Mk_union,ITGA2B|GP1BA|PF4|PPBP,4.0,3.0,MkP,MkP,endpoint,endpoint_catalog
8298,8298,0.0,EryP,MkP,0.9985405092969944,3.0,1,2,0.0012585784924451,9.32648397338556e-05,7.560662158436648e-08,0.9985405092969944,0.0001075338421221,3.7922082802855785e-08,Mk_union,ITGA2B|GP1BA|PF4|PPBP,4.0,3.0,MkP,MkP,endpoint,endpoint_catalog
2576,2576,0.0,EryP,MkP,0.998505198251695,3.0,1,2,0.0007643473302459,0.0002239314633312,1.29465919149529e-07,0.998505198251695,0.0005028292002748,3.564288533575431e-06,Mk_union,ITGA2B|GP1BA|PF4|PPBP,4.0,3.0,MkP,MkP,endpoint,endpoint_catalog
4394,4394,0.0,EryP,MkP,0.998471668793234,3.0,1,2,0.0007877404657481,0.0001939697014628,5.7261930290998974e-08,0.998471668793234,0.0005463381798034,2.255978214647564e-07,Mk_union,ITGA2B|GP1BA|PF4|PPBP,4.0,3.0,MkP,MkP,endpoint,endpoint_catalog
3464,3464,0.0,EryP,MkP,0.9984655835309374,3.0,1,2,0.0015251661162474,6.3594717825520615e-06,6.479346853814014e-10,0.9984655835309374,2.8298177300849105e-06,6.041536767432766e-08,Mk_union,ITGA2B|GP1BA|PF4|PPBP,4.0,3.0,MkP,MkP,endpoint,endpoint_catalog
2737,2737,0.0,EryP,MkP,0.9984602593146958,3.0,1,2,0.0014823445744956,2.4886347841946136e-05,1.90752409568847e-09,0.9984602593146958,3.2203170981000134e-05,3.046844612392739e-07,Mk_union,ITGA2B|GP1BA|PF4|PPBP,4.0,3.0,MkP,MkP,endpoint,endpoint_catalog
5663,5663,0.0,EryP,MkP,0.99844579175583,3.0,1,2,0.0012513749205763,5.048622231870388e-05,5.775683732970235e-06,0.99844579175583,0.0002456036162334,9.678013087236126e-07,Mk_union,ITGA2B|GP1BA|PF4|PPBP,4.0,3.0,MkP,MkP,endpoint,endpoint_catalog
2708,2708,0.0,EryP,MkP,0.998435389912804,3.0,1,2,0.0014485714249993,9.345224517788468e-05,8.729222447207785e-10,0.998435389912804,2.252067122862593e-05,6.487286781516322e-08,Mk_union,ITGA2B|GP1BA|PF4|PPBP,4.0,3.0,MkP,MkP,endpoint,endpoint_catalog
3320,3320,0.0,EryP,MkP,0.99842113646132,3.0,1,2,0.0014415576653871,4.7078943574937625e-05,8.907895749745623e-08,0.99842113646132,8.960723193749116e-05,5.306188227781426e-07,Mk_union,ITGA2B|GP1BA|PF4|PPBP,4.0,3.0,MkP,MkP,endpoint,endpoint_catalog
8332,8332,0.0,MkP,MkP,0.9984198249619096,3.0,1,2,4.631430804770051e-05,0.001471907185838,2.128026913678629e-07,0.9984198249619096,5.519148752928165e-05,6.549253984133859e-06,Mk_union,ITGA2B|GP1BA|PF4|PPBP,4.0,3.0,MkP,MkP,endpoint,endpoint_catalog
1088,1088,0.0,EryP,MkP,0.9984066329244606,3.0,1,2,0.0014996419613794,7.464096583934014e-05,4.5844304737544694e-07,0.9984066329244606,1.4788774051099143e-05,3.836931222138743e-06,Mk_union,ITGA2B|GP1BA|PF4|PPBP,4.0,3.0,MkP,MkP,endpoint,endpoint_catalog
2997,2997,0.0,EryP,MkP,0.998400405749248,3.0,1,2,0.0015624930363251,3.773339269519905e-06,3.907968581819563e-06,0.998400405749248,2.937102673783787e-05,4.887983760558277e-08,Mk_union,ITGA2B|GP1BA|PF4|PPBP,4.0,3.0,MkP,MkP,endpoint,endpoint_catalog
5399,5399,0.0,EryP,MkP,0.9983980715412244,3.0,1,2,0.0015989466582046,2.161364935401296e-06,1.7923598645127411e-09,0.9983980715412244,7.880906625135793e-07,3.055261305496929e-08,Mk_union,ITGA2B|GP1BA|PF4|PPBP,4.0,3.0,MkP,MkP,endpoint,endpoint_catalog
7500,7500,0.0,EryP,MkP,0.9983911341812508,3.0,1,2,0.0015061121853568,8.130452592516166e-05,9.189699549364552e-09,0.9983911341812508,2.0359713698081163e-05,1.0802040693201171e-06,Mk_union,ITGA2B|GP1BA|PF4|PPBP,4.0,3.0,MkP,MkP,endpoint,endpoint_catalog
2587,2587,0.0,EryP,MkP,0.99836740236771,3.0,1,2,0.0007496452150232,0.0006821806140629,1.3293341277432917e-07,0.99836740236771,0.0001995543521087,1.0845176821485875e-06,Mk_union,ITGA2B|GP1BA|PF4|PPBP,4.0,3.0,MkP,MkP,endpoint,endpoint_catalog
6030,6030,0.0,EryP,MkP,0.9983633594562648,3.0,1,2,0.0013841292809695,8.145260964759424e-05,3.614444191122242e-09,0.9983633594562648,0.0001709764064999,7.863217385813059e-08,Mk_union,ITGA2B|GP1BA|PF4|PPBP,4.0,3.0,MkP,MkP,endpoint,endpoint_catalog
343,343,0.0,MkP,MkP,0.998356516257045,3.0,1,2,0.0003295466367941,0.0002015778157919,6.123360522519209e-07,0.998356516257045,0.001111139983368,6.069709486100169e-07,Mk_union,ITGA2B|GP1BA|PF4|PPBP,4.0,3.0,MkP,MkP,endpoint,endpoint_catalog
102,102,0.0,MkP,MkP,0.9983422272459648,3.0,1,2,0.0003834031156794,0.0008201051992828,4.268920939015324e-09,0.9983422272459648,0.0004532167626974,1.043407454644861e-06,Mk_union,ITGA2B|GP1BA|PF4|PPBP,4.0,3.0,MkP,MkP,endpoint,endpoint_catalog
7418,7418,0.0,MkP,MkP,0.9983334550782352,3.0,1,2,0.0012358953556583,0.0002847680606863,1.6713387068433734e-08,0.9983334550782352,0.0001457385909915,1.2620104112754773e-07,Mk_union,ITGA2B|GP1BA|PF4|PPBP,4.0,3.0,MkP,MkP,endpoint,endpoint_catalog
309,309,0.0,EryP,MkP,0.9983330158166656,3.0,1,2,0.00139166915097,4.02512730626492e-05,8.867170610918459e-08,0.9983330158166656,0.0002349129308745,6.215672095703044e-08,Mk_union,ITGA2B|GP1BA|PF4|PPBP,4.0,3.0,MkP,MkP,endpoint,endpoint_catalog
1061,1061,0.0,EryP,MkP,0.9983232463094944,3.0,1,2,0.0009573058930733,0.0006833538138355,4.806557803281037e-09,0.9983232463094944,3.6001533260654645e-05,8.764377835766686e-08,Mk_union,ITGA2B|GP1BA|PF4|PPBP,4.0,3.0,MkP,MkP,endpoint,endpoint_catalog
6859,6859,0.0,EryP,MkP,0.9983136967874442,3.0,1,2,0.0016262429688156,1.9351680190129184e-05,1.79594459941778e-07,0.9983136967874442,4.039330293402605e-05,1.3566615574475104e-07,Mk_union,ITGA2B|GP1BA|PF4|PPBP,4.0,3.0,MkP,MkP,endpoint,endpoint_catalog
2960,2960,0.0,EryP,MkP,0.998312265447174,3.0,1,2,0.0016107963721323,2.5662074212032e-05,7.543065945465969e-09,0.998312265447174,4.980015654546126e-05,1.4684068702978135e-06,Mk_union,ITGA2B|GP1BA|PF4|PPBP,4.0,3.0,MkP,MkP,endpoint,endpoint_catalog
4945,4945,0.0,EryP,MkP,0.9982995694470784,3.0,1,2,0.0005804153260008,0.0001826779275795,5.650983914136718e-09,0.9982995694470784,0.00093408886491,3.2427834472955072e-06,Mk_union,ITGA2B|GP1BA|PF4|PPBP,4.0,3.0,MkP,MkP,endpoint,endpoint_catalog
3326,3326,0.0,MkP,MkP,0.99828440935114,3.0,1,2,0.0013870090123162,0.0003285505743879,1.2086422429537608e-09,0.99828440935114,2.90756860611869e-08,7.778274702855111e-10,Mk_union,ITGA2B|GP1BA|PF4|PPBP,4.0,3.0,MkP,MkP,endpoint,endpoint_catalog
7963,7963,0.0,EryP,MkP,0.9982547558625392,3.0,1,2,0.0015637110509143,7.143987643628778e-05,3.582002100283295e-08,0.9982547558625392,0.0001097126860363,3.44704052967606e-07,Mk_union,ITGA2B|GP1BA|PF4|PPBP,4.0,3.0,MkP,MkP,endpoint,endpoint_catalog
2927,2927,0.0,EryP,MkP,0.9982396529898556,3.0,1,2,0.0016036956651604,4.169900906971501e-06,3.188077841878495e-09,0.9982396529898556,0.000152429185994,4.907000540406168e-08,Mk_union,ITGA2B|GP1BA|PF4|PPBP,4.0,3.0,MkP,MkP,endpoint,endpoint_catalog
6678,6678,0.0,MkP,MkP,0.9982168430765902,3.0,1,2,0.0006661392894806,0.0007589324033047,1.465101987609839e-09,0.9982168430765902,0.0003576974012894,3.86364233040401e-07,Mk_union,ITGA2B|GP1BA|PF4|PPBP,4.0,3.0,MkP,MkP,endpoint,endpoint_catalog
8336,8336,0.0,EryP,MkP,0.998208393050246,3.0,1,2,0.0010578825698856,8.83147767436383e-05,1.986733986106473e-05,0.998208393050246,0.0006245664194718,9.758437920302324e-07,Mk_union,ITGA2B|GP1BA|PF4|PPBP,4.0,3.0,MkP,MkP,endpoint,endpoint_catalog
8261,8261,0.0,EryP,MkP,0.9982029461683992,3.0,1,2,0.0017765553752347,1.7416469665706263e-05,1.6393775010607903e-09,0.9982029461683992,2.9785522440811688e-06,1.0179507886676569e-07,Mk_union,ITGA2B|GP1BA|PF4|PPBP,4.0,3.0,MkP,MkP,endpoint,endpoint_catalog
3335,3335,0.0,EryP,MkP,0.9981562445245812,3.0,1,2,0.0018088265095206,6.184446549528334e-06,2.1126740010109528e-08,0.9981562445245812,2.840781862565881e-05,3.15573983052984e-07,Mk_union,ITGA2B|GP1BA|PF4|PPBP,4.0,3.0,MkP,MkP,endpoint,endpoint_catalog
8048,8048,0.0,EryP,MkP,0.9981518632722814,3.0,1,2,0.0017877605464946,1.900486424066955e-05,1.032703019141824e-08,0.9981518632722814,4.1196239664553e-05,1.647502883815444e-07,Mk_union,ITGA2B|GP1BA|PF4|PPBP,4.0,3.0,MkP,MkP,endpoint,endpoint_catalog
4604,4604,0.0,EryP,MkP,0.9981479363878832,3.0,1,2,0.0017415673999012,1.5578909739857796e-05,3.056963294053266e-08,0.9981479363878832,9.46712833655245e-05,2.1544947745935642e-07,Mk_union,ITGA2B|GP1BA|PF4|PPBP,4.0,3.0,MkP,MkP,endpoint,endpoint_catalog
1212,1212,0.0,MkP,MkP,0.9981251194293488,3.0,1,2,0.0011174296394581,0.0001810381991258,0.0002961548588956,0.9981251194293488,0.0002775688703276,2.689002843950396e-06,Mk_union,ITGA2B|GP1BA|PF4|PPBP,4.0,3.0,MkP,MkP,endpoint,endpoint_catalog
2760,2760,0.0,EryP,MkP,0.9981233749504574,3.0,1,2,0.0003024266485671,0.0015230449413602,4.253854168772764e-09,0.9981233749504574,5.103362611680387e-05,1.155796440563606e-07,Mk_union,ITGA2B|GP1BA|PF4|PPBP,4.0,3.0,MkP,MkP,endpoint,endpoint_catalog
4599,4599,0.0,EryP,MkP,0.998111301640602,3.0,1,2,0.0016544742777042,0.0001030255103067,4.707383862662161e-07,0.998111301640602,0.0001305752396826,1.52593318146369e-07,Mk_union,ITGA2B|GP1BA|PF4|PPBP,4.0,3.0,MkP,MkP,endpoint,endpoint_catalog
6696,6696,0.0,EryP,MkP,0.9980755799579424,3.0,1,2,0.0012162309950272,0.0005984466623851,9.799057556368444e-05,0.9980755799579424,9.786499897099151e-06,1.965309184281961e-06,Mk_union,ITGA2B|GP1BA|PF4|PPBP,4.0,3.0,MkP,MkP,endpoint,endpoint_catalog
2289,2289,0.0,MasP,MkP,0.998074515646998,3.0,1,2,0.0009969569649963,0.0006996417784163,9.471844353978957e-06,0.998074515646998,0.0002173166275868,2.097137648462511e-06,Mk_union,ITGA2B|GP1BA|PF4|PPBP,4.0,3.0,MkP,MkP,endpoint,endpoint_catalog
3327,3327,0.0,EryP,MkP,0.9980522057488654,3.0,1,2,0.0019380698943212,6.4617124856637255e-06,7.09588408460525e-10,0.9980522057488654,3.247311953123305e-06,1.4622786241271693e-08,Mk_union,ITGA2B|GP1BA|PF4|PPBP,4.0,3.0,MkP,MkP,endpoint,endpoint_catalog
6419,6419,0.0,MkP,MkP,0.9980404745581366,3.0,1,2,0.0007704839092543,0.0007281728610035,2.6527070008818724e-08,0.9980404745581366,0.0004565650809981,4.277063537375709e-06,Mk_union,ITGA2B|GP1BA|PF4|PPBP,4.0,3.0,MkP,MkP,endpoint,endpoint_catalog
7956,7956,0.0,MkP,MkP,0.9980321426228724,3.0,1,2,0.0012386505071043,0.0004612850750944,2.627352723324533e-07,0.9980321426228724,0.0002675635928581,9.546679826149289e-08,Mk_union,ITGA2B|GP1BA|PF4|PPBP,4.0,3.0,MkP,MkP,endpoint,endpoint_catalog
8055,8055,0.0,EryP,MkP,0.9979974879993084,3.0,1,2,0.0019855517985553,1.0420870148261528e-05,4.5300874146708855e-08,0.9979974879993084,6.449446044864133e-06,4.458506877894716e-08,Mk_union,ITGA2B|GP1BA|PF4|PPBP,4.0,3.0,MkP,MkP,endpoint,endpoint_catalog
2290,2290,0.0,EryP,MkP,0.9979797962326578,3.0,1,2,0.0019384035296189,7.809352106083578e-05,4.016106639627836e-07,0.9979797962326578,3.277054219865887e-06,2.8051778618012507e-08,Mk_union,ITGA2B|GP1BA|PF4|PPBP,4.0,3.0,MkP,MkP,endpoint,endpoint_catalog
7851,7851,0.0,EryP,MkP,0.9979436969167186,3.0,1,2,0.0019502629989552,5.149631350353951e-06,6.792664067674498e-07,0.9979436969167186,9.977127958524266e-05,4.399069837688011e-07,Mk_union,ITGA2B|GP1BA|PF4|PPBP,4.0,3.0,MkP,MkP,endpoint,endpoint_catalog
747,747,0.0,EryP,MkP,0.9979336655934932,3.0,1,2,0.0019301356950928,3.691301083083737e-05,3.711361695095133e-08,0.9979336655934932,9.877678558206392e-05,4.718013839874084e-07,Mk_union,ITGA2B|GP1BA|PF4|PPBP,4.0,3.0,MkP,MkP,endpoint,endpoint_catalog
3689,3689,0.0,EryP,MkP,0.9978909442456352,3.0,1,2,0.0016352502524411,6.288629579091254e-05,6.95268519415402e-07,0.9978909442456352,0.0004096230377336,6.008998795951023e-07,Mk_union,ITGA2B|GP1BA|PF4|PPBP,4.0,3.0,MkP,MkP,endpoint,endpoint_catalog
19,19,0.0,EryP,MkP,0.9978127482377755,3.0,1,2,0.0019056152469545,0.0002708630866413,6.844120811365178e-08,0.9978127482377755,1.062287544421007e-05,8.211197609966656e-08,Mk_union,ITGA2B|GP1BA|PF4|PPBP,4.0,3.0,MkP,MkP,endpoint,endpoint_catalog
4220,4220,0.0,EryP,MkP,0.9977758762832638,3.0,1,2,0.0022125379665269,6.358107426298779e-06,5.428198127525911e-10,0.9977758762832638,5.11379806229058e-06,1.133019009525871e-07,Mk_union,ITGA2B|GP1BA|PF4|PPBP,4.0,3.0,MkP,MkP,endpoint,endpoint_catalog
1065,1065,0.0,EryP,MkP,0.9977713289641412,3.0,1,2,0.0021051363527455,2.9315176062106148e-05,7.163547757110021e-08,0.9977713289641412,9.389652727502888e-05,2.513442983674916e-07,Mk_union,ITGA2B|GP1BA|PF4|PPBP,4.0,3.0,MkP,MkP,endpoint,endpoint_catalog
120,120,0.0,MkP,MkP,0.997725459436812,3.0,1,2,0.002198467763068,1.0489693860842708e-05,1.2885493784116074e-07,0.997725459436812,6.541049630435909e-05,4.3755016877857286e-08,Mk_union,ITGA2B|GP1BA|PF4|PPBP,4.0,3.0,MkP,MkP,endpoint,endpoint_catalog
4969,4969,0.0,MasP,MkP,0.9976961465476426,3.0,1,2,3.423985556765324e-05,0.0020869182887237,1.2362641711247634e-07,0.9976961465476426,0.0001795265324322,3.0451492166107795e-06,Mk_union,ITGA2B|GP1BA|PF4|PPBP,4.0,3.0,MkP,MkP,endpoint,endpoint_catalog
1502,1502,0.0,EryP,MkP,0.9976818143119291,3.0,1,2,0.0015630464002989,0.000289697630632,1.3654409535387494e-07,0.9976818143119291,0.000463839438405,1.4656746390584262e-06,Mk_union,ITGA2B|GP1BA|PF4|PPBP,4.0,3.0,MkP,MkP,endpoint,endpoint_catalog
4504,4504,0.0,EryP,MkP,0.9976809693818376,3.0,1,2,0.0019782681164289,0.0001831276690487,4.09627941812302e-08,0.9976809693818376,0.0001575480768471,4.579304334359249e-08,Mk_union,ITGA2B|GP1BA|PF4|PPBP,4.0,3.0,MkP,MkP,endpoint,endpoint_catalog
1598,1598,0.0,MkP,MkP,0.997677129089332,3.0,1,2,0.000911350763027,0.0013432035618768,3.352948337263382e-06,0.997677129089332,4.699351061294591e-05,1.797012681379483e-05,Mk_union,ITGA2B|GP1BA|PF4|PPBP,4.0,3.0,MkP,MkP,endpoint,endpoint_catalog
3223,3223,0.0,EryP,MkP,0.997656496662347,3.0,1,2,0.0018683367514495,0.0001418672225962,4.360622951257788e-08,0.997656496662347,0.0003313224232015,1.933334176017256e-06,Mk_union,ITGA2B|GP1BA|PF4|PPBP,4.0,3.0,MkP,MkP,endpoint,endpoint_catalog
3208,3208,0.0,MkP,MkP,0.9976552782905964,3.0,1,2,0.0012563634857046,0.0006594589144576,9.614135745744322e-09,0.9976552782905964,0.0004282717568096,6.179382958110428e-07,Mk_union,ITGA2B|GP1BA|PF4|PPBP,4.0,3.0,MkP,MkP,endpoint,endpoint_catalog
5962,5962,0.0,MkP,MkP,0.9976544701145535,3.0,1,2,0.0021131505906054,4.207514077935971e-05,0.0001474496495498,0.9976544701145535,4.228054269067075e-05,5.739618209963179e-07,Mk_union,ITGA2B|GP1BA|PF4|PPBP,4.0,3.0,MkP,MkP,endpoint,endpoint_catalog
7355,7355,0.0,MkP,MkP,0.9976226071305722,3.0,1,2,0.0010133681139731,0.0001366189940254,3.288390690746989e-06,0.9976226071305722,0.0012197030157984,4.414354940057595e-06,Mk_union,ITGA2B|GP1BA|PF4|PPBP,4.0,3.0,MkP,MkP,endpoint,endpoint_catalog
7152,7152,0.0,MkP,MkP,0.997595036084813,3.0,1,2,0.0008440952547598,0.0014285156063288,2.8269008971114016e-05,0.997595036084813,0.0001029631790724,1.120866054682335e-06,Mk_union,ITGA2B|GP1BA|PF4|PPBP,4.0,3.0,MkP,MkP,endpoint,endpoint_catalog
5389,5389,0.0,EryP,MkP,0.9975920281529536,3.0,1,2,0.0021197162246752,0.0002857181749217,5.345870631704899e-11,0.9975920281529536,2.319295896824261e-06,2.180980939388675e-07,Mk_union,ITGA2B|GP1BA|PF4|PPBP,4.0,3.0,MkP,MkP,endpoint,endpoint_catalog
6248,6248,0.0,EryP,MkP,0.9975695824874234,3.0,1,2,0.002369409499945,4.77611877368725e-05,1.7247808317982718e-08,0.9975695824874234,8.526275559566526e-06,4.703301526670312e-06,Mk_union,ITGA2B|GP1BA|PF4|PPBP,4.0,3.0,MkP,MkP,endpoint,endpoint_catalog
5326,5326,0.0,MkP,MkP,0.9975035350007296,3.0,1,2,0.0021749462173165,0.0003019151752943,4.422195570472078e-06,0.9975035350007296,1.4535286332079077e-05,6.461247570046536e-07,Mk_union,ITGA2B|GP1BA|PF4|PPBP,4.0,3.0,MkP,MkP,endpoint,endpoint_catalog
5534,5534,0.0,MkP,MkP,0.9975030210350608,3.0,1,2,0.0024127454547895,6.545836796221018e-05,6.940150095347578e-08,0.9975030210350608,1.868118591232272e-05,2.4554774165205115e-08,Mk_union,ITGA2B|GP1BA|PF4|PPBP,4.0,3.0,MkP,MkP,endpoint,endpoint_catalog
1169,1169,0.0,MkP,MkP,0.9974837520409104,3.0,1,2,0.001067253866974,7.172720500607261e-05,7.586663016563351e-06,0.9974837520409104,0.0013684092316764,1.2709924167693655e-06,Mk_union,ITGA2B|GP1BA|PF4|PPBP,4.0,3.0,MkP,MkP,endpoint,endpoint_catalog
1083,1083,0.0,MkP,MkP,0.997477014548208,3.0,1,2,9.914883631125708e-05,0.0024120408439967,1.14678296706017e-08,0.997477014548208,1.1318790601864956e-05,4.655130524845873e-07,Mk_union,ITGA2B|GP1BA|PF4|PPBP,4.0,3.0,MkP,MkP,endpoint,endpoint_catalog
149,149,0.0,MkP,MkP,0.9974759992045372,3.0,1,2,0.0012781249364099,0.0011374469669422,5.177644732014689e-06,0.9974759992045372,9.993342392285944e-05,3.317823455702833e-06,Mk_union,ITGA2B|GP1BA|PF4|PPBP,4.0,3.0,MkP,MkP,endpoint,endpoint_catalog
2977,2977,0.0,MkP,MkP,0.997470651885498,3.0,1,2,0.0014590320939206,0.000687803503907,2.7192149815331623e-09,0.997470651885498,0.0003810502722836,1.4595251755815285e-06,Mk_union,ITGA2B|GP1BA|PF4|PPBP,4.0,3.0,MkP,MkP,endpoint,endpoint_catalog
6330,6330,0.0,EryP,MkP,0.9974476314005094,3.0,1,2,0.0025425478861101,5.787219580677018e-06,5.3665962373829786e-08,0.9974476314005094,3.937436027326176e-06,4.239180991607369e-08,Mk_union,ITGA2B|GP1BA|PF4|PPBP,4.0,3.0,MkP,MkP,endpoint,endpoint_catalog
7949,7949,0.0,MkP,MkP,0.9974283731933292,3.0,1,2,0.0025130262816402,4.737932794804635e-05,2.844254918555849e-09,0.9974283731933292,1.1197656586751163e-05,2.0696240984197028e-08,Mk_union,ITGA2B|GP1BA|PF4|PPBP,4.0,3.0,MkP,MkP,endpoint,endpoint_catalog
7020,7020,0.0,EryP,MkP,0.997415975776896,3.0,1,2,0.0024546805468692,8.763341719012676e-06,3.488207459171331e-08,0.997415975776896,0.0001203639397777,1.815126634508761e-07,Mk_union,ITGA2B|GP1BA|PF4|PPBP,4.0,3.0,MkP,MkP,endpoint,endpoint_catalog
5983,5983,0.0,EryP,MkP,0.9974133929481048,3.0,1,2,0.0025272818122201,1.0691142137541664e-05,3.487881018117916e-10,0.9974133929481048,4.842224696893595e-05,2.115017802913353e-07,Mk_union,ITGA2B|GP1BA|PF4|PPBP,4.0,3.0,MkP,MkP,endpoint,endpoint_catalog
5456,5456,0.0,MkP,MkP,0.9974007334142516,3.0,1,2,0.0016570294921474,0.0003416410736056,3.04687508892758e-07,0.9974007334142516,0.0005985289719428,1.762360543263513e-06,Mk_union,ITGA2B|GP1BA|PF4|PPBP,4.0,3.0,MkP,MkP,endpoint,endpoint_catalog
1938,1938,0.0,MkP,MkP,0.997394980303045,3.0,1,2,0.0007969292793965,0.0012799679990127,3.4466545009909906e-08,0.997394980303045,0.0005261437326906,1.944219309978639e-06,Mk_union,ITGA2B|GP1BA|PF4|PPBP,4.0,3.0,MkP,MkP,endpoint,endpoint_catalog
2245,2245,0.0,MkP,MkP,0.9973930724491228,3.0,1,2,0.0019662664120378,2.9903588589577988e-05,1.7077894568552725e-07,0.9973930724491228,0.0006104732712416,1.135000627735042e-07,Mk_union,ITGA2B|GP1BA|PF4|PPBP,4.0,3.0,MkP,MkP,endpoint,endpoint_catalog
7485,7485,0.0,EryP,MkP,0.997354831122058,3.0,1,2,0.0022286256790105,0.0003974513421763,6.911430603571005e-10,0.997354831122058,1.8691007691495672e-05,4.001579206842282e-07,Mk_union,ITGA2B|GP1BA|PF4|PPBP,4.0,3.0,MkP,MkP,endpoint,endpoint_catalog
2411,2411,0.0,EryP,MkP,0.997318977250287,3.0,1,2,0.0024566061942013,0.0001155696384633,2.0004024241060381e-07,0.997318977250287,0.0001077265966527,9.202801531702568e-07,Mk_union,ITGA2B|GP1BA|PF4|PPBP,4.0,3.0,MkP,MkP,endpoint,endpoint_catalog
7092,7092,0.0,EryP,MkP,0.9973102359986724,3.0,1,2,0.0026764497076578,6.34453361155401e-06,1.588957821488847e-09,0.9973102359986724,6.902140049776695e-06,6.603105064425928e-08,Mk_union,ITGA2B|GP1BA|PF4|PPBP,4.0,3.0,MkP,MkP,endpoint,endpoint_catalog
740,740,0.0,MkP,MkP,0.99730014964316,3.0,1,2,0.0002601127213748,0.0023097435507942,3.821433866944116e-05,0.99730014964316,9.048650677462576e-05,1.2932392266117333e-06,Mk_union,ITGA2B|GP1BA|PF4|PPBP,4.0,3.0,MkP,MkP,endpoint,endpoint_catalog
6064,6064,0.0,EryP,MkP,0.9972978139231786,3.0,1,2,4.864486948705349e-05,0.0025890149934751,1.569734765467005e-07,0.9972978139231786,6.237521370199345e-05,1.994026680793807e-06,Mk_union,ITGA2B|GP1BA|PF4|PPBP,4.0,3.0,MkP,MkP,endpoint,endpoint_catalog
1378,1378,0.0,EryP,MkP,0.9972930925244166,3.0,1,2,0.0022186515749884,0.0001072181311448,4.272245770749191e-08,0.9972930925244166,0.0003787338490704,2.261197921806209e-06,Mk_union,ITGA2B|GP1BA|PF4|PPBP,4.0,3.0,MkP,MkP,endpoint,endpoint_catalog
1660,1660,0.0,MkP,MkP,0.9972731277926132,3.0,1,2,0.0023448562092864,0.0001846361061288,9.213444997578028e-07,0.9972731277926132,0.0001956230804508,8.354670207673569e-07,Mk_union,ITGA2B|GP1BA|PF4|PPBP,4.0,3.0,MkP,MkP,endpoint,endpoint_catalog
7440,7440,0.0,EryP,MkP,0.9972598467117968,3.0,1,2,0.0011058682000457,0.0009936360650665,7.086810144840861e-06,0.9972598467117968,0.000630376817255,3.185395691142081e-06,Mk_union,ITGA2B|GP1BA|PF4|PPBP,4.0,3.0,MkP,MkP,endpoint,endpoint_catalog
2564,2564,0.0,EryP,MkP,0.9972505665745436,3.0,1,2,0.0026210110170136,9.036608402842875e-05,3.958318334366809e-10,0.9972505665745436,3.782211192285811e-05,2.338166595962984e-07,Mk_union,ITGA2B|GP1BA|PF4|PPBP,4.0,3.0,MkP,MkP,endpoint,endpoint_catalog
423,423,0.0,MkP,MkP,0.997203049884034,3.0,1,2,0.0007202741581004,0.0012328263521425,9.151586948107712e-06,0.997203049884034,0.0008342124267978,4.855919772872124e-07,Mk_union,ITGA2B|GP1BA|PF4|PPBP,4.0,3.0,MkP,MkP,endpoint,endpoint_catalog
2382,2382,0.0,EryP,MkP,0.997143647638748,3.0,1,2,0.0028227855512349,2.134749541843648e-05,8.602664576123688e-09,0.997143647638748,1.1946292732375358e-05,2.644192016493057e-07,Mk_union,ITGA2B|GP1BA|PF4|PPBP,4.0,3.0,MkP,MkP,endpoint,endpoint_catalog
2007,2007,0.0,EryP,MkP,0.9971354043289752,3.0,1,2,0.002403028910344,0.0001103864410242,1.1462247873028857e-07,0.9971354043289752,0.0003428392981987,8.226398978993688e-06,Mk_union,ITGA2B|GP1BA|PF4|PPBP,4.0,3.0,MkP,MkP,endpoint,endpoint_catalog
7640,7640,0.0,EryP,MkP,0.9971122428206844,3.0,1,2,0.0027769827793336,2.6317085535694063e-05,2.9235722703256535e-07,0.9971122428206844,8.3971694050829e-05,1.932631685998085e-07,Mk_union,ITGA2B|GP1BA|PF4|PPBP,4.0,3.0,MkP,MkP,endpoint,endpoint_catalog
3469,3469,0.0,EryP,MkP,0.9970707579650888,3.0,1,2,0.002903296667215,1.4464397991400184e-05,5.477169913750228e-07,0.9970707579650888,1.0797662266172153e-05,1.355904473326625e-07,Mk_union,ITGA2B|GP1BA|PF4|PPBP,4.0,3.0,MkP,MkP,endpoint,endpoint_catalog
2391,2391,0.0,MkP,MkP,0.9970697870116372,3.0,1,2,0.00255836299083,0.0002432873663663,2.6917026241057894e-05,0.9970697870116372,9.546287800872213e-05,6.1827269164745256e-06,Mk_union,ITGA2B|GP1BA|PF4|PPBP,4.0,3.0,MkP,MkP,endpoint,endpoint_catalog
4529,4529,0.0,EryP,MkP,0.9970667249651342,3.0,1,2,0.0028520430061629,2.875153306274248e-05,1.1306803029672792e-08,0.9970667249651342,5.205793567576568e-05,4.112531614051569e-07,Mk_union,ITGA2B|GP1BA|PF4|PPBP,4.0,3.0,MkP,MkP,endpoint,endpoint_catalog
7895,7895,0.0,EryP,MkP,0.9970402792985372,3.0,1,2,0.0028434900875042,0.0001067795529356,1.9424297848346483e-06,0.9970402792985372,6.985161906722011e-06,5.23469331405127e-07,Mk_union,ITGA2B|GP1BA|PF4|PPBP,4.0,3.0,MkP,MkP,endpoint,endpoint_catalog
601,601,0.0,EryP,MkP,0.9970082356301642,3.0,1,2,0.0029290718900781,2.939322659780517e-06,3.83264574815791e-07,0.9970082356301642,5.924082150019367e-05,1.2907102294334425e-07,Mk_union,ITGA2B|GP1BA|PF4|PPBP,4.0,3.0,MkP,MkP,endpoint,endpoint_catalog
2056,2056,0.0,MkP,MkP,0.9969976846898986,3.0,1,2,0.0021415614088411,9.987138130106033e-05,6.502596843448207e-06,0.9969976846898986,0.0007537042870452,6.756360705582261e-07,Mk_union,ITGA2B|GP1BA|PF4|PPBP,4.0,3.0,MkP,MkP,endpoint,endpoint_catalog
2224,2224,0.0,MkP,MkP,0.996989577512838,3.0,1,2,0.00224030343681,0.0003896918244023,6.88467284595799e-09,0.996989577512838,0.0003804024261255,1.7915151098772337e-08,Mk_union,ITGA2B|GP1BA|PF4|PPBP,4.0,3.0,MkP,MkP,endpoint,endpoint_catalog
4921,4921,0.0,EryP,MkP,0.9969722416840652,3.0,1,2,0.0028802700491741,1.13709577073959e-05,7.283815409425168e-08,0.9969722416840652,0.0001360084493751,3.602152395432236e-08,Mk_union,ITGA2B|GP1BA|PF4|PPBP,4.0,3.0,MkP,MkP,endpoint,endpoint_catalog
2967,2967,0.0,EryP,MkP,0.9969678145299776,3.0,1,2,0.0027676601659151,7.760572072679903e-05,7.723351947603767e-07,0.9969678145299776,0.0001859893822009,1.578659845283505e-07,Mk_union,ITGA2B|GP1BA|PF4|PPBP,4.0,3.0,MkP,MkP,endpoint,endpoint_catalog
7730,7730,0.0,EryP,MkP,0.9969445419955356,3.0,1,2,0.0026436349841494,0.0001046764263938,1.3370822257121364e-07,0.9969445419955356,0.0003035291775959,3.483708102356423e-06,Mk_union,ITGA2B|GP1BA|PF4|PPBP,4.0,3.0,MkP,MkP,endpoint,endpoint_catalog
6020,6020,0.0,MkP,MkP,0.9968066409856924,3.0,1,2,0.0002525723725037,0.0027821298263794,2.7910752095322707e-08,0.9968066409856924,0.0001578138553815,8.150492909613366e-07,Mk_union,ITGA2B|GP1BA|PF4|PPBP,4.0,3.0,MkP,MkP,endpoint,endpoint_catalog
3142,3142,0.0,EryP,MkP,0.9967850810194177,3.0,1,2,0.0029573080954844,6.248741749645513e-05,3.9957746319560186e-05,0.9967850810194177,0.0001545948206491,5.709006327154786e-07,Mk_union,ITGA2B|GP1BA|PF4|PPBP,4.0,3.0,MkP,MkP,endpoint,endpoint_catalog
2692,2692,0.0,EryP,MkP,0.9967817100408618,3.0,1,2,0.0018541764317317,7.002296474404488e-05,7.670558146387538e-07,0.9967817100408618,0.0012914418102801,1.881696567605564e-06,Mk_union,ITGA2B|GP1BA|PF4|PPBP,4.0,3.0,MkP,MkP,endpoint,endpoint_catalog
4010,4010,0.0,EryP,MkP,0.9967453569275954,3.0,1,2,0.0031931608212425,2.0609111479446448e-05,8.016468617668829e-07,0.9967453569275954,3.9350594035992144e-05,7.208987847769563e-07,Mk_union,ITGA2B|GP1BA|PF4|PPBP,4.0,3.0,MkP,MkP,endpoint,endpoint_catalog
3828,3828,0.0,MkP,MkP,0.9966889237980552,3.0,1,2,0.0030027485973597,0.0002850362113845,3.569911727945129e-07,0.9966889237980552,2.2715689853157995e-05,2.1871217440411802e-07,Mk_union,ITGA2B|GP1BA|PF4|PPBP,4.0,3.0,MkP,MkP,endpoint,endpoint_catalog
5467,5467,0.0,EryP,MkP,0.9966673143438174,3.0,1,2,7.502943293302225e-05,0.0032570810549667,2.3738633846068392e-08,0.9966673143438174,2.714483309902863e-07,2.799813178724705e-07,Mk_union,ITGA2B|GP1BA|PF4|PPBP,4.0,3.0,MkP,MkP,endpoint,endpoint_catalog
1153,1153,0.0,EryP,MkP,0.996662509117256,3.0,1,2,0.0031417489153599,4.0099313024262994e-05,1.4391355972315198e-05,0.996662509117256,0.0001408432632311,4.080351560840736e-07,Mk_union,ITGA2B|GP1BA|PF4|PPBP,4.0,3.0,MkP,MkP,endpoint,endpoint_catalog
7789,7789,0.0,EryP,MkP,0.9966523129885776,3.0,1,2,0.002736418878738,0.0002332919833438,1.802571221631184e-06,0.9966523129885776,0.0003758290063075,3.445718113206036e-07,Mk_union,ITGA2B|GP1BA|PF4|PPBP,4.0,3.0,MkP,MkP,endpoint,endpoint_catalog
3860,3860,0.0,MkP,MkP,0.9966348474641386,3.0,1,2,0.0002089095621186,0.0011821306559593,8.711439411764316e-07,0.9966348474641386,0.0019718130207531,1.428153089064483e-06,Mk_union,ITGA2B|GP1BA|PF4|PPBP,4.0,3.0,MkP,MkP,endpoint,endpoint_catalog
8278,8278,0.0,MkP,MkP,0.996602945871578,3.0,1,2,0.0014980858554833,0.0001696513208154,1.614348313943159e-07,0.996602945871578,0.0017290949263969,6.059089493871729e-08,Mk_union,ITGA2B|GP1BA|PF4|PPBP,4.0,3.0,MkP,MkP,endpoint,endpoint_catalog
4792,4792,0.0,EryP,MkP,0.996577539521658,3.0,1,2,0.0032217247543995,1.631438220634467e-05,1.1997408902185511e-09,0.996577539521658,0.0001842687251045,1.514168905463271e-07,Mk_union,ITGA2B|GP1BA|PF4|PPBP,4.0,3.0,MkP,MkP,endpoint,endpoint_catalog
3975,3975,0.0,MkP,MkP,0.9965769970289712,3.0,1,2,0.0003692399003519,0.0006779773019026,7.120050443868476e-07,0.9965769970289712,0.0023686403043678,6.433459361921475e-06,Mk_union,ITGA2B|GP1BA|PF4|PPBP,4.0,3.0,MkP,MkP,endpoint,endpoint_catalog
8209,8209,0.0,MkP,MkP,0.99653154328556,3.0,1,2,0.0019789074576149,0.0008893090333455,1.1804471790854145e-06,0.99653154328556,0.0005974941344558,1.5656418446260696e-06,Mk_union,ITGA2B|GP1BA|PF4|PPBP,4.0,3.0,MkP,MkP,endpoint,endpoint_catalog
2880,2880,0.0,EryP,MkP,0.996527258061306,3.0,1,2,0.0026283280890244,9.313649434875574e-05,2.366278231526324e-06,0.996527258061306,0.0007485339894106,3.770876785612147e-07,Mk_union,ITGA2B|GP1BA|PF4|PPBP,4.0,3.0,MkP,MkP,endpoint,endpoint_catalog
2146,2146,0.0,MkP,MkP,0.9965208229519996,3.0,1,2,0.0010717480480695,0.0006116542679533,0.0002408235564649,0.9965208229519996,0.0015497831005251,5.168074986975563e-06,Mk_union,ITGA2B|GP1BA|PF4|PPBP,4.0,3.0,MkP,MkP,endpoint,endpoint_catalog
7457,7457,0.0,EryP,MkP,0.9964539816369072,3.0,1,2,0.0033898448028297,3.1547516787169334e-05,1.2911299861633126e-07,0.9964539816369072,0.0001241607133631,3.362171139765541e-07,Mk_union,ITGA2B|GP1BA|PF4|PPBP,4.0,3.0,MkP,MkP,endpoint,endpoint_catalog
460,460,0.0,EryP,MkP,0.99645281808317,3.0,1,2,0.0032619975255566,3.998289382210235e-05,2.818835992196698e-05,0.99645281808317,0.0002158117771742,1.201360355130563e-06,Mk_union,ITGA2B|GP1BA|PF4|PPBP,4.0,3.0,MkP,MkP,endpoint,endpoint_catalog
5168,5168,0.0,EryP,MkP,0.9964184345634356,3.0,1,2,0.0029932523507249,0.0001790543208351,0.0001847560359075,0.9964184345634356,0.0002149650924153,9.537636681444549e-06,Mk_union,ITGA2B|GP1BA|PF4|PPBP,4.0,3.0,MkP,MkP,endpoint,endpoint_catalog
5642,5642,0.0,EryP,MkP,0.9964053064311336,3.0,1,2,0.0032938837693491,9.630910935780631e-06,2.3360170932354497e-08,0.9964053064311336,0.0002910398848131,1.156435975854715e-07,Mk_union,ITGA2B|GP1BA|PF4|PPBP,4.0,3.0,MkP,MkP,endpoint,endpoint_catalog
7655,7655,0.0,EryP,MkP,0.996393647922312,3.0,1,2,0.0035117460248429,5.822489561159186e-05,3.376733604388524e-09,0.996393647922312,3.596023698275362e-05,4.175435171346029e-07,Mk_union,ITGA2B|GP1BA|PF4|PPBP,4.0,3.0,MkP,MkP,endpoint,endpoint_catalog
7114,7114,0.0,EryP,MkP,0.9963451197068788,3.0,1,2,0.0036389669109249,6.447233880367793e-06,3.313511767687755e-06,0.9963451197068788,6.104923101918389e-06,4.771344624309023e-08,Mk_union,ITGA2B|GP1BA|PF4|PPBP,4.0,3.0,MkP,MkP,endpoint,endpoint_catalog
1668,1668,0.0,EryP,MkP,0.9963324699689362,3.0,1,2,0.0034932524666165,5.266230927569861e-05,9.434263034705131e-06,0.9963324699689362,0.0001101347392012,2.046252935684424e-06,Mk_union,ITGA2B|GP1BA|PF4|PPBP,4.0,3.0,MkP,MkP,endpoint,endpoint_catalog
5043,5043,0.0,MkP,MkP,0.9963062011896606,3.0,1,2,0.0021539218691096,0.0014221100632441,3.789421096409352e-06,0.9963062011896606,0.0001128208081126,1.1566487765904597e-06,Mk_union,ITGA2B|GP1BA|PF4|PPBP,4.0,3.0,MkP,MkP,endpoint,endpoint_catalog
3040,3040,0.0,EryP,MkP,0.9963018397302116,3.0,1,2,0.0036866230068256,4.803265204677124e-06,2.756452033481316e-08,0.9963018397302116,6.493785568515346e-06,2.126476692050778e-07,Mk_union,ITGA2B|GP1BA|PF4|PPBP,4.0,3.0,MkP,MkP,endpoint,endpoint_catalog
5363,5363,0.0,EryP,MkP,0.9962364145578266,3.0,1,2,0.0029087435642625,2.231722464839197e-05,1.4768658473413395e-06,0.9962364145578266,0.0008310004910427,4.729637208559837e-08,Mk_union,ITGA2B|GP1BA|PF4|PPBP,4.0,3.0,MkP,MkP,endpoint,endpoint_catalog
37,37,0.0,EryP,MkP,0.9961480836633478,3.0,1,2,0.0037888255147662,5.040888104679076e-05,1.9737035528804886e-10,0.9961480836633478,1.2670474217113485e-05,1.1269251741421796e-08,Mk_union,ITGA2B|GP1BA|PF4|PPBP,4.0,3.0,MkP,MkP,endpoint,endpoint_catalog
5878,5878,0.0,MkP,MkP,0.9961388372177556,3.0,1,2,0.0021290674047519,0.0007228260664594,8.926427794164971e-05,0.9961388372177556,0.0009188060400401,1.1989930511616554e-06,Mk_union,ITGA2B|GP1BA|PF4|PPBP,4.0,3.0,MkP,MkP,endpoint,endpoint_catalog
4882,4882,0.0,MkP,MkP,0.9960681142478154,3.0,1,2,0.0021782115543365,0.0009821579185399,7.523679469048843e-05,0.9960681142478154,0.0006919606430103,4.318841607312321e-06,Mk_union,ITGA2B|GP1BA|PF4|PPBP,4.0,3.0,MkP,MkP,endpoint,endpoint_catalog
8354,8354,0.0,EryP,MkP,0.9960310903759448,3.0,1,2,0.0009753225784938,0.0029711117598034,7.024197593329493e-09,0.9960310903759448,2.2450880432784e-05,1.7381127388852778e-08,Mk_union,ITGA2B|GP1BA|PF4|PPBP,4.0,3.0,MkP,MkP,endpoint,endpoint_catalog
1046,1046,0.0,EryP,MkP,0.9960278297892516,3.0,1,2,0.003507262688257,0.0002182064178408,2.7608801653859864e-07,0.9960278297892516,0.0002455463901085,8.786265254159132e-07,Mk_union,ITGA2B|GP1BA|PF4|PPBP,4.0,3.0,MkP,MkP,endpoint,endpoint_catalog
2421,2421,0.0,MkP,MkP,0.9960072336398792,3.0,1,2,0.0005495263515588,0.0032138109866344,3.124163701245421e-07,0.9960072336398792,0.0002204542310506,8.662374506705108e-06,Mk_union,ITGA2B|GP1BA|PF4|PPBP,4.0,3.0,MkP,MkP,endpoint,endpoint_catalog
442,442,0.0,MkP,MkP,0.9959982261619404,3.0,1,2,0.0005859875912162,0.0024438670163659,0.000559652539573,0.9959982261619404,0.0003886329525728,2.363373833149321e-05,Mk_union,ITGA2B|GP1BA|PF4|PPBP,4.0,3.0,MkP,MkP,endpoint,endpoint_catalog
1232,1232,0.0,EryP,MkP,0.9959885662725424,3.0,1,2,0.0038463337430188,3.6696314865840536e-05,6.979853362780259e-06,0.9959885662725424,0.0001213170873211,1.0672888907832173e-07,Mk_union,ITGA2B|GP1BA|PF4|PPBP,4.0,3.0,MkP,MkP,endpoint,endpoint_catalog
3551,3551,0.0,MkP,MkP,0.995987951859872,3.0,1,2,0.0003432321386085,0.0033140610838324,6.350835540453026e-07,0.995987951859872,0.000351101838678,3.017995454652212e-06,Mk_union,ITGA2B|GP1BA|PF4|PPBP,4.0,3.0,MkP,MkP,endpoint,endpoint_catalog
7431,7431,0.0,EryP,MkP,0.9959661626832932,3.0,1,2,7.663518083800843e-05,0.0038812426144193,6.599683784415422e-08,0.9959661626832932,9.651828090969492e-06,6.624169652054635e-05,Mk_union,ITGA2B|GP1BA|PF4|PPBP,4.0,3.0,MkP,MkP,endpoint,endpoint_catalog
6901,6901,0.0,EryP,MkP,0.9959143370006334,3.0,1,2,0.0033346157807943,0.0007094642158654,6.181643517303188e-08,0.9959143370006334,4.088896629218648e-05,6.322199794430911e-07,Mk_union,ITGA2B|GP1BA|PF4|PPBP,4.0,3.0,MkP,MkP,endpoint,endpoint_catalog
1448,1448,0.0,EryP,MkP,0.9959071787827958,3.0,1,2,0.0038652608208265,0.0001029439506081,9.068610512614132e-07,0.9959071787827958,0.000123606545556,1.0303916234045205e-07,Mk_union,ITGA2B|GP1BA|PF4|PPBP,4.0,3.0,MkP,MkP,endpoint,endpoint_catalog
6743,6743,0.0,EryP,MkP,0.9958453490038092,3.0,1,2,0.0002787852231842,0.0038532286586192,3.991179925614288e-08,0.9958453490038092,1.7390894667256327e-05,5.206307920938989e-06,Mk_union,ITGA2B|GP1BA|PF4|PPBP,4.0,3.0,MkP,MkP,endpoint,endpoint_catalog
4297,4297,0.0,EryP,MkP,0.9958407275302956,3.0,1,2,0.0040763570911649,3.033356081116685e-05,1.0883545424043251e-06,0.9958407275302956,5.016057430077037e-05,1.3328888849019797e-06,Mk_union,ITGA2B|GP1BA|PF4|PPBP,4.0,3.0,MkP,MkP,endpoint,endpoint_catalog
1752,1752,0.0,EryP,MkP,0.9957401563851768,3.0,1,2,0.0018228845236794,0.0001320719121452,1.7337154682995593e-05,0.9957401563851768,0.0022847176455367,2.832378778689048e-06,Mk_union,ITGA2B|GP1BA|PF4|PPBP,4.0,3.0,MkP,MkP,endpoint,endpoint_catalog
3085,3085,0.0,EryP,MkP,0.995630723739374,3.0,1,2,0.0042984978160537,1.134087190455216e-05,6.481110711348075e-08,0.995630723739374,5.926806328218752e-05,1.0469827846572688e-07,Mk_union,ITGA2B|GP1BA|PF4|PPBP,4.0,3.0,MkP,MkP,endpoint,endpoint_catalog
3893,3893,0.0,MkP,MkP,0.9956234431665836,3.0,1,2,0.0008837342416072,0.0027639635328776,1.491722057679938e-05,0.9956234431665836,0.0007127909025951,1.1509357595055009e-06,Mk_union,ITGA2B|GP1BA|PF4|PPBP,4.0,3.0,MkP,MkP,endpoint,endpoint_catalog
6389,6389,0.0,MkP,MkP,0.9955947562264952,3.0,1,2,0.0042724999314393,9.166085820371648e-05,3.3626790678080194e-09,0.9955947562264952,4.100701944184569e-05,7.26017408536908e-08,Mk_union,ITGA2B|GP1BA|PF4|PPBP,4.0,3.0,MkP,MkP,endpoint,endpoint_catalog
6424,6424,0.0,MkP,MkP,0.9954092880748237,3.0,1,2,0.0028507950976841,0.001715679957304,7.675168804268239e-08,0.9954092880748237,2.372322123946794e-05,4.368972605046031e-07,Mk_union,ITGA2B|GP1BA|PF4|PPBP,4.0,3.0,MkP,MkP,endpoint,endpoint_catalog
5205,5205,0.0,EryP,MkP,0.9953712740167086,3.0,1,2,0.004211958892883,7.47064542091625e-05,7.58896894545326e-07,0.9953712740167086,0.0003398549313735,1.4468079311752494e-06,Mk_union,ITGA2B|GP1BA|PF4|PPBP,4.0,3.0,MkP,MkP,endpoint,endpoint_catalog
6087,6087,0.0,EryP,MkP,0.9953196976534874,3.0,1,2,0.0045773009631315,8.927726162369221e-05,1.0825793223304197e-07,0.9953196976534874,1.3550653624455754e-05,6.521020099202824e-08,Mk_union,ITGA2B|GP1BA|PF4|PPBP,4.0,3.0,MkP,MkP,endpoint,endpoint_catalog
7199,7199,0.0,EryP,MkP,0.9952201300192414,3.0,1,2,0.0031258366989455,0.0008433279521178,2.5562103932483463e-05,0.9952201300192414,0.0007795673626933,5.5758630694982485e-06,Mk_union,ITGA2B|GP1BA|PF4|PPBP,4.0,3.0,MkP,MkP,endpoint,endpoint_catalog
2985,2985,0.0,EryP,MkP,0.9952055199637828,3.0,1,2,0.0047410149725415,4.663151923746813e-05,2.343406738689211e-09,0.9952055199637828,6.786169278018352e-06,4.50317533960181e-08,Mk_union,ITGA2B|GP1BA|PF4|PPBP,4.0,3.0,MkP,MkP,endpoint,endpoint_catalog
7357,7357,0.0,EryP,MkP,0.9951644650631034,3.0,1,2,0.0047796986527386,3.4579998653622764e-05,7.501853598725799e-07,0.9951644650631034,2.037503508668554e-05,1.310650578189757e-07,Mk_union,ITGA2B|GP1BA|PF4|PPBP,4.0,3.0,MkP,MkP,endpoint,endpoint_catalog
4712,4712,0.0,MkP,MkP,0.9951516558917533,3.0,1,2,0.0028036624812851,0.0018641568166474,6.741627588647859e-05,0.9951516558917533,0.0001119143535648,1.1941808628657962e-06,Mk_union,ITGA2B|GP1BA|PF4|PPBP,4.0,3.0,MkP,MkP,endpoint,endpoint_catalog
7715,7715,0.0,EryP,MkP,0.9950992599659196,3.0,1,2,0.004824640589973,1.372047723470448e-05,1.3880335544970002e-06,0.9950992599659196,6.06318528168544e-05,3.590805012927899e-07,Mk_union,ITGA2B|GP1BA|PF4|PPBP,4.0,3.0,MkP,MkP,endpoint,endpoint_catalog
1110,1110,0.0,EryP,MkP,0.9950560105601308,3.0,1,2,0.0045646504769788,0.0002509983528111,9.855872071398333e-08,0.9950560105601308,0.000128037656033,2.0439532558381437e-07,Mk_union,ITGA2B|GP1BA|PF4|PPBP,4.0,3.0,MkP,MkP,endpoint,endpoint_catalog
7364,7364,0.0,EryP,MkP,0.995027543343569,3.0,1,2,0.0018068181043443,0.0017799929541701,8.721674670902691e-05,0.995027543343569,0.0012605708962412,3.785795496629565e-05,Mk_union,ITGA2B|GP1BA|PF4|PPBP,4.0,3.0,MkP,MkP,endpoint,endpoint_catalog
6073,6073,0.0,EryP,MkP,0.9949558545140544,3.0,1,2,0.0045447348724892,0.0002361635095915,9.182388226011132e-08,0.9949558545140544,0.0002619411903488,1.2140896338674868e-06,Mk_union,ITGA2B|GP1BA|PF4|PPBP,4.0,3.0,MkP,MkP,endpoint,endpoint_catalog
7325,7325,0.0,EryP,MkP,0.994950059827198,3.0,1,2,0.0048180493059055,1.7758564606752737e-05,1.350412397413834e-07,0.994950059827198,0.0002135841505611,4.1311048906770054e-07,Mk_union,ITGA2B|GP1BA|PF4|PPBP,4.0,3.0,MkP,MkP,endpoint,endpoint_catalog
7323,7323,0.0,EryP,MkP,0.994880345522242,3.0,1,2,0.0050320621580511,1.2980394265537872e-05,1.3441602654060816e-05,0.994880345522242,6.083477100135263e-05,3.355517860641791e-07,Mk_union,ITGA2B|GP1BA|PF4|PPBP,4.0,3.0,MkP,MkP,endpoint,endpoint_catalog
2757,2757,0.0,MkP,MkP,0.994852545256484,3.0,1,2,0.0009092554835189,0.0037747655231914,3.9139984995970533e-07,0.994852545256484,0.0004475173211964,1.552501575914376e-05,Mk_union,ITGA2B|GP1BA|PF4|PPBP,4.0,3.0,MkP,MkP,endpoint,endpoint_catalog
1817,1817,0.0,MkP,MkP,0.994823280198606,3.0,1,2,0.0024709620395935,0.0010361204966331,7.303477951910503e-09,0.994823280198606,0.0016407641338492,2.8865827840429463e-05,Mk_union,ITGA2B|GP1BA|PF4|PPBP,4.0,3.0,MkP,MkP,endpoint,endpoint_catalog
57,57,0.0,EryP,MkP,0.9947604346060952,3.0,1,2,0.0051021025546018,0.0001332409669785,2.936519527620189e-10,0.9947604346060952,4.165241086191727e-06,5.6337586189375416e-08,Mk_union,ITGA2B|GP1BA|PF4|PPBP,4.0,3.0,MkP,MkP,endpoint,endpoint_catalog
259,259,0.0,EryP,MkP,0.9947555473150896,3.0,1,2,0.0008890801479008,0.004261119294088,2.682208773557062e-07,0.9947555473150896,7.711134466441397e-05,1.6873677379648103e-05,Mk_union,ITGA2B|GP1BA|PF4|PPBP,4.0,3.0,MkP,MkP,endpoint,endpoint_catalog
1213,1213,0.0,MkP,MkP,0.994734014028704,3.0,1,2,0.0004317773630658,0.0042755269224761,5.0450473638092975e-08,0.994734014028704,0.0005571001822744,1.531053006138451e-06,Mk_union,ITGA2B|GP1BA|PF4|PPBP,4.0,3.0,MkP,MkP,endpoint,endpoint_catalog
2340,2340,0.0,MkP,MkP,0.9946772076230465,3.0,1,2,0.0006872363641153,0.0046149996190333,8.591128914014477e-08,0.9946772076230465,1.5172137485674878e-05,5.298345030000452e-06,Mk_union,ITGA2B|GP1BA|PF4|PPBP,4.0,3.0,MkP,MkP,endpoint,endpoint_catalog
3575,3575,0.0,EryP,MkP,0.9946456151620188,3.0,1,2,0.0052970159185462,4.316078458164404e-05,4.6186507136420515e-09,0.9946456151620188,1.395741243599814e-05,2.461037667519709e-07,Mk_union,ITGA2B|GP1BA|PF4|PPBP,4.0,3.0,MkP,MkP,endpoint,endpoint_catalog
123,123,0.0,MkP,MkP,0.9946361684048785,3.0,1,2,0.0043938812697386,0.0005326952597137,8.488826041965777e-05,0.9946361684048785,0.0003514875770074,8.792282420344717e-07,Mk_union,ITGA2B|GP1BA|PF4|PPBP,4.0,3.0,MkP,MkP,endpoint,endpoint_catalog
3693,3693,0.0,EryP,MkP,0.9945142572343044,3.0,1,2,0.0052215358667631,0.0001173604977665,1.0728347917054283e-06,0.9945142572343044,0.0001400397806122,5.73378576205944e-06,Mk_union,ITGA2B|GP1BA|PF4|PPBP,4.0,3.0,MkP,MkP,endpoint,endpoint_catalog
498,498,0.0,EryP,MkP,0.9944860860967945,3.0,1,2,0.0054163929191195,2.613458324378127e-05,7.060189018901049e-06,0.9944860860967945,6.142593475247542e-05,2.900277071000748e-06,Mk_union,ITGA2B|GP1BA|PF4|PPBP,4.0,3.0,MkP,MkP,endpoint,endpoint_catalog
6115,6115,0.0,MkP,MkP,0.9944765040261464,3.0,1,2,0.0053645381958418,8.93586505916085e-05,8.83092048778949e-09,0.9944765040261464,6.957122272679849e-05,1.9073773048242642e-08,Mk_union,ITGA2B|GP1BA|PF4|PPBP,4.0,3.0,MkP,MkP,endpoint,endpoint_catalog
6915,6915,0.0,EryP,MkP,0.99438930925741,3.0,1,2,0.0016595242057401,0.0004476750578737,6.461715357683885e-07,0.99438930925741,0.0034947988318433,8.046475596890369e-06,Mk_union,ITGA2B|GP1BA|PF4|PPBP,4.0,3.0,MkP,MkP,endpoint,endpoint_catalog
6644,6644,0.0,EryP,MkP,0.994352715773041,3.0,1,2,0.0001397478612599,0.0055069665685724,5.2393094191368714e-09,0.994352715773041,2.885246463722013e-07,2.7603317084690306e-07,Mk_union,ITGA2B|GP1BA|PF4|PPBP,4.0,3.0,MkP,MkP,endpoint,endpoint_catalog
768,768,0.0,EryP,MkP,0.9942936781337088,3.0,1,2,0.005083512643638,0.000557330469265,9.024089982014726e-07,0.9942936781337088,6.42034228134427e-05,3.729215767085686e-07,Mk_union,ITGA2B|GP1BA|PF4|PPBP,4.0,3.0,MkP,MkP,endpoint,endpoint_catalog
3675,3675,0.0,MkP,MkP,0.9942275213109316,3.0,1,2,0.0053359679810966,4.638091580944008e-05,6.849781045378169e-06,0.9942275213109316,0.0003832585409988,2.1470117875015588e-08,Mk_union,ITGA2B|GP1BA|PF4|PPBP,4.0,3.0,MkP,MkP,endpoint,endpoint_catalog
1480,1480,0.0,EryP,MkP,0.9940789068288344,3.0,1,2,0.0053325067519928,3.2060828843487714e-05,2.4018393506410187e-06,0.9940789068288344,0.0005526573096011,1.4664413775620827e-06,Mk_union,ITGA2B|GP1BA|PF4|PPBP,4.0,3.0,MkP,MkP,endpoint,endpoint_catalog
1287,1287,0.0,EryP,MkP,0.994048550807633,3.0,1,2,0.0043087152648539,2.8400784402011094e-05,1.4990750331067909e-06,0.994048550807633,0.0016122890235954,5.45044482483656e-07,Mk_union,ITGA2B|GP1BA|PF4|PPBP,4.0,3.0,MkP,MkP,endpoint,endpoint_catalog
6221,6221,0.0,MkP,MkP,0.9939756242241118,3.0,1,2,0.0019323840790072,0.0033586440614531,4.124167852966803e-06,0.9939756242241118,0.000727143073077,2.0803944976693808e-06,Mk_union,ITGA2B|GP1BA|PF4|PPBP,4.0,3.0,MkP,MkP,endpoint,endpoint_catalog
7693,7693,0.0,EryP,MkP,0.9939607165818006,3.0,1,2,0.0059769074095875,2.6528141554608005e-05,9.345147251085063e-06,0.9939607165818006,2.634504572648116e-05,1.576740797613946e-07,Mk_union,ITGA2B|GP1BA|PF4|PPBP,4.0,3.0,MkP,MkP,endpoint,endpoint_catalog
2726,2726,0.0,MkP,MkP,0.9939566705055032,3.0,1,2,0.0033693479436429,0.0013533629536118,0.0002389909531598,0.9939566705055032,0.0010162857781509,6.534186593121516e-05,Mk_union,ITGA2B|GP1BA|PF4|PPBP,4.0,3.0,MkP,MkP,endpoint,endpoint_catalog
5858,5858,0.0,EryP,MkP,0.9937312605079824,3.0,1,2,0.0052175742702349,6.41332409530006e-05,0.0006668537473938,0.9937312605079824,0.000317797261918,2.380971517470803e-06,Mk_union,ITGA2B|GP1BA|PF4|PPBP,4.0,3.0,MkP,MkP,endpoint,endpoint_catalog
2604,2604,0.0,EryP,MkP,0.9937161737639308,3.0,1,2,0.0062662047239915,1.0917940713345656e-05,5.0397770274765536e-08,0.9937161737639308,6.51209725641276e-06,1.4107633786429753e-07,Mk_union,ITGA2B|GP1BA|PF4|PPBP,4.0,3.0,MkP,MkP,endpoint,endpoint_catalog
4093,4093,0.0,EryP,MkP,0.9937152324843908,3.0,1,2,0.0060157879590207,7.195531143855722e-05,2.287577899995177e-09,0.9937152324843908,0.0001966916973409,3.302602309617153e-07,Mk_union,ITGA2B|GP1BA|PF4|PPBP,4.0,3.0,MkP,MkP,endpoint,endpoint_catalog
1747,1747,0.0,MkP,MkP,0.9937106730484284,3.0,1,2,0.006168146845791,6.314241475162641e-05,6.200644586783947e-08,0.9937106730484284,5.7796276970766736e-05,1.7940761237128105e-07,Mk_union,ITGA2B|GP1BA|PF4|PPBP,4.0,3.0,MkP,MkP,endpoint,endpoint_catalog
4763,4763,0.0,MkP,MkP,0.993682763746792,3.0,1,2,0.0038592493639483,0.0010185266373485,7.08390468500369e-05,0.993682763746792,0.001367562847249,1.058357812189347e-06,Mk_union,ITGA2B|GP1BA|PF4|PPBP,4.0,3.0,MkP,MkP,endpoint,endpoint_catalog
5936,5936,0.0,EryP,MkP,0.9936595361441108,3.0,1,2,0.0059844986412734,0.000106243745956,1.0792856175488889e-07,0.9936595361441108,0.0002492279033429,3.856367547289348e-07,Mk_union,ITGA2B|GP1BA|PF4|PPBP,4.0,3.0,MkP,MkP,endpoint,endpoint_catalog
7870,7870,0.0,MkP,MkP,0.9935692468216856,3.0,1,2,0.0063681057633204,1.2928121454834172e-05,5.954597910967577e-06,0.9935692468216856,4.371006401353355e-05,5.4631614810077256e-08,Mk_union,ITGA2B|GP1BA|PF4|PPBP,4.0,3.0,MkP,MkP,endpoint,endpoint_catalog
784,784,0.0,MkP,MkP,0.9935300914532592,3.0,1,2,0.0047548330940388,0.0007250880177305,9.737746353300212e-05,0.9935300914532592,0.0008915284358923,1.0815355460185398e-06,Mk_union,ITGA2B|GP1BA|PF4|PPBP,4.0,3.0,MkP,MkP,endpoint,endpoint_catalog
8289,8289,0.0,MkP,MkP,0.99348813283599,3.0,1,2,0.0051082220520279,0.001348671116149,3.939142159375886e-05,0.99348813283599,1.5091405838069114e-05,4.911684014308377e-07,Mk_union,ITGA2B|GP1BA|PF4|PPBP,4.0,3.0,MkP,MkP,endpoint,endpoint_catalog
1516,1516,0.0,EryP,MkP,0.9934090082777148,3.0,1,2,0.0063203247882291,5.052758547066448e-05,6.862932314111489e-09,0.9934090082777148,0.0002196352563715,4.972292812144812e-07,Mk_union,ITGA2B|GP1BA|PF4|PPBP,4.0,3.0,MkP,MkP,endpoint,endpoint_catalog
3999,3999,0.0,MkP,MkP,0.9933541610089378,3.0,1,2,0.0040401815860734,0.002505239805625,5.061796750739707e-07,0.9933541610089378,9.966455692683948e-05,2.468627618677726e-07,Mk_union,ITGA2B|GP1BA|PF4|PPBP,4.0,3.0,MkP,MkP,endpoint,endpoint_catalog
8322,8322,0.0,MkP,MkP,0.9932301441658102,3.0,1,2,0.0007553512816264,0.0049002147665698,6.280402073414513e-05,0.9932301441658102,0.0010348123003294,1.6673464929891743e-05,Mk_union,ITGA2B|GP1BA|PF4|PPBP,4.0,3.0,MkP,MkP,endpoint,endpoint_catalog
2338,2338,0.0,MkP,MkP,0.9932058571764568,3.0,1,2,0.0024020858725617,0.0039129174184442,7.74663171707849e-07,0.9932058571764568,0.0004165644994767,6.180036988860656e-05,Mk_union,ITGA2B|GP1BA|PF4|PPBP,4.0,3.0,MkP,MkP,endpoint,endpoint_catalog
1919,1919,0.0,MkP,MkP,0.9931968697478488,3.0,1,2,0.0024625455680529,0.0016279185154061,8.09697351355967e-06,0.9931968697478488,0.0027033674544688,1.2017407095216728e-06,Mk_union,ITGA2B|GP1BA|PF4|PPBP,4.0,3.0,MkP,MkP,endpoint,endpoint_catalog
1771,1771,0.0,EryP,MkP,0.99318987668205,3.0,1,2,0.0067813591548002,1.0106633318165624e-05,4.667100995913709e-07,0.99318987668205,1.810354304100327e-05,8.727669093607991e-08,Mk_union,ITGA2B|GP1BA|PF4|PPBP,4.0,3.0,MkP,MkP,endpoint,endpoint_catalog
7061,7061,0.0,MkP,MkP,0.9931772069437684,3.0,1,2,0.0066870070789646,8.403706988107014e-05,1.071570991921323e-06,0.9931772069437684,5.0656186639448265e-05,2.1149754316028428e-08,Mk_union,ITGA2B|GP1BA|PF4|PPBP,4.0,3.0,MkP,MkP,endpoint,endpoint_catalog
7898,7898,0.0,MkP,MkP,0.9931491872910316,3.0,1,2,0.0005188843833687,0.0056337925226473,8.500394985453223e-05,0.9931491872910316,0.0006064232467247,6.708606372683387e-06,Mk_union,ITGA2B|GP1BA|PF4|PPBP,4.0,3.0,MkP,MkP,endpoint,endpoint_catalog
5,5,0.0,EryP,MkP,0.9931425711310282,3.0,1,2,0.0067701153131411,4.686045206539917e-05,1.5514387046319884e-08,0.9931425711310282,4.042201835872882e-05,1.557101961648699e-08,Mk_union,ITGA2B|GP1BA|PF4|PPBP,4.0,3.0,MkP,MkP,endpoint,endpoint_catalog
5070,5070,0.0,MkP,MkP,0.9931107647440082,3.0,1,2,0.0038660626045568,0.0016611881823851,4.004635915556511e-07,0.9931107647440082,0.0013581254308548,3.458574603295089e-06,Mk_union,ITGA2B|GP1BA|PF4|PPBP,4.0,3.0,MkP,MkP,endpoint,endpoint_catalog
6129,6129,0.0,EryP,MkP,0.993064280671472,3.0,1,2,0.0066656180473194,7.771852101413532e-06,4.245950129301536e-07,0.993064280671472,0.0002617112801027,1.9355399149115762e-07,Mk_union,ITGA2B|GP1BA|PF4|PPBP,4.0,3.0,MkP,MkP,endpoint,endpoint_catalog
1137,1137,0.0,MkP,MkP,0.9929987942238092,3.0,1,2,0.0040638967557425,0.0019874996304517,0.000529345649159,0.9929987942238092,0.0004110651286164,9.398612220953175e-06,Mk_union,ITGA2B|GP1BA|PF4|PPBP,4.0,3.0,MkP,MkP,endpoint,endpoint_catalog
4876,4876,0.0,MkP,MkP,0.9928565379829484,3.0,1,2,0.0015617115262425,0.0039435482193205,0.0002897763283628,0.9928565379829484,0.0011674585925471,0.0001809673505786,Mk_union,ITGA2B|GP1BA|PF4|PPBP,4.0,3.0,MkP,MkP,endpoint,endpoint_catalog
7396,7396,0.0,EryP,MkP,0.9928421863205388,3.0,1,2,0.0069037730736726,0.0001023490141856,3.4813304411830296e-06,0.9928421863205388,0.0001470354331047,1.1748280569344405e-06,Mk_union,ITGA2B|GP1BA|PF4|PPBP,4.0,3.0,MkP,MkP,endpoint,endpoint_catalog
3723,3723,0.0,EryP,MkP,0.9927885952470286,3.0,1,2,0.0071959776809604,8.025890582599224e-06,2.4665407476269668e-09,0.9927885952470286,7.363701417098504e-06,3.5013470760279265e-08,Mk_union,ITGA2B|GP1BA|PF4|PPBP,4.0,3.0,MkP,MkP,endpoint,endpoint_catalog
1444,1444,0.0,EryP,MkP,0.9926884264536996,3.0,1,2,0.0066200983172541,7.248433478004205e-05,2.139864074314537e-07,0.9926884264536996,0.0006184336091205,3.432987382088852e-07,Mk_union,ITGA2B|GP1BA|PF4|PPBP,4.0,3.0,MkP,MkP,endpoint,endpoint_catalog
462,462,0.0,MkP,MkP,0.9926587304268328,3.0,1,2,6.173481696590187e-05,0.0059088506808227,1.556424315052046e-07,0.9926587304268328,0.0013676998237365,2.82860921045699e-06,Mk_union,ITGA2B|GP1BA|PF4|PPBP,4.0,3.0,MkP,MkP,endpoint,endpoint_catalog
3483,3483,0.0,EryP,MkP,0.9926545952121468,3.0,1,2,0.004752330842723,1.8924987827607592e-05,0.0024135708199985,0.9926545952121468,0.0001594031552905,1.1749820137227864e-06,Mk_union,ITGA2B|GP1BA|PF4|PPBP,4.0,3.0,MkP,MkP,endpoint,endpoint_catalog
268,268,0.0,EryP,MkP,0.9925584189182376,3.0,1,2,0.0073661570335704,2.1328818466999063e-05,1.8405438480509013e-07,0.9925584189182376,5.388619398537824e-05,2.4981354848141602e-08,Mk_union,ITGA2B|GP1BA|PF4|PPBP,4.0,3.0,MkP,MkP,endpoint,endpoint_catalog
3827,3827,0.0,EryP,MkP,0.992520393049253,3.0,1,2,0.0073260102154836,2.558388439982465e-05,8.875094884246442e-10,0.992520393049253,0.0001276955764514,3.163869025360877e-07,Mk_union,ITGA2B|GP1BA|PF4|PPBP,4.0,3.0,MkP,MkP,endpoint,endpoint_catalog
3392,3392,0.0,EryP,MkP,0.9924225306076015,3.0,1,2,0.0071007692757978,0.0003626236174371,1.7308900687478499e-09,0.9924225306076015,0.000113682664658,3.921036151839558e-07,Mk_union,ITGA2B|GP1BA|PF4|PPBP,4.0,3.0,MkP,MkP,endpoint,endpoint_catalog
2566,2566,0.0,EryP,MkP,0.9924102686030456,3.0,1,2,0.000349727812053,0.007205459630603,6.257450723387655e-09,0.9924102686030456,3.3783216606527926e-05,7.54480241100751e-07,Mk_union,ITGA2B|GP1BA|PF4|PPBP,4.0,3.0,MkP,MkP,endpoint,endpoint_catalog
1080,1080,0.0,EryP,MkP,0.992361826731321,3.0,1,2,0.0075893367758988,3.209575841526024e-05,2.49233447190588e-07,0.992361826731321,1.6145216483375553e-05,3.462844343144411e-07,Mk_union,ITGA2B|GP1BA|PF4|PPBP,4.0,3.0,MkP,MkP,endpoint,endpoint_catalog
5879,5879,0.0,MkP,MkP,0.9923253866376244,3.0,1,2,0.0074171401256729,0.00016246849432,2.9490655179134937e-08,0.9923253866376244,9.49029752474464e-05,7.227647984531312e-08,Mk_union,ITGA2B|GP1BA|PF4|PPBP,4.0,3.0,MkP,MkP,endpoint,endpoint_catalog
556,556,0.0,EryP,MkP,0.992318162601788,3.0,1,2,0.0057656001396683,0.0005279043097055,5.076379544546189e-06,0.992318162601788,0.0013821705745272,1.085994766417697e-06,Mk_union,ITGA2B|GP1BA|PF4|PPBP,4.0,3.0,MkP,MkP,endpoint,endpoint_catalog
1118,1118,0.0,MkP,MkP,0.9923083196904932,3.0,1,2,0.006460220558192,0.0003386868908323,0.000445404796494,0.9923083196904932,0.0004461543207999,1.2137431884121108e-06,Mk_union,ITGA2B|GP1BA|PF4|PPBP,4.0,3.0,MkP,MkP,endpoint,endpoint_catalog
8265,8265,0.0,EryP,MkP,0.9922551687576322,3.0,1,2,0.0076692352045848,7.132751053420054e-05,3.748229794686868e-10,0.9922551687576322,4.19594018008997e-06,7.22122455196849e-08,Mk_union,ITGA2B|GP1BA|PF4|PPBP,4.0,3.0,MkP,MkP,endpoint,endpoint_catalog
2249,2249,0.0,MkP,MkP,0.992222328768136,3.0,1,2,0.001201079823317,0.004382247764126,2.3726657940968827e-06,0.992222328768136,0.0021887417686071,3.2292100197603044e-06,Mk_union,ITGA2B|GP1BA|PF4|PPBP,4.0,3.0,MkP,MkP,endpoint,endpoint_catalog
1484,1484,0.0,EryP,MkP,0.9921934658381616,3.0,1,2,0.0073941879956919,0.0001248649294007,9.987986566017269e-09,0.9921934658381616,0.0002862880776283,1.1831711305765235e-06,Mk_union,ITGA2B|GP1BA|PF4|PPBP,4.0,3.0,MkP,MkP,endpoint,endpoint_catalog
6671,6671,0.0,EryP,MkP,0.9921844050604935,3.0,1,2,0.0077606425061556,4.250733346697566e-05,2.8055183787119885e-07,0.9921844050604935,1.2124835857018077e-05,3.97121889086799e-08,Mk_union,ITGA2B|GP1BA|PF4|PPBP,4.0,3.0,MkP,MkP,endpoint,endpoint_catalog
4305,4305,0.0,EryP,MkP,0.9921521495874908,3.0,1,2,0.0078349953562077,1.2794063862835516e-05,4.426576169036089e-09,0.9921521495874908,4.8210560254526233e-08,8.355302157996741e-09,Mk_union,ITGA2B|GP1BA|PF4|PPBP,4.0,3.0,MkP,MkP,endpoint,endpoint_catalog
7555,7555,0.0,MkP,MkP,0.9921385753844276,3.0,1,2,0.0010552051131524,0.0066336417962266,2.2396497995246217e-07,0.9921385753844276,0.0001701816798081,2.17206140539935e-06,Mk_union,ITGA2B|GP1BA|PF4|PPBP,4.0,3.0,MkP,MkP,endpoint,endpoint_catalog
6848,6848,0.0,MkP,MkP,0.9921157709059316,3.0,1,2,0.0004786477692091,0.0066475352520264,4.418786925214383e-06,0.9921157709059316,0.0007496948926046,3.932393302896888e-06,Mk_union,ITGA2B|GP1BA|PF4|PPBP,4.0,3.0,MkP,MkP,endpoint,endpoint_catalog
931,931,0.0,EryP,MkP,0.9920888959418304,3.0,1,2,0.0054701567805975,0.0007897881548641,0.0001903654272174,0.9920888959418304,0.0014528106191473,7.983076343316268e-06,Mk_union,ITGA2B|GP1BA|PF4|PPBP,4.0,3.0,MkP,MkP,endpoint,endpoint_catalog
8074,8074,0.0,EryP,MkP,0.9920827124607422,3.0,1,2,0.0026904889101629,0.0021728975682368,0.0006201574709553,0.9920827124607422,0.0024243103917239,9.433198178586776e-06,Mk_union,ITGA2B|GP1BA|PF4|PPBP,4.0,3.0,MkP,MkP,endpoint,endpoint_catalog
3446,3446,0.0,EryP,MkP,0.9920286005601908,3.0,1,2,0.0079450094809349,9.86471148042918e-06,2.055405705787097e-06,0.9920286005601908,1.4448542658771197e-05,2.1299029093345152e-08,Mk_union,ITGA2B|GP1BA|PF4|PPBP,4.0,3.0,MkP,MkP,endpoint,endpoint_catalog
4900,4900,0.0,EryP,MkP,0.9919669148665812,3.0,1,2,0.0076605906908038,2.32847669559049e-05,7.632655207218394e-05,0.9919669148665812,0.000272583664474,2.99459112925943e-07,Mk_union,ITGA2B|GP1BA|PF4|PPBP,4.0,3.0,MkP,MkP,endpoint,endpoint_catalog
2383,2383,0.0,EryP,MkP,0.991932542714574,3.0,1,2,0.0067538556661966,0.0001498196344974,4.893111782617346e-05,0.991932542714574,0.0011040508528301,1.0800014075546513e-05,Mk_union,ITGA2B|GP1BA|PF4|PPBP,4.0,3.0,MkP,MkP,endpoint,endpoint_catalog
4802,4802,0.0,EryP,MkP,0.9919166310822318,3.0,1,2,0.0080200752185383,1.864873323446785e-05,2.31455355226888e-07,0.9919166310822318,4.432800800654573e-05,8.55026337603936e-08,Mk_union,ITGA2B|GP1BA|PF4|PPBP,4.0,3.0,MkP,MkP,endpoint,endpoint_catalog
6690,6690,0.0,EryP,MkP,0.9917540442395448,3.0,1,2,0.006997461291188,6.594652251870714e-05,5.1938168529615674e-08,0.9917540442395448,0.0011813216314411,1.1743771387265292e-06,Mk_union,ITGA2B|GP1BA|PF4|PPBP,4.0,3.0,MkP,MkP,endpoint,endpoint_catalog
4413,4413,0.0,EryP,MkP,0.9916253444196832,3.0,1,2,0.0081215440606718,0.0002117925981962,2.734652741673517e-09,0.9916253444196832,4.029697498105512e-05,1.0192118148860509e-06,Mk_union,ITGA2B|GP1BA|PF4|PPBP,4.0,3.0,MkP,MkP,endpoint,endpoint_catalog
7869,7869,0.0,EryP,MkP,0.9916084006751358,3.0,1,2,0.0051042613909141,0.0007653840088633,0.0005940610179248,0.9916084006751358,0.0019264751572336,1.4177499280643464e-06,Mk_union,ITGA2B|GP1BA|PF4|PPBP,4.0,3.0,MkP,MkP,endpoint,endpoint_catalog
3884,3884,0.0,EryP,MkP,0.9914728514635924,3.0,1,2,0.0084548949529743,4.052834677537351e-05,6.537876890096695e-09,0.9914728514635924,3.064410094599807e-05,1.074597834956625e-06,Mk_union,ITGA2B|GP1BA|PF4|PPBP,4.0,3.0,MkP,MkP,endpoint,endpoint_catalog
1867,1867,0.0,EryP,MkP,0.9914725294459916,3.0,1,2,0.0065774107758457,0.0001540142275713,1.1836277794210384e-07,0.9914725294459916,0.0017954346525528,4.925352605870387e-07,Mk_union,ITGA2B|GP1BA|PF4|PPBP,4.0,3.0,MkP,MkP,endpoint,endpoint_catalog
5849,5849,0.0,EryP,MkP,0.9914596127126364,3.0,1,2,0.0084123429434199,6.718411614275253e-05,2.4414631213376303e-09,0.9914596127126364,6.042157845881247e-05,4.3620787877661226e-07,Mk_union,ITGA2B|GP1BA|PF4|PPBP,4.0,3.0,MkP,MkP,endpoint,endpoint_catalog
537,537,0.0,EryP,MkP,0.9914511285208196,3.0,1,2,0.0084735862037949,1.111551622814725e-05,5.836465130963539e-07,0.9914511285208196,6.278098111065827e-05,8.05131533459649e-07,Mk_union,ITGA2B|GP1BA|PF4|PPBP,4.0,3.0,MkP,MkP,endpoint,endpoint_catalog
4558,4558,0.0,EryP,MkP,0.991251307531714,3.0,1,2,0.0082445373387776,0.000112845446687,1.639206968761498e-08,0.991251307531714,0.0003863233355093,4.969955242406135e-06,Mk_union,ITGA2B|GP1BA|PF4|PPBP,4.0,3.0,MkP,MkP,endpoint,endpoint_catalog
35,35,0.0,EryP,MkP,0.991247227733833,3.0,1,2,0.003855596687053,7.364933808490709e-05,0.0046165584673508,0.991247227733833,0.0002055404259131,1.4273477650752998e-06,Mk_union,ITGA2B|GP1BA|PF4|PPBP,4.0,3.0,MkP,MkP,endpoint,endpoint_catalog
6893,6893,0.0,MkP,MkP,0.9912304353297312,3.0,1,2,5.058887111753562e-05,0.0081652564058529,1.0041065561635476e-06,0.9912304353297312,0.0005372913535292,1.5423933212969948e-05,Mk_union,ITGA2B|GP1BA|PF4|PPBP,4.0,3.0,MkP,MkP,endpoint,endpoint_catalog
3487,3487,0.0,EryP,MkP,0.9911752822037444,3.0,1,2,0.0087277851829673,2.382710094568426e-05,6.13093650446139e-08,0.9911752822037444,7.234472125197214e-05,6.994817256048386e-07,Mk_union,ITGA2B|GP1BA|PF4|PPBP,4.0,3.0,MkP,MkP,endpoint,endpoint_catalog
2039,2039,0.0,MkP,MkP,0.9911652464386772,3.0,1,2,0.0010744718368248,0.0040169688960733,0.0002076108014405,0.9911652464386772,0.0035104279034307,2.5274123553246385e-05,Mk_union,ITGA2B|GP1BA|PF4|PPBP,4.0,3.0,MkP,MkP,endpoint,endpoint_catalog
3684,3684,0.0,EryP,MkP,0.9911458961038736,3.0,1,2,0.0087388018635981,0.0001087879136013,2.8368381735057037e-08,0.9911458961038736,6.377537031583198e-06,1.0821351385670668e-07,Mk_union,ITGA2B|GP1BA|PF4|PPBP,4.0,3.0,MkP,MkP,endpoint,endpoint_catalog
7369,7369,0.0,EryP,MkP,0.99111442926147,3.0,1,2,0.007812834920423,0.0008131262847015,1.5930635997178713e-07,0.99111442926147,0.000259344121922,1.0610512344360868e-07,Mk_union,ITGA2B|GP1BA|PF4|PPBP,4.0,3.0,MkP,MkP,endpoint,endpoint_catalog
3269,3269,0.0,EryP,MkP,0.9910930084801745,3.0,1,2,0.008886854474289,1.163533900266864e-05,2.53456075411401e-08,0.9910930084801745,8.34984926605102e-06,1.265116603613574e-07,Mk_union,ITGA2B|GP1BA|PF4|PPBP,4.0,3.0,MkP,MkP,endpoint,endpoint_catalog
5957,5957,0.0,EryP,MkP,0.9908794298061324,3.0,1,2,0.0087937525548458,8.869143066382977e-05,5.454429699336708e-09,0.9908794298061324,0.0002350774363904,3.043317537697756e-06,Mk_union,ITGA2B|GP1BA|PF4|PPBP,4.0,3.0,MkP,MkP,endpoint,endpoint_catalog
178,178,0.0,MkP,MkP,0.9907238377403924,3.0,1,2,0.0061590349387854,0.0013949941357951,0.0002222845380391,0.9907238377403924,0.0014935670200165,6.2816269712408e-06,Mk_union,ITGA2B|GP1BA|PF4|PPBP,4.0,3.0,MkP,MkP,endpoint,endpoint_catalog
8190,8190,0.0,EryP,MkP,0.9904437500495388,3.0,1,2,0.0093942472423435,0.000135464942693,1.2889082488219896e-07,0.9904437500495388,2.635019811838744e-05,5.867648129418677e-08,Mk_union,ITGA2B|GP1BA|PF4|PPBP,4.0,3.0,MkP,MkP,endpoint,endpoint_catalog
575,575,0.0,EryP,MkP,0.9903702712357072,3.0,1,2,0.0087603662282619,9.114293397840233e-06,0.0008026352750351,0.9903702712357072,5.597084215025339e-05,1.642125447410572e-06,Mk_union,ITGA2B|GP1BA|PF4|PPBP,4.0,3.0,MkP,MkP,endpoint,endpoint_catalog
7819,7819,0.0,EryP,MkP,0.990316569494105,3.0,1,2,0.009514257090198,4.234382031209435e-06,8.881531904893809e-07,0.990316569494105,0.000163587274762,4.636057130147683e-07,Mk_union,ITGA2B|GP1BA|PF4|PPBP,4.0,3.0,MkP,MkP,endpoint,endpoint_catalog
6367,6367,0.0,EryP,MkP,0.9902941204074144,3.0,1,2,0.0084915480073277,4.867141906214312e-05,0.0004018690868143,0.9902941204074144,0.0007630318546655,7.592247157505961e-07,Mk_union,ITGA2B|GP1BA|PF4|PPBP,4.0,3.0,MkP,MkP,endpoint,endpoint_catalog
2341,2341,0.0,EryP,MkP,0.9901659164408037,3.0,1,2,0.0091930383904662,0.0001902059900418,5.415890967112021e-07,0.9901659164408037,0.0004488794355668,1.4181540249289731e-06,Mk_union,ITGA2B|GP1BA|PF4|PPBP,4.0,3.0,MkP,MkP,endpoint,endpoint_catalog
2902,2902,0.0,EryP,MkP,0.9901656786503882,3.0,1,2,0.0089218934720716,0.0003577716787758,8.197779558515613e-06,0.9901656786503882,0.0005449693251399,1.489094065684651e-06,Mk_union,ITGA2B|GP1BA|PF4|PPBP,4.0,3.0,MkP,MkP,endpoint,endpoint_catalog
2229,2229,0.0,EryP,MkP,0.9900968346656406,3.0,1,2,0.0087467092159269,0.000203405325783,0.0006165778079684,0.9900968346656406,0.0003334016133929,3.0713712881527653e-06,Mk_union,ITGA2B|GP1BA|PF4|PPBP,4.0,3.0,MkP,MkP,endpoint,endpoint_catalog
5461,5461,0.0,MkP,MkP,0.9896898421047944,3.0,1,2,0.0009913527978838,0.0092535958939573,1.229603625193861e-05,0.9896898421047944,4.989412152039288e-05,3.019045592324593e-06,Mk_union,ITGA2B|GP1BA|PF4|PPBP,4.0,3.0,MkP,MkP,endpoint,endpoint_catalog
3402,3402,0.0,EryP,MkP,0.9896138521623936,3.0,1,2,0.0011574838732245,0.0001347862312623,2.3576783949764546e-07,0.9896138521623936,0.0090931964810652,4.454842148436198e-07,Mk_union,ITGA2B|GP1BA|PF4|PPBP,4.0,3.0,MkP,MkP,endpoint,endpoint_catalog
7725,7725,0.0,MkP,MkP,0.9895350283625924,3.0,1,2,0.0102120426498166,3.64330761173335e-05,1.0298101747132575e-05,0.9895350283625924,0.0002058484369564,3.4937277020564335e-07,Mk_union,ITGA2B|GP1BA|PF4|PPBP,4.0,3.0,MkP,MkP,endpoint,endpoint_catalog
5063,5063,0.0,MasP,MkP,0.98938811987013,3.0,1,2,0.0025917687003889,0.002319104561964,0.0001512401787612,0.98938811987013,0.0055453427236292,4.42396512664355e-06,Mk_union,ITGA2B|GP1BA|PF4|PPBP,4.0,3.0,MkP,MkP,endpoint,endpoint_catalog
4070,4070,0.0,MkP,MkP,0.9892952540523674,3.0,1,2,0.0096127882858916,0.0006194419113234,0.0002411288585114,0.9892952540523674,0.0002181797404129,1.3207151492972754e-05,Mk_union,ITGA2B|GP1BA|PF4|PPBP,4.0,3.0,MkP,MkP,endpoint,endpoint_catalog
5605,5605,0.0,EryP,MkP,0.989277982402723,3.0,1,2,0.0060091539118975,0.0004832808918394,2.245584245674344e-06,0.989277982402723,0.0042250276889887,2.309520305628608e-06,Mk_union,ITGA2B|GP1BA|PF4|PPBP,4.0,3.0,MkP,MkP,endpoint,endpoint_catalog
1868,1868,0.0,EryP,MkP,0.9892594341169978,3.0,1,2,0.0064899388197718,0.0027946452266346,3.0183270449095e-05,0.9892594341169978,0.0012828335886574,0.000142964977489,Mk_union,ITGA2B|GP1BA|PF4|PPBP,4.0,3.0,MkP,MkP,endpoint,endpoint_catalog
6172,6172,0.0,MkP,MkP,0.9891168577762578,3.0,1,2,0.001314459913182,0.0044216381008609,2.006270323368918e-06,0.9891168577762578,0.0051441658328132,8.721065624913571e-07,Mk_union,ITGA2B|GP1BA|PF4|PPBP,4.0,3.0,MkP,MkP,endpoint,endpoint_catalog
930,930,0.0,EryP,MkP,0.989080551631766,3.0,1,2,0.0076665945318977,0.0022914913994251,3.3355384208062354e-08,0.989080551631766,0.0009530930126765,8.236068850374487e-06,Mk_union,ITGA2B|GP1BA|PF4|PPBP,4.0,3.0,MkP,MkP,endpoint,endpoint_catalog
3649,3649,0.0,EryP,MkP,0.9888217560921688,3.0,1,2,0.0018080773719161,0.0027283781362152,1.0315946516100764e-08,0.9888217560921688,0.0066381862494031,3.5918343501880463e-06,Mk_union,ITGA2B|GP1BA|PF4|PPBP,4.0,3.0,MkP,MkP,endpoint,endpoint_catalog
4846,4846,0.0,MkP,MkP,0.9887270868004948,3.0,1,2,4.063120160902955e-05,0.0108430587949967,8.212956032466792e-06,0.9887270868004948,0.0003776627842201,3.347462646916077e-06,Mk_union,ITGA2B|GP1BA|PF4|PPBP,4.0,3.0,MkP,MkP,endpoint,endpoint_catalog
5852,5852,0.0,EryP,MkP,0.9887230776405204,3.0,1,2,0.0112558729657924,5.618402618648848e-06,5.327574830865471e-07,0.9887230776405204,1.4866721740861611e-05,3.1511844674601545e-08,Mk_union,ITGA2B|GP1BA|PF4|PPBP,4.0,3.0,MkP,MkP,endpoint,endpoint_catalog
5428,5428,0.0,MkP,MkP,0.9886194839978876,3.0,1,2,0.001373823602495,0.0064475808178489,6.738820329735904e-05,0.9886194839978876,0.0034837095098441,8.013868626813438e-06,Mk_union,ITGA2B|GP1BA|PF4|PPBP,4.0,3.0,MkP,MkP,endpoint,endpoint_catalog
1991,1991,0.0,MkP,MkP,0.9885838386107124,3.0,1,2,0.0001909216593465,0.0088569760605079,2.823925066044959e-06,0.9885838386107124,0.0023550359114409,1.0403832925970485e-05,Mk_union,ITGA2B|GP1BA|PF4|PPBP,4.0,3.0,MkP,MkP,endpoint,endpoint_catalog
2337,2337,0.0,EryP,MkP,0.9884915403777768,3.0,1,2,0.0114169962000991,2.500918080225591e-05,9.2427588946344e-08,0.9884915403777768,6.568293226556707e-05,6.788814674077713e-07,Mk_union,ITGA2B|GP1BA|PF4|PPBP,4.0,3.0,MkP,MkP,endpoint,endpoint_catalog
6540,6540,0.0,EryP,MkP,0.988454410840462,3.0,1,2,0.0107340916270593,1.114342214923393e-05,5.481088433197448e-08,0.988454410840462,0.0007998148216821,4.844777626598126e-07,Mk_union,ITGA2B|GP1BA|PF4|PPBP,4.0,3.0,MkP,MkP,endpoint,endpoint_catalog
5053,5053,0.0,MkP,MkP,0.9884365758078574,3.0,1,2,0.0087487401582704,0.0026008549042084,3.49876007375194e-06,0.9884365758078574,0.0002061480572377,4.182312352231856e-06,Mk_union,ITGA2B|GP1BA|PF4|PPBP,4.0,3.0,MkP,MkP,endpoint,endpoint_catalog
5433,5433,0.0,MkP,MkP,0.9882956857117016,3.0,1,2,0.0068208127654878,0.0042660755182079,5.074781577431199e-07,0.9882956857117016,0.0006166145837299,3.039427149092272e-07,Mk_union,ITGA2B|GP1BA|PF4|PPBP,4.0,3.0,MkP,MkP,endpoint,endpoint_catalog
6944,6944,0.0,EryP,MkP,0.9882230696632938,3.0,1,2,0.0108892450342936,3.788356039870384e-05,2.8360679613380752e-05,0.9882230696632938,0.0008206000590856,8.41003315114198e-07,Mk_union,ITGA2B|GP1BA|PF4|PPBP,4.0,3.0,MkP,MkP,endpoint,endpoint_catalog
5354,5354,0.0,EryP,MkP,0.9881947531802696,3.0,1,2,0.0115022042482805,0.0001163347197065,3.522513109860624e-05,0.9881947531802696,0.0001511364176973,3.463029471987283e-07,Mk_union,ITGA2B|GP1BA|PF4|PPBP,4.0,3.0,MkP,MkP,endpoint,endpoint_catalog
1486,1486,0.0,MkP,MkP,0.9881815278393984,3.0,1,2,0.0078921121283163,0.0001601533146788,0.0030475964035781,0.9881815278393984,0.0007157368484851,2.8734655429185363e-06,Mk_union,ITGA2B|GP1BA|PF4|PPBP,4.0,3.0,MkP,MkP,endpoint,endpoint_catalog
2264,2264,0.0,EryP,MkP,0.9879090256188424,3.0,1,2,0.0020161603906698,0.0095790042704823,6.496232492045634e-07,0.9879090256188424,0.0004573705412176,3.778955553873058e-05,Mk_union,ITGA2B|GP1BA|PF4|PPBP,4.0,3.0,MkP,MkP,endpoint,endpoint_catalog
1028,1028,0.0,MkP,MkP,0.9877039448510904,3.0,1,2,0.0092070309083697,0.0013323108395987,0.0003233871078013,0.9877039448510904,0.0014229649252718,1.0361367867798368e-05,Mk_union,ITGA2B|GP1BA|PF4|PPBP,4.0,3.0,MkP,MkP,endpoint,endpoint_catalog
2589,2589,0.0,MkP,MkP,0.9876369057786064,3.0,1,2,0.0026802882805894,0.0013787862173464,6.19450989670022e-05,0.9876369057786064,0.0082232364088212,1.8838215669570244e-05,Mk_union,ITGA2B|GP1BA|PF4|PPBP,4.0,3.0,MkP,MkP,endpoint,endpoint_catalog
6196,6196,0.0,MkP,MkP,0.9875106251788024,3.0,1,2,0.0063463974848937,0.0044189036377999,5.81443036190866e-05,0.9875106251788024,0.001659549084628,6.380310256614691e-06,Mk_union,ITGA2B|GP1BA|PF4|PPBP,4.0,3.0,MkP,MkP,endpoint,endpoint_catalog
1029,1029,0.0,EryP,MkP,0.9873747023201108,3.0,1,2,0.01147997561432,0.0007075675147106,1.4374514306907615e-05,0.9873747023201108,0.0004152748798968,8.105156654777434e-06,Mk_union,ITGA2B|GP1BA|PF4|PPBP,4.0,3.0,MkP,MkP,endpoint,endpoint_catalog
2021,2021,0.0,MkP,MkP,0.9873441387010288,3.0,1,2,0.0057649623620171,6.990161403207983e-05,0.0064868963078528,0.9873441387010288,0.0003318297773818,2.271237687416229e-06,Mk_union,ITGA2B|GP1BA|PF4|PPBP,4.0,3.0,MkP,MkP,endpoint,endpoint_catalog
971,971,0.0,EryP,MkP,0.98732332871782,3.0,1,2,0.0123591109480091,0.0001517628279483,8.33980641739436e-06,0.98732332871782,0.0001566154346956,8.422651096734158e-07,Mk_union,ITGA2B|GP1BA|PF4|PPBP,4.0,3.0,MkP,MkP,endpoint,endpoint_catalog
2003,2003,0.0,EryP,MkP,0.9873103947231332,3.0,1,2,0.0123326630549204,0.0001789851911508,3.048273240255511e-08,0.9873103947231332,0.0001776644115285,2.6213653442598125e-07,Mk_union,ITGA2B|GP1BA|PF4|PPBP,4.0,3.0,MkP,MkP,endpoint,endpoint_catalog
2355,2355,0.0,EryP,MkP,0.9872791368570776,3.0,1,2,0.0123932214230116,0.0002818592541184,1.0339489807770993e-07,0.9872791368570776,4.474579439173748e-05,9.332765025875228e-07,Mk_union,ITGA2B|GP1BA|PF4|PPBP,4.0,3.0,MkP,MkP,endpoint,endpoint_catalog
2244,2244,0.0,EryP,MkP,0.9871823362655744,3.0,1,2,0.0122575380173823,3.466556860363886e-05,3.6617452268660937e-06,0.9871823362655744,0.000521232435233,5.659679796775462e-07,Mk_union,ITGA2B|GP1BA|PF4|PPBP,4.0,3.0,MkP,MkP,endpoint,endpoint_catalog
1020,1020,0.0,MkP,MkP,0.9871596298241608,3.0,1,2,0.0109800096529928,0.000332308368347,1.517367937966264e-07,0.9871596298241608,0.0015232154174437,4.685000261962358e-06,Mk_union,ITGA2B|GP1BA|PF4|PPBP,4.0,3.0,MkP,MkP,endpoint,endpoint_catalog
3639,3639,0.0,MasP,MkP,0.9871552323748932,3.0,1,2,0.0046336974236916,0.0019739434809228,0.0035168902097286,0.9871552323748932,0.0026852762604263,3.496025033742293e-05,Mk_union,ITGA2B|GP1BA|PF4|PPBP,4.0,3.0,MkP,MkP,endpoint,endpoint_catalog
632,632,0.0,EryP,MkP,0.9871480600418454,3.0,1,2,0.0118420476574714,1.7070291760213778e-05,1.168772433654797e-05,0.9871480600418454,0.0009801101977391,1.0240868473265616e-06,Mk_union,ITGA2B|GP1BA|PF4|PPBP,4.0,3.0,MkP,MkP,endpoint,endpoint_catalog
2466,2466,0.0,MkP,MkP,0.9871049587389248,3.0,1,2,0.0061811914842739,0.0054754837520564,7.239502037068852e-05,0.9871049587389248,0.001131696268949,3.427473542521365e-05,Mk_union,ITGA2B|GP1BA|PF4|PPBP,4.0,3.0,MkP,MkP,endpoint,endpoint_catalog
6090,6090,0.0,MkP,MkP,0.9870947466723,3.0,1,2,0.0057579912459062,0.0012044226426744,0.0053820641264262,0.9870947466723,0.000533771120471,2.700419222227336e-05,Mk_union,ITGA2B|GP1BA|PF4|PPBP,4.0,3.0,MkP,MkP,endpoint,endpoint_catalog
3282,3282,0.0,EryP,MkP,0.9868759202866788,3.0,1,2,0.0023551261978955,3.2493674036506835e-05,0.0105328127346538,0.9868759202866788,0.0002016111682222,2.035938513203493e-06,Mk_union,ITGA2B|GP1BA|PF4|PPBP,4.0,3.0,MkP,MkP,endpoint,endpoint_catalog
2519,2519,0.0,EryP,MkP,0.986836870042251,3.0,1,2,0.0117979268672712,0.0005700516132638,1.373151281410428e-06,0.986836870042251,0.0007911436049538,2.634720978558417e-06,Mk_union,ITGA2B|GP1BA|PF4|PPBP,4.0,3.0,MkP,MkP,endpoint,endpoint_catalog
5557,5557,0.0,EryP,MkP,0.9867642222859538,3.0,1,2,0.0118311529600486,2.3085961203793548e-05,9.125626680537131e-06,0.9867642222859538,0.0013719805473145,4.32618798657556e-07,Mk_union,ITGA2B|GP1BA|PF4|PPBP,4.0,3.0,MkP,MkP,endpoint,endpoint_catalog
5574,5574,0.0,EryP,MkP,0.9867264789387916,3.0,1,2,0.0109232117151599,3.85651137295722e-05,0.0005285886437652,0.9867264789387916,0.0017822182449918,9.373435618436242e-07,Mk_union,ITGA2B|GP1BA|PF4|PPBP,4.0,3.0,MkP,MkP,endpoint,endpoint_catalog
5545,5545,0.0,MkP,MkP,0.9866314882361328,3.0,1,2,0.0132906152776347,1.897468251373469e-05,8.036641730329957e-08,0.9866314882361328,5.878002718251538e-05,6.141011897200041e-08,Mk_union,ITGA2B|GP1BA|PF4|PPBP,4.0,3.0,MkP,MkP,endpoint,endpoint_catalog
1802,1802,0.0,EryP,MkP,0.9865202011426676,3.0,1,2,0.0127128609607804,0.0001290962965381,3.6283991615259113e-07,0.9865202011426676,0.0006369150672009,5.636928967558255e-07,Mk_union,ITGA2B|GP1BA|PF4|PPBP,4.0,3.0,MkP,MkP,endpoint,endpoint_catalog
5844,5844,0.0,EryP,MkP,0.9864515288073832,3.0,1,2,0.0082343068592828,0.0038668373821602,0.0004056712617814,0.9864515288073832,0.0009331055962846,0.0001085500931074,Mk_union,ITGA2B|GP1BA|PF4|PPBP,4.0,3.0,MkP,MkP,endpoint,endpoint_catalog
2713,2713,0.0,EryP,MkP,0.9864407075475384,3.0,1,2,0.0135212534269088,3.0123700199906973e-05,8.753054081482981e-07,0.9864407075475384,6.56010949255322e-06,4.799104518104931e-07,Mk_union,ITGA2B|GP1BA|PF4|PPBP,4.0,3.0,MkP,MkP,endpoint,endpoint_catalog
2614,2614,0.0,EryP,MkP,0.9863470661678456,3.0,1,2,0.0086271083709463,8.18422019802924e-05,1.3925308224429963e-06,0.9863470661678456,0.0049410348066844,1.555921720903473e-06,Mk_union,ITGA2B|GP1BA|PF4|PPBP,4.0,3.0,MkP,MkP,endpoint,endpoint_catalog
8059,8059,0.0,EryP,MkP,0.9862771559865308,3.0,1,2,0.0137112974371142,5.952661913055371e-06,7.770269710302129e-07,0.9862771559865308,4.634052344132197e-06,1.828351266046197e-07,Mk_union,ITGA2B|GP1BA|PF4|PPBP,4.0,3.0,MkP,MkP,endpoint,endpoint_catalog
7237,7237,0.0,EryP,MkP,0.9862582820321456,3.0,1,2,0.0135701697348019,2.3336645719258e-05,2.973823233955044e-06,0.9862582820321456,0.0001418895768754,3.3481872237019225e-06,Mk_union,ITGA2B|GP1BA|PF4|PPBP,4.0,3.0,MkP,MkP,endpoint,endpoint_catalog
6955,6955,0.0,EryP,MkP,0.9860081359915012,3.0,1,2,0.0077886836763062,0.0006292295427404,5.554837280884864e-07,0.9860081359915012,0.0055723470722624,1.0482334615409717e-06,Mk_union,ITGA2B|GP1BA|PF4|PPBP,4.0,3.0,MkP,MkP,endpoint,endpoint_catalog
1336,1336,0.0,EryP,MkP,0.9855723687957574,3.0,1,2,0.0123931367721414,0.0001356189307727,1.116770140577641e-06,0.9855723687957574,0.0018973512007218,4.07530465911287e-07,Mk_union,ITGA2B|GP1BA|PF4|PPBP,4.0,3.0,MkP,MkP,endpoint,endpoint_catalog
7592,7592,0.0,MkP,MkP,0.9855365016324676,3.0,1,2,0.0143021664504243,1.3924394217586022e-05,3.652438505918744e-07,0.9855365016324676,0.0001469473832447,9.48957948616897e-08,Mk_union,ITGA2B|GP1BA|PF4|PPBP,4.0,3.0,MkP,MkP,endpoint,endpoint_catalog
1106,1106,0.0,MkP,MkP,0.9855139652668786,3.0,1,2,0.0082669759695722,0.0033666997931958,1.862801794651912e-05,0.9855139652668786,0.0028309850027604,2.7459496465382388e-06,Mk_union,ITGA2B|GP1BA|PF4|PPBP,4.0,3.0,MkP,MkP,endpoint,endpoint_catalog
2350,2350,0.0,EryP,MkP,0.9855050437964644,3.0,1,2,0.0135867697298053,1.2426498396177404e-05,3.536428571356594e-09,0.9855050437964644,0.0008956932427311,6.319617436871752e-08,Mk_union,ITGA2B|GP1BA|PF4|PPBP,4.0,3.0,MkP,MkP,endpoint,endpoint_catalog
3786,3786,0.0,MkP,MkP,0.9854800083835098,3.0,1,2,0.0127323665020669,0.0015043715493135,2.155851517727124e-05,0.9854800083835098,0.0002613838231597,3.112267730156705e-07,Mk_union,ITGA2B|GP1BA|PF4|PPBP,4.0,3.0,MkP,MkP,endpoint,endpoint_catalog
1785,1785,0.0,MkP,MkP,0.9852419129764032,3.0,1,2,0.0023384688149076,0.0116435689494754,2.3546471165876178e-06,0.9852419129764032,0.0007718325404948,1.8620716024792928e-06,Mk_union,ITGA2B|GP1BA|PF4|PPBP,4.0,3.0,MkP,MkP,endpoint,endpoint_catalog
6740,6740,0.0,MkP,MkP,0.9852403780847396,3.0,1,2,0.0026192257407959,0.0121192749911814,3.152313746232944e-06,0.9852403780847396,9.769848686123103e-06,8.199020850700937e-06,Mk_union,ITGA2B|GP1BA|PF4|PPBP,4.0,3.0,MkP,MkP,endpoint,endpoint_catalog
5570,5570,0.0,MkP,MkP,0.9851359240789936,3.0,1,2,0.002968023112909,0.0008283278201835,1.23629369648196e-05,0.9851359240789936,0.0110487629074068,6.599143542214189e-06,Mk_union,ITGA2B|GP1BA|PF4|PPBP,4.0,3.0,MkP,MkP,endpoint,endpoint_catalog
6549,6549,0.0,EryP,MkP,0.984993910296696,3.0,1,2,0.0148558862372042,4.64524177504635e-05,4.1419843894925443e-08,0.984993910296696,0.0001033278378954,3.817906099348032e-07,Mk_union,ITGA2B|GP1BA|PF4|PPBP,4.0,3.0,MkP,MkP,endpoint,endpoint_catalog
5931,5931,0.0,EryP,MkP,0.9849474384425818,3.0,1,2,0.0101063475714463,9.097251728535528e-05,0.003738550023069,0.9849474384425818,0.0011121432166886,4.548228928821712e-06,Mk_union,ITGA2B|GP1BA|PF4|PPBP,4.0,3.0,MkP,MkP,endpoint,endpoint_catalog
1306,1306,0.0,EryP,MkP,0.984936756379349,3.0,1,2,0.0145460847492276,0.000119021025663,1.8140104073052504e-06,0.984936756379349,0.000396229994881,9.38404719478508e-08,Mk_union,ITGA2B|GP1BA|PF4|PPBP,4.0,3.0,MkP,MkP,endpoint,endpoint_catalog
3283,3283,0.0,EryP,MkP,0.9847453263569342,3.0,1,2,0.012127029116615,7.430804941132206e-05,2.455070801692904e-06,0.9847453263569342,0.0030494568778507,1.424528386887147e-06,Mk_union,ITGA2B|GP1BA|PF4|PPBP,4.0,3.0,MkP,MkP,endpoint,endpoint_catalog
4453,4453,0.0,EryP,MkP,0.9847165497925088,3.0,1,2,0.0150874177415374,0.0001319169489932,1.7547318663248434e-06,0.9847165497925088,5.780147968172424e-05,4.55930541244496e-06,Mk_union,ITGA2B|GP1BA|PF4|PPBP,4.0,3.0,MkP,MkP,endpoint,endpoint_catalog
3970,3970,0.0,EryP,MkP,0.9845996789927448,3.0,1,2,0.0153097939943591,3.137637096391861e-06,8.303882236888662e-06,0.9845996789927448,7.888256105297123e-05,2.029325096183581e-07,Mk_union,ITGA2B|GP1BA|PF4|PPBP,4.0,3.0,MkP,MkP,endpoint,endpoint_catalog
1813,1813,0.0,EryP,MkP,0.9845820301128494,3.0,1,2,0.0076005147013575,0.0059759191003071,4.901718464737614e-06,0.9845820301128494,0.0017943056718816,4.232869513944512e-05,Mk_union,ITGA2B|GP1BA|PF4|PPBP,4.0,3.0,MkP,MkP,endpoint,endpoint_catalog
8351,8351,0.0,EryP,MkP,0.9842965406970122,3.0,1,2,0.0156356609955688,3.392628134869775e-05,2.168608146981641e-07,0.9842965406970122,3.2708883765188146e-05,9.462814904845628e-07,Mk_union,ITGA2B|GP1BA|PF4|PPBP,4.0,3.0,MkP,MkP,endpoint,endpoint_catalog
5247,5247,0.0,EryP,MkP,0.9842933331920752,3.0,1,2,0.0154956058617843,2.834639541003169e-05,1.895693566403788e-07,0.9842933331920752,0.0001802717531242,2.253228249635067e-06,Mk_union,ITGA2B|GP1BA|PF4|PPBP,4.0,3.0,MkP,MkP,endpoint,endpoint_catalog
8252,8252,0.0,EryP,MkP,0.9842409479788218,3.0,1,2,0.0156063822483309,4.703101229700859e-05,1.0098804914505662e-08,0.9842409479788218,0.0001053939496838,2.347120613699285e-07,Mk_union,ITGA2B|GP1BA|PF4|PPBP,4.0,3.0,MkP,MkP,endpoint,endpoint_catalog
3826,3826,0.0,MkP,MkP,0.9841140531327532,3.0,1,2,0.0043898183651673,0.0007299338541603,0.0105439082671244,0.9841140531327532,0.0001948327072813,2.745367351328164e-05,Mk_union,ITGA2B|GP1BA|PF4|PPBP,4.0,3.0,MkP,MkP,endpoint,endpoint_catalog
4911,4911,0.0,MkP,MkP,0.98411083635816,3.0,1,2,0.0009573382054455,0.0105031728440281,0.0003471165052848,0.98411083635816,0.0039576211647717,0.0001239149223096,Mk_union,ITGA2B|GP1BA|PF4|PPBP,4.0,3.0,MkP,MkP,endpoint,endpoint_catalog
5439,5439,0.0,EryP,MkP,0.9840648888998578,3.0,1,2,0.0148410735640217,0.000271825278002,1.1872557256311277e-06,0.9840648888998578,0.0008173738387805,3.651163612308032e-06,Mk_union,ITGA2B|GP1BA|PF4|PPBP,4.0,3.0,MkP,MkP,endpoint,endpoint_catalog
7458,7458,0.0,EryP,MkP,0.9840442477299184,3.0,1,2,0.0132710303638295,0.0024067895403941,1.855103348181456e-08,0.9840442477299184,0.0002668009023659,1.1112912458487304e-05,Mk_union,ITGA2B|GP1BA|PF4|PPBP,4.0,3.0,MkP,MkP,endpoint,endpoint_catalog
162,162,0.0,EryP,MkP,0.9840032175458076,3.0,1,2,0.0150986635121897,5.537322499380925e-05,5.50208523989661e-08,0.9840032175458076,0.0008393197453763,3.370950780097896e-06,Mk_union,ITGA2B|GP1BA|PF4|PPBP,4.0,3.0,MkP,MkP,endpoint,endpoint_catalog
1042,1042,0.0,MkP,MkP,0.9839887272605172,3.0,1,2,0.0158177752004117,8.105655078471381e-05,2.5518087117688766e-06,0.9839887272605172,0.0001093998645852,4.893149893740943e-07,Mk_union,ITGA2B|GP1BA|PF4|PPBP,4.0,3.0,MkP,MkP,endpoint,endpoint_catalog
2334,2334,0.0,EryP,MkP,0.9838970313422932,3.0,1,2,0.0160067169262413,5.8840641836232985e-05,3.516118127003789e-07,0.9838970313422932,3.679210902133145e-05,2.6736879508038365e-07,Mk_union,ITGA2B|GP1BA|PF4|PPBP,4.0,3.0,MkP,MkP,endpoint,endpoint_catalog
3554,3554,0.0,EryP,MkP,0.9836906384648402,3.0,1,2,0.0162294152125993,1.5646635579632794e-05,1.5150731645583272e-06,0.9836906384648402,6.23639433007451e-05,4.206705154570828e-07,Mk_union,ITGA2B|GP1BA|PF4|PPBP,4.0,3.0,MkP,MkP,endpoint,endpoint_catalog
6337,6337,0.0,MkP,MkP,0.9836602051991992,3.0,1,2,0.0130112863373264,0.0032011865068815,0.0001103950860543,0.9836602051991992,1.6356097855107668e-05,5.707726835060315e-07,Mk_union,ITGA2B|GP1BA|PF4|PPBP,4.0,3.0,MkP,MkP,endpoint,endpoint_catalog
5093,5093,0.0,EryP,MkP,0.9835168015908724,3.0,1,2,0.0152236798643924,5.362681477943827e-05,0.0009440775914671,0.9835168015908724,0.0002608838823455,9.302561428513484e-07,Mk_union,ITGA2B|GP1BA|PF4|PPBP,4.0,3.0,MkP,MkP,endpoint,endpoint_catalog
5764,5764,0.0,EryP,MkP,0.9833490915095718,3.0,1,2,0.0159406142374041,4.740839821118944e-05,1.4696940670426876e-07,0.9833490915095718,0.0006577255046083,5.013380797924768e-06,Mk_union,ITGA2B|GP1BA|PF4|PPBP,4.0,3.0,MkP,MkP,endpoint,endpoint_catalog
2058,2058,0.0,EryP,MkP,0.9830595875993052,3.0,1,2,0.0168932748808255,3.254102323605558e-05,9.3862818674743e-10,0.9830595875993052,1.4488550043445736e-05,1.0700796122611033e-07,Mk_union,ITGA2B|GP1BA|PF4|PPBP,4.0,3.0,MkP,MkP,endpoint,endpoint_catalog
4,4,0.0,MkP,MkP,0.9828062258681616,3.0,1,2,0.0021574806621124,0.0087477199427667,0.0009663685180926,0.9828062258681616,0.005213691705192,0.0001085133036742,Mk_union,ITGA2B|GP1BA|PF4|PPBP,4.0,3.0,MkP,MkP,endpoint,endpoint_catalog
2151,2151,0.0,MkP,MkP,0.9827297617224424,3.0,1,2,0.002408610996579,0.0132170759992951,0.0001685499249457,0.9827297617224424,0.0014566414149602,1.935994177742012e-05,Mk_union,ITGA2B|GP1BA|PF4|PPBP,4.0,3.0,MkP,MkP,endpoint,endpoint_catalog
5024,5024,0.0,EryP,MkP,0.982671688748838,3.0,1,2,0.0171109520762894,0.000143222669495,1.3251417387560764e-07,0.982671688748838,7.250242798324217e-05,1.5015632203745367e-06,Mk_union,ITGA2B|GP1BA|PF4|PPBP,4.0,3.0,MkP,MkP,endpoint,endpoint_catalog
6347,6347,0.0,MasP,MkP,0.9826358828460507,3.0,1,2,0.0055602261509281,0.0042265351492419,0.0069464747373999,0.9826358828460507,0.0005754426443121,5.54384720672147e-05,Mk_union,ITGA2B|GP1BA|PF4|PPBP,4.0,3.0,MkP,MkP,endpoint,endpoint_catalog
8284,8284,0.0,MasP,MkP,0.9825606369122688,3.0,1,2,0.0066340410665745,0.0073492594555664,0.0013593697778224,0.9825606369122688,0.002076169327354,2.0523460413839845e-05,Mk_union,ITGA2B|GP1BA|PF4|PPBP,4.0,3.0,MkP,MkP,endpoint,endpoint_catalog
698,698,0.0,MkP,MkP,0.9822681163779264,3.0,1,2,0.0172610322763945,0.0001022259633332,0.000305097403203,0.9822681163779264,5.9756878181025087e-05,3.771100961527481e-06,Mk_union,ITGA2B|GP1BA|PF4|PPBP,4.0,3.0,MkP,MkP,endpoint,endpoint_catalog
4572,4572,0.0,EryP,MkP,0.9820876689517218,3.0,1,2,0.0073797402814727,3.0632976118495746e-05,9.29391692166281e-07,0.9820876689517218,0.0104991622701665,1.866128828311445e-06,Mk_union,ITGA2B|GP1BA|PF4|PPBP,4.0,3.0,MkP,MkP,endpoint,endpoint_catalog
6907,6907,0.0,EryP,MkP,0.9817217015639832,3.0,1,2,0.0174957195568965,0.000569831837394,1.489679214453587e-05,0.9817217015639832,0.0001941991965613,3.6510530203005264e-06,Mk_union,ITGA2B|GP1BA|PF4|PPBP,4.0,3.0,MkP,MkP,endpoint,endpoint_catalog
7835,7835,0.0,MkP,MkP,0.9817099218861092,3.0,1,2,0.0128849162919657,0.0042171966659989,0.0004054978877371,0.9817099218861092,0.0007670216668274,1.5445601361480275e-05,Mk_union,ITGA2B|GP1BA|PF4|PPBP,4.0,3.0,MkP,MkP,endpoint,endpoint_catalog
8353,8353,0.0,MkP,MkP,0.9815579696389108,3.0,1,2,0.0021500115948816,0.0150428662021935,7.350635177982734e-05,0.9815579696389108,0.0010057329675485,0.0001699132446855,Mk_union,ITGA2B|GP1BA|PF4|PPBP,4.0,3.0,MkP,MkP,endpoint,endpoint_catalog
4334,4334,0.0,EryP,MkP,0.9815247260067064,3.0,1,2,0.016262556885693,9.162173259137746e-05,4.8486206204661935e-08,0.9815247260067064,0.0021191382510831,1.9086377201853463e-06,Mk_union,ITGA2B|GP1BA|PF4|PPBP,4.0,3.0,MkP,MkP,endpoint,endpoint_catalog
1308,1308,0.0,MkP,MkP,0.9813962443784152,3.0,1,2,0.0005668005706263,0.0175228724534105,4.781033172974775e-07,0.9813962443784152,0.0004934852289506,2.0119265279959016e-05,Mk_union,ITGA2B|GP1BA|PF4|PPBP,4.0,3.0,MkP,MkP,endpoint,endpoint_catalog
7156,7156,0.0,EryP,MkP,0.9811760247438908,3.0,1,2,0.0184976886554996,0.0002298524604231,2.2671706134816542e-09,0.9811760247438908,9.599057806247816e-05,4.412949533967518e-07,Mk_union,ITGA2B|GP1BA|PF4|PPBP,4.0,3.0,MkP,MkP,endpoint,endpoint_catalog
157,157,0.0,EryP,MkP,0.98104556507641,3.0,1,2,0.0142045822190098,0.0005973527087559,0.0034612353227129,0.98104556507641,0.0006860986927444,5.165980366875551e-06,Mk_union,ITGA2B|GP1BA|PF4|PPBP,4.0,3.0,MkP,MkP,endpoint,endpoint_catalog
2059,2059,0.0,MkP,MkP,0.9810408410255697,3.0,1,2,0.0002495318799272,0.0182228574450415,6.074246371617901e-06,0.9810408410255697,0.0004749939707656,5.701432324383061e-06,Mk_union,ITGA2B|GP1BA|PF4|PPBP,4.0,3.0,MkP,MkP,endpoint,endpoint_catalog
6629,6629,0.0,EryP,MkP,0.98094449715147,3.0,1,2,0.018187469630112,2.729731549308816e-06,8.520543715073563e-09,0.98094449715147,0.0008651669940375,1.2797228740179726e-07,Mk_union,ITGA2B|GP1BA|PF4|PPBP,4.0,3.0,MkP,MkP,endpoint,endpoint_catalog
7044,7044,0.0,EryP,MkP,0.9808591064936348,3.0,1,2,0.0055863713125369,0.0002916611289839,2.0695133078120265e-07,0.9808591064936348,0.0132558173673577,6.836746155732587e-06,Mk_union,ITGA2B|GP1BA|PF4|PPBP,4.0,3.0,MkP,MkP,endpoint,endpoint_catalog
5407,5407,0.0,MkP,MkP,0.9808225048218628,3.0,1,2,0.000661325424557,0.0168540860666163,0.000631091120456,0.9808225048218628,0.0008395745581887,0.0001914180083189,Mk_union,ITGA2B|GP1BA|PF4|PPBP,4.0,3.0,MkP,MkP,endpoint,endpoint_catalog
2268,2268,0.0,EryP,MkP,0.9807508046258484,3.0,1,2,0.0164315313429482,0.0020370068092977,0.000341053252472,0.9807508046258484,0.0004333424671702,6.261502263387886e-06,Mk_union,ITGA2B|GP1BA|PF4|PPBP,4.0,3.0,MkP,MkP,endpoint,endpoint_catalog
365,365,0.0,EryP,MkP,0.9805373575931692,3.0,1,2,0.0182154960757306,0.0004313691214292,0.0001233581391273,0.9805373575931692,0.0006900522220974,2.3668484462376306e-06,Mk_union,ITGA2B|GP1BA|PF4|PPBP,4.0,3.0,MkP,MkP,endpoint,endpoint_catalog
7814,7814,0.0,MkP,MkP,0.9803759340869664,3.0,1,2,0.0191416218318552,0.0003899841411976,1.3207608415646748e-07,0.9803759340869664,9.063791244590756e-05,1.689951450630142e-06,Mk_union,ITGA2B|GP1BA|PF4|PPBP,4.0,3.0,MkP,MkP,endpoint,endpoint_catalog
4851,4851,0.0,EryP,MkP,0.9802677278262448,3.0,1,2,0.0196857008151033,1.1671831585719816e-05,7.735554920439412e-07,0.9802677278262448,3.399149346724535e-05,1.344781067888117e-07,Mk_union,ITGA2B|GP1BA|PF4|PPBP,4.0,3.0,MkP,MkP,endpoint,endpoint_catalog
8033,8033,0.0,EryP,MkP,0.9801271057056986,3.0,1,2,0.0195494341310512,4.836067941898599e-05,4.241873540690793e-06,0.9801271057056986,0.0002705347580667,3.2285222377531014e-07,Mk_union,ITGA2B|GP1BA|PF4|PPBP,4.0,3.0,MkP,MkP,endpoint,endpoint_catalog
3382,3382,0.0,MkP,MkP,0.9798847287284942,3.0,1,2,0.0193250650754065,0.000353667738262,6.500171863164736e-06,0.9798847287284942,0.0004299805957374,5.769023664202769e-08,Mk_union,ITGA2B|GP1BA|PF4|PPBP,4.0,3.0,MkP,MkP,endpoint,endpoint_catalog
8145,8145,0.0,EryP,MkP,0.979793851400858,3.0,1,2,0.0199197150394077,0.0001264307854478,5.48964537913501e-05,0.979793851400858,0.0001031217840484,1.9845364466048727e-06,Mk_union,ITGA2B|GP1BA|PF4|PPBP,4.0,3.0,MkP,MkP,endpoint,endpoint_catalog
3081,3081,0.0,MkP,MkP,0.9797185676805572,3.0,1,2,0.0105625150970096,0.0049542631040206,0.0006967548310653,0.9797185676805572,0.0040330190704866,3.488021686029139e-05,Mk_union,ITGA2B|GP1BA|PF4|PPBP,4.0,3.0,MkP,MkP,endpoint,endpoint_catalog
3906,3906,0.0,EryP,MkP,0.9797155598362826,3.0,1,2,0.0201900486450068,3.1105205800917616e-05,2.421444365641792e-08,0.9797155598362826,6.060465772912046e-05,2.657440736871586e-06,Mk_union,ITGA2B|GP1BA|PF4|PPBP,4.0,3.0,MkP,MkP,endpoint,endpoint_catalog
5276,5276,0.0,MkP,MkP,0.9795487410407112,3.0,1,2,0.002618850110548,0.0145050390649477,0.0005262117754324,0.9795487410407112,0.002663609938833,0.0001375480695278,Mk_union,ITGA2B|GP1BA|PF4|PPBP,4.0,3.0,MkP,MkP,endpoint,endpoint_catalog
7123,7123,0.0,EryP,MkP,0.9795181918689236,3.0,1,2,0.0203988217049351,2.417311017670674e-05,1.970665140710637e-08,0.9795181918689236,5.862640487694183e-05,1.6720443612274808e-07,Mk_union,ITGA2B|GP1BA|PF4|PPBP,4.0,3.0,MkP,MkP,endpoint,endpoint_catalog
7494,7494,0.0,EryP,MkP,0.9793991719719356,3.0,1,2,0.020590575426942,3.33448456559116e-06,8.723037114749152e-08,0.9793991719719356,6.827330257465848e-06,3.555928296099476e-09,Mk_union,ITGA2B|GP1BA|PF4|PPBP,4.0,3.0,MkP,MkP,endpoint,endpoint_catalog
2546,2546,0.0,MkP,MkP,0.9790929850935364,3.0,1,2,0.0172786840878609,0.0022554863899488,0.0008232345371947,0.9790929850935364,0.0005395314192385,1.0078472220341012e-05,Mk_union,ITGA2B|GP1BA|PF4|PPBP,4.0,3.0,MkP,MkP,endpoint,endpoint_catalog
8008,8008,0.0,MkP,MkP,0.9789186882234356,3.0,1,2,0.0017149333038649,0.0161594898772027,1.1633797036855263e-06,0.9789186882234356,0.0031933448271356,1.238038865735182e-05,Mk_union,ITGA2B|GP1BA|PF4|PPBP,4.0,3.0,MkP,MkP,endpoint,endpoint_catalog
5745,5745,0.0,EryP,MkP,0.9789184247646804,3.0,1,2,0.0207177590848018,3.447412509499865e-05,3.732088495914827e-06,0.9789184247646804,0.0003245016309712,1.108305955672645e-06,Mk_union,ITGA2B|GP1BA|PF4|PPBP,4.0,3.0,MkP,MkP,endpoint,endpoint_catalog
5113,5113,0.0,MkP,MkP,0.978818870188808,3.0,1,2,0.0113839629945156,0.0064557756531324,0.0017034397505298,0.978818870188808,0.0016297444500243,8.206962989727882e-06,Mk_union,ITGA2B|GP1BA|PF4|PPBP,4.0,3.0,MkP,MkP,endpoint,endpoint_catalog
3007,3007,0.0,EryP,MkP,0.978644881851078,3.0,1,2,0.019137554778501,1.4709592385878228e-05,0.0021237681932285,0.978644881851078,7.887039910653609e-05,2.1518569975730733e-07,Mk_union,ITGA2B|GP1BA|PF4|PPBP,4.0,3.0,MkP,MkP,endpoint,endpoint_catalog
7978,7978,0.0,EryP,MkP,0.9785804183180972,3.0,1,2,0.0183312041361585,0.0003570920903905,0.0025369526322346,0.9785804183180972,0.0001915759825489,2.756840570238988e-06,Mk_union,ITGA2B|GP1BA|PF4|PPBP,4.0,3.0,MkP,MkP,endpoint,endpoint_catalog
1090,1090,0.0,EryP,MkP,0.9784809585409564,3.0,1,2,0.0131239508042073,0.0004133255549436,0.0001074839324017,0.9784809585409564,0.0078669296748232,7.351492667740518e-06,Mk_union,ITGA2B|GP1BA|PF4|PPBP,4.0,3.0,MkP,MkP,endpoint,endpoint_catalog
7959,7959,0.0,EryP,MkP,0.9783464331349464,3.0,1,2,0.0215724598056868,4.913073037853725e-05,9.04541778410553e-08,0.9783464331349464,3.022661937448524e-05,1.6592554360524005e-06,Mk_union,ITGA2B|GP1BA|PF4|PPBP,4.0,3.0,MkP,MkP,endpoint,endpoint_catalog
5386,5386,0.0,MasP,MkP,0.978225925282833,3.0,1,2,0.0012207612985127,0.0167089922879528,7.546709980558039e-05,0.978225925282833,0.0037228949941645,4.595903673144842e-05,Mk_union,ITGA2B|GP1BA|PF4|PPBP,4.0,3.0,MkP,MkP,endpoint,endpoint_catalog
6661,6661,0.0,MkP,MkP,0.977790068828284,3.0,1,2,0.0180786741529824,0.0034266812043567,2.5815227257868894e-07,0.977790068828284,0.0007022953040143,2.022358089870715e-06,Mk_union,ITGA2B|GP1BA|PF4|PPBP,4.0,3.0,MkP,MkP,endpoint,endpoint_catalog
223,223,0.0,MkP,MkP,0.977719456872139,3.0,1,2,0.0147883670064475,0.0009395610084895,8.535956614584664e-05,0.977719456872139,0.0064437331159381,2.352243083993379e-05,Mk_union,ITGA2B|GP1BA|PF4|PPBP,4.0,3.0,MkP,MkP,endpoint,endpoint_catalog
3595,3595,0.0,EryP,MkP,0.9775325318055365,3.0,1,2,0.0223803644194219,5.865805086816634e-05,5.773847633148217e-07,0.9775325318055365,2.775556564765293e-05,1.1277376267303828e-07,Mk_union,ITGA2B|GP1BA|PF4|PPBP,4.0,3.0,MkP,MkP,endpoint,endpoint_catalog
202,202,0.0,EryP,MkP,0.9774866750691868,3.0,1,2,0.0201157255750582,6.592180117607828e-06,0.0015841263161327,0.9774866750691868,0.0008062612617634,6.195977413610883e-07,Mk_union,ITGA2B|GP1BA|PF4|PPBP,4.0,3.0,MkP,MkP,endpoint,endpoint_catalog
6279,6279,0.0,EryP,MkP,0.9774231797850146,3.0,1,2,0.0224447666208258,7.090645816331436e-05,1.6305255868963503e-09,0.9774231797850146,5.899021300752255e-05,2.15529246300913e-06,Mk_union,ITGA2B|GP1BA|PF4|PPBP,4.0,3.0,MkP,MkP,endpoint,endpoint_catalog
3148,3148,0.0,MkP,MkP,0.9774047905225016,3.0,1,2,0.0015248003782495,0.020276155568101,0.0001077456917717,0.9774047905225016,0.0004695194655305,0.0002169883738453,Mk_union,ITGA2B|GP1BA|PF4|PPBP,4.0,3.0,MkP,MkP,endpoint,endpoint_catalog
4553,4553,0.0,EryP,MkP,0.9772381813858706,3.0,1,2,0.0190611413467452,0.0005898085693569,0.0001724353244355,0.9772381813858706,0.0029372624134427,1.1709601489119844e-06,Mk_union,ITGA2B|GP1BA|PF4|PPBP,4.0,3.0,MkP,MkP,endpoint,endpoint_catalog
2406,2406,0.0,MkP,MkP,0.9772289085760988,3.0,1,2,0.0007455359253666,0.0211365513072358,1.1698455003604409e-07,0.9772289085760988,0.0008729042613914,1.5982945357324334e-05,Mk_union,ITGA2B|GP1BA|PF4|PPBP,4.0,3.0,MkP,MkP,endpoint,endpoint_catalog
6507,6507,0.0,MkP,MkP,0.9770530774439448,3.0,1,2,0.0146099461779812,0.002202645879963,0.0005626369347056,0.9770530774439448,0.0053917132324458,0.0001799803309593,Mk_union,ITGA2B|GP1BA|PF4|PPBP,4.0,3.0,MkP,MkP,endpoint,endpoint_catalog
3144,3144,0.0,EryP,MkP,0.9767427835306594,3.0,1,2,0.0231360458667661,3.7196824314020384e-05,4.830268216609984e-08,0.9767427835306594,8.298253113612956e-05,9.42944441990592e-07,Mk_union,ITGA2B|GP1BA|PF4|PPBP,4.0,3.0,MkP,MkP,endpoint,endpoint_catalog
5163,5163,0.0,EryP,MkP,0.9766366411076464,3.0,1,2,0.0218300090228559,0.0009553196297417,2.1629772515085293e-05,0.9766366411076464,0.0005541128559565,2.287611284207611e-06,Mk_union,ITGA2B|GP1BA|PF4|PPBP,4.0,3.0,MkP,MkP,endpoint,endpoint_catalog
7110,7110,0.0,MkP,MkP,0.976355317794703,3.0,1,2,0.0035790963944697,0.0114174615526241,0.0056353929051468,0.976355317794703,0.0018870424014068,0.0011256889516496,Mk_union,ITGA2B|GP1BA|PF4|PPBP,4.0,3.0,MkP,MkP,endpoint,endpoint_catalog
3248,3248,0.0,EryP,MkP,0.976085935202472,3.0,1,2,0.023744109196602,3.3986695677569055e-05,6.75580692034052e-07,0.976085935202472,0.0001350060926894,2.8723186698989946e-07,Mk_union,ITGA2B|GP1BA|PF4|PPBP,4.0,3.0,MkP,MkP,endpoint,endpoint_catalog
214,214,0.0,EryP,MkP,0.9760536283759034,3.0,1,2,0.0235787594240632,0.0001368925309038,1.2217887131055576e-06,0.9760536283759034,0.0002287194292652,7.784511514154676e-07,Mk_union,ITGA2B|GP1BA|PF4|PPBP,4.0,3.0,MkP,MkP,endpoint,endpoint_catalog
4054,4054,0.0,EryP,MkP,0.9760409246161535,3.0,1,2,0.0166310163243213,0.0028065383190277,6.632598775289683e-06,0.9760409246161535,0.0045141417990235,7.463426984921575e-07,Mk_union,ITGA2B|GP1BA|PF4|PPBP,4.0,3.0,MkP,MkP,endpoint,endpoint_catalog
7481,7481,0.0,EryP,MkP,0.976016775473596,3.0,1,2,0.0231381335683732,1.7326366984839307e-05,0.0003383151426436,0.976016775473596,0.0004865192839518,2.9301644503669685e-06,Mk_union,ITGA2B|GP1BA|PF4|PPBP,4.0,3.0,MkP,MkP,endpoint,endpoint_catalog
161,161,0.0,EryP,MkP,0.9758035277449204,3.0,1,2,0.0235839770050751,2.7328183962254555e-05,1.4108249611167732e-05,0.9758035277449204,0.0005678259812615,3.2328351696108164e-06,Mk_union,ITGA2B|GP1BA|PF4|PPBP,4.0,3.0,MkP,MkP,endpoint,endpoint_catalog
104,104,0.0,EryP,MkP,0.9756165336192012,3.0,1,2,0.0243745842960331,4.927257919656657e-06,1.3451140001783486e-07,0.9756165336192012,3.679400625588424e-06,1.4091482031434605e-07,Mk_union,ITGA2B|GP1BA|PF4|PPBP,4.0,3.0,MkP,MkP,endpoint,endpoint_catalog
5874,5874,0.0,MkP,MkP,0.9751163225424716,3.0,1,2,0.0007858351447998,0.0079248036037207,0.0137384413894627,0.9751163225424716,0.0023019921596333,0.0001326051599116,Mk_union,ITGA2B|GP1BA|PF4|PPBP,4.0,3.0,MkP,MkP,endpoint,endpoint_catalog
2126,2126,0.0,EryP,MkP,0.9751006324395544,3.0,1,2,0.0246436130086319,0.0001784204038664,2.8601865008124783e-08,0.9751006324395544,7.678344931623561e-05,5.220967658821772e-07,Mk_union,ITGA2B|GP1BA|PF4|PPBP,4.0,3.0,MkP,MkP,endpoint,endpoint_catalog
1034,1034,0.0,EryP,MkP,0.975009145590557,3.0,1,2,0.024940076580644,3.733683102237278e-05,6.030426097537637e-09,0.975009145590557,1.3332021172088544e-05,1.0294617830254965e-07,Mk_union,ITGA2B|GP1BA|PF4|PPBP,4.0,3.0,MkP,MkP,endpoint,endpoint_catalog
6076,6076,0.0,MkP,MkP,0.974889074058126,3.0,1,2,0.0177772029448333,0.003351130156306,0.0001070264257178,0.974889074058126,0.0038291375534773,4.642886153912708e-05,Mk_union,ITGA2B|GP1BA|PF4|PPBP,4.0,3.0,MkP,MkP,endpoint,endpoint_catalog
3019,3019,0.0,EryP,MkP,0.9748423952301952,3.0,1,2,0.0170459895926815,0.0015664243756792,0.0033006496429348,0.9748423952301952,0.0032368698985537,7.671259955471174e-06,Mk_union,ITGA2B|GP1BA|PF4|PPBP,4.0,3.0,MkP,MkP,endpoint,endpoint_catalog
2490,2490,0.0,MkP,MkP,0.9744829628604852,3.0,1,2,0.0027527223846446,0.0032544441836616,6.531498348917815e-06,0.9744829628604852,0.019466667506789,3.667156607056497e-05,Mk_union,ITGA2B|GP1BA|PF4|PPBP,4.0,3.0,MkP,MkP,endpoint,endpoint_catalog
2041,2041,0.0,MkP,MkP,0.97420548463711,3.0,1,2,0.0185891089713008,0.0054429374399569,3.4490243362117964e-05,0.97420548463711,0.0017053629569523,2.2615751317597867e-05,Mk_union,ITGA2B|GP1BA|PF4|PPBP,4.0,3.0,MkP,MkP,endpoint,endpoint_catalog
2898,2898,0.0,EryP,MkP,0.973807827364954,3.0,1,2,0.0252277872419787,2.303079078187376e-05,0.0008595084366869,0.973807827364954,8.13750724276163e-05,4.71093170799644e-07,Mk_union,ITGA2B|GP1BA|PF4|PPBP,4.0,3.0,MkP,MkP,endpoint,endpoint_catalog
7681,7681,0.0,EryP,MkP,0.9736780733972475,3.0,1,2,0.025936163062377,7.289429527633002e-05,6.259226791879486e-05,0.9736780733972475,0.0002499632611393,3.137160409390116e-07,Mk_union,ITGA2B|GP1BA|PF4|PPBP,4.0,3.0,MkP,MkP,endpoint,endpoint_catalog
1724,1724,0.0,EryP,MkP,0.9736302901541825,3.0,1,2,0.0262889205380652,1.011682822783416e-05,2.242028942528108e-05,0.9736302901541825,4.816244972283821e-05,8.974037652002069e-08,Mk_union,ITGA2B|GP1BA|PF4|PPBP,4.0,3.0,MkP,MkP,endpoint,endpoint_catalog
7360,7360,0.0,EryP,MkP,0.9735380281422056,3.0,1,2,0.0263086955304175,7.730372768036925e-05,6.2469726523279135e-06,0.9735380281422056,6.857751435510048e-05,1.1481126891620957e-06,Mk_union,ITGA2B|GP1BA|PF4|PPBP,4.0,3.0,MkP,MkP,endpoint,endpoint_catalog
1361,1361,0.0,MkP,MkP,0.9733455152602676,3.0,1,2,0.0184253937551566,0.0079263383624859,0.0002936034082511,0.9733455152602676,8.855870439569953e-06,2.933433994023032e-07,Mk_union,ITGA2B|GP1BA|PF4|PPBP,4.0,3.0,MkP,MkP,endpoint,endpoint_catalog
6017,6017,0.0,EryP,MkP,0.9733266269180724,3.0,1,2,0.0224196777407885,0.0004406609057022,0.002548112473494,0.9733266269180724,0.0012443863517105,2.053561023206468e-05,Mk_union,ITGA2B|GP1BA|PF4|PPBP,4.0,3.0,MkP,MkP,endpoint,endpoint_catalog
4205,4205,0.0,MkP,MkP,0.973318217928282,3.0,1,2,0.0073844803356291,0.0081724073293747,0.0092651869113283,0.973318217928282,0.0017824037405527,7.730375483311495e-05,Mk_union,ITGA2B|GP1BA|PF4|PPBP,4.0,3.0,MkP,MkP,endpoint,endpoint_catalog
4644,4644,0.0,EryP,MkP,0.9731265788265536,3.0,1,2,0.0267517445591631,8.079006243243326e-05,9.854111008520264e-08,0.9731265788265536,4.044114902835684e-05,3.468617121340248e-07,Mk_union,ITGA2B|GP1BA|PF4|PPBP,4.0,3.0,MkP,MkP,endpoint,endpoint_catalog
3185,3185,0.0,EryP,MkP,0.9728954809145902,3.0,1,2,0.0240583338942813,0.0001132039359575,2.0091507116705183e-06,0.9728954809145902,0.0029299620868965,1.010017562707674e-06,Mk_union,ITGA2B|GP1BA|PF4|PPBP,4.0,3.0,MkP,MkP,endpoint,endpoint_catalog
6159,6159,0.0,MkP,MkP,0.9726660257951334,3.0,1,2,0.0024448717934524,0.0010922374142038,0.0229905854401946,0.9726660257951334,0.0007835717907394,2.2707766276169133e-05,Mk_union,ITGA2B|GP1BA|PF4|PPBP,4.0,3.0,MkP,MkP,endpoint,endpoint_catalog
5367,5367,0.0,EryP,MkP,0.9725773138000896,3.0,1,2,0.0265107399257999,7.401164604756051e-05,0.0001707695973901,0.9725773138000896,0.0006663875729769,7.774576956815161e-07,Mk_union,ITGA2B|GP1BA|PF4|PPBP,4.0,3.0,MkP,MkP,endpoint,endpoint_catalog
4476,4476,0.0,MkP,MkP,0.9724634121305124,3.0,1,2,0.0050145112235449,0.0068358099011421,0.0154249091667837,0.9724634121305124,7.245311865950118e-05,0.0001889044593574,Mk_union,ITGA2B|GP1BA|PF4|PPBP,4.0,3.0,MkP,MkP,endpoint,endpoint_catalog
7796,7796,0.0,MkP,MkP,0.9721227953851144,3.0,1,2,0.0117484418037978,0.0146840469819748,0.0008838158691253,0.9721227953851144,0.0004966484705772,6.425148941029779e-05,Mk_union,ITGA2B|GP1BA|PF4|PPBP,4.0,3.0,MkP,MkP,endpoint,endpoint_catalog
5304,5304,0.0,EryP,MkP,0.9719420093834708,3.0,1,2,0.0280015637519436,5.79212442394868e-06,7.850764472603822e-11,0.9719420093834708,5.055292099873238e-05,8.17406551116164e-08,Mk_union,ITGA2B|GP1BA|PF4|PPBP,4.0,3.0,MkP,MkP,endpoint,endpoint_catalog
5842,5842,0.0,EryP,MkP,0.9717886753411692,3.0,1,2,0.0259793691828446,0.0016089824876296,0.0004412390166807,0.9717886753411692,0.0001780239086884,3.710062987241441e-06,Mk_union,ITGA2B|GP1BA|PF4|PPBP,4.0,3.0,MkP,MkP,endpoint,endpoint_catalog
6685,6685,0.0,EryP,MkP,0.9715487087961778,3.0,1,2,0.0284170590646174,4.753892835317259e-06,2.150744546014161e-07,0.9715487087961778,2.9155806347804843e-05,1.0736556707315309e-07,Mk_union,ITGA2B|GP1BA|PF4|PPBP,4.0,3.0,MkP,MkP,endpoint,endpoint_catalog
4564,4564,0.0,MkP,MkP,0.9714938954480512,3.0,1,2,0.0232764277660474,0.0017812131265844,5.91847978504708e-05,0.9714938954480512,0.003356667465355,3.261139611115336e-05,Mk_union,ITGA2B|GP1BA|PF4|PPBP,4.0,3.0,MkP,MkP,endpoint,endpoint_catalog
2933,2933,0.0,MkP,MkP,0.971245790580088,3.0,1,2,0.001661930550617,0.0252848778197784,0.0002896349249664,0.971245790580088,0.0014567663205279,6.099980402211967e-05,Mk_union,ITGA2B|GP1BA|PF4|PPBP,4.0,3.0,MkP,MkP,endpoint,endpoint_catalog
4080,4080,0.0,MasP,MkP,0.9709235796726694,3.0,1,2,0.0050357844956245,0.0008364447861152,0.0006986025157917,0.9709235796726694,0.0224825913173447,2.2997212454142044e-05,Mk_union,ITGA2B|GP1BA|PF4|PPBP,4.0,3.0,MkP,MkP,endpoint,endpoint_catalog
4856,4856,0.0,MkP,MkP,0.9705468855807684,3.0,1,2,0.0011870977036496,0.0076326317055489,1.5230148780525031e-05,0.9705468855807684,0.0206157847690932,2.3700921592702124e-06,Mk_union,ITGA2B|GP1BA|PF4|PPBP,4.0,3.0,MkP,MkP,endpoint,endpoint_catalog
8109,8109,0.0,MkP,MkP,0.9705210461151542,3.0,1,2,0.0109512496231445,0.0164655714997334,0.0004902583175369,0.9705210461151542,0.0015518731141804,2.000133025029337e-05,Mk_union,ITGA2B|GP1BA|PF4|PPBP,4.0,3.0,MkP,MkP,endpoint,endpoint_catalog
4716,4716,0.0,EryP,MkP,0.9703380077301548,3.0,1,2,0.0181394266835946,5.063776086431742e-05,0.0106349913396195,0.9703380077301548,0.0008332277555414,3.7087302252927473e-06,Mk_union,ITGA2B|GP1BA|PF4|PPBP,4.0,3.0,MkP,MkP,endpoint,endpoint_catalog
5073,5073,0.0,EryP,MkP,0.9700042778368811,3.0,1,2,0.0293592386901828,2.2395766607795224e-05,2.4807669301518493e-05,0.9700042778368811,0.000588448386015,8.316510116785777e-07,Mk_union,ITGA2B|GP1BA|PF4|PPBP,4.0,3.0,MkP,MkP,endpoint,endpoint_catalog
175,175,0.0,MkP,MkP,0.9699534121283788,3.0,1,2,0.0026639420996286,0.0253880784181124,1.696960653600582e-06,0.9699534121283788,0.0019798164159978,1.3053977228922122e-05,Mk_union,ITGA2B|GP1BA|PF4|PPBP,4.0,3.0,MkP,MkP,endpoint,endpoint_catalog
1327,1327,0.0,EryP,MkP,0.9695242527329754,3.0,1,2,0.0302269915002081,0.0001127170744155,5.189278423819041e-06,0.9695242527329754,0.0001304126943212,4.367196559110002e-07,Mk_union,ITGA2B|GP1BA|PF4|PPBP,4.0,3.0,MkP,MkP,endpoint,endpoint_catalog
518,518,0.0,EryP,MkP,0.9690755794516024,3.0,1,2,0.0284189640321114,2.66306588300511e-05,7.746689216832975e-06,0.9690755794516024,0.0024689285224018,2.1506458375340512e-06,Mk_union,ITGA2B|GP1BA|PF4|PPBP,4.0,3.0,MkP,MkP,endpoint,endpoint_catalog
1602,1602,0.0,MkP,MkP,0.9686172154524284,3.0,1,2,0.0051916608749862,0.0237624942398257,1.76310326956876e-05,0.9686172154524284,0.0023028129540289,0.0001081854460348,Mk_union,ITGA2B|GP1BA|PF4|PPBP,4.0,3.0,MkP,MkP,endpoint,endpoint_catalog
6861,6861,0.0,MkP,MkP,0.9684285002324998,3.0,1,2,0.0312480848808413,0.0002834514463561,9.844374024622203e-06,0.9684285002324998,2.960607607835324e-05,5.129901996236038e-07,Mk_union,ITGA2B|GP1BA|PF4|PPBP,4.0,3.0,MkP,MkP,endpoint,endpoint_catalog
4294,4294,0.0,MkP,MkP,0.9679651418929228,3.0,1,2,0.0130867507202008,0.0068172237570494,0.0002346772269186,0.9679651418929228,0.0115859481235036,0.0003102582794048,Mk_union,ITGA2B|GP1BA|PF4|PPBP,4.0,3.0,MkP,MkP,endpoint,endpoint_catalog
5995,5995,0.0,MkP,MkP,0.9678086532938726,3.0,1,2,0.0091008146407546,0.0207567975329015,0.0020837315932106,0.9678086532938726,0.0002122886779089,3.77142613515749e-05,Mk_union,ITGA2B|GP1BA|PF4|PPBP,4.0,3.0,MkP,MkP,endpoint,endpoint_catalog
581,581,0.0,MkP,MkP,0.9675452466689616,3.0,1,2,0.0044841574245239,0.0233122617763152,3.93897706219007e-05,0.9675452466689616,0.0044439424396816,0.0001750019198956,Mk_union,ITGA2B|GP1BA|PF4|PPBP,4.0,3.0,MkP,MkP,endpoint,endpoint_catalog
4278,4278,0.0,MkP,MkP,0.96724391825548,3.0,1,2,0.0014792456437704,0.0114871583510706,0.0018059991168466,0.96724391825548,0.0179550153076069,2.8663325225035325e-05,Mk_union,ITGA2B|GP1BA|PF4|PPBP,4.0,3.0,MkP,MkP,endpoint,endpoint_catalog
3221,3221,0.0,MkP,MkP,0.967063835110994,3.0,1,2,0.0121015368218675,0.0140038309718362,0.0005528269677766,0.967063835110994,0.0059239133068829,0.0003540568206426,Mk_union,ITGA2B|GP1BA|PF4|PPBP,4.0,3.0,MkP,MkP,endpoint,endpoint_catalog
7284,7284,0.0,MkP,MkP,0.9664270200510868,3.0,1,2,0.0026941288923685,0.0225475954159648,0.0080139371302875,0.9664270200510868,0.0001316711248758,0.0001856473854163,Mk_union,ITGA2B|GP1BA|PF4|PPBP,4.0,3.0,MkP,MkP,endpoint,endpoint_catalog
7901,7901,0.0,EryP,MkP,0.9659891621301936,3.0,1,2,0.0161374278873803,0.0003312085049464,3.5202047952992723e-06,0.9659891621301936,0.0175376865787367,9.946939476760544e-07,Mk_union,ITGA2B|GP1BA|PF4|PPBP,4.0,3.0,MkP,MkP,endpoint,endpoint_catalog
1847,1847,0.0,EryP,MkP,0.9659018749512815,3.0,1,2,0.032847838855694,2.573506573159255e-05,7.962377253270508e-05,0.9659018749512815,0.0011435307345905,1.396620169607042e-06,Mk_union,ITGA2B|GP1BA|PF4|PPBP,4.0,3.0,MkP,MkP,endpoint,endpoint_catalog
465,465,0.0,EryP,MkP,0.9658279795569475,3.0,1,2,0.0313456082874777,0.001037060138586,2.0959971127212276e-08,0.9658279795569475,0.0017737445816635,1.5586475354071345e-05,Mk_union,ITGA2B|GP1BA|PF4|PPBP,4.0,3.0,MkP,MkP,endpoint,endpoint_catalog
1259,1259,0.0,EryP,MkP,0.965809914553353,3.0,1,2,0.0330008998226407,0.0005267898410344,3.5400402251503936e-05,0.965809914553353,0.0006254474236723,1.547957048110606e-06,Mk_union,ITGA2B|GP1BA|PF4|PPBP,4.0,3.0,MkP,MkP,endpoint,endpoint_catalog
364,364,0.0,EryP,MkP,0.9653708600984532,3.0,1,2,0.0345173785340223,1.144936615447155e-05,4.1210570367160976e-06,0.9653708600984532,9.608618132262208e-05,1.0476301073142069e-07,Mk_union,ITGA2B|GP1BA|PF4|PPBP,4.0,3.0,MkP,MkP,endpoint,endpoint_catalog
3995,3995,0.0,MkP,MkP,0.9653549041378404,3.0,1,2,0.0340196034959766,0.0001680942192449,0.0001049727597796,0.9653549041378404,0.0003517682692579,6.57117900200729e-07,Mk_union,ITGA2B|GP1BA|PF4|PPBP,4.0,3.0,MkP,MkP,endpoint,endpoint_catalog
579,579,0.0,MkP,MkP,0.9651596369694512,3.0,1,2,0.0341719613961793,0.000219869126685,0.0001596896504546,0.9651596369694512,0.0002878672518569,9.756053726078597e-07,Mk_union,ITGA2B|GP1BA|PF4|PPBP,4.0,3.0,MkP,MkP,endpoint,endpoint_catalog
3833,3833,0.0,EryP,MkP,0.9651524067966964,3.0,1,2,0.0345137399693568,0.0001797021029606,1.401088422796667e-07,0.9651524067966964,0.0001522754496487,1.7355724951647416e-06,Mk_union,ITGA2B|GP1BA|PF4|PPBP,4.0,3.0,MkP,MkP,endpoint,endpoint_catalog
1555,1555,0.0,MkP,MkP,0.96490337633722,3.0,1,2,0.0094733600289084,0.0052092054997375,0.0166478808053001,0.96490337633722,0.0036901488893305,7.60284395033329e-05,Mk_union,ITGA2B|GP1BA|PF4|PPBP,4.0,3.0,MkP,MkP,endpoint,endpoint_catalog
1093,1093,0.0,EryP,MkP,0.9647531563788808,3.0,1,2,0.0069068168858008,0.0092207841607166,0.014300318757003,0.9647531563788808,0.0044930582688809,0.0003258655487175,Mk_union,ITGA2B|GP1BA|PF4|PPBP,4.0,3.0,MkP,MkP,endpoint,endpoint_catalog
2485,2485,0.0,EryP,MkP,0.9644387523732472,3.0,1,2,0.0353090276458943,1.0096343208125358e-05,1.6606320894083265e-06,0.9644387523732472,0.0002398589626894,6.040428714412855e-07,Mk_union,ITGA2B|GP1BA|PF4|PPBP,4.0,3.0,MkP,MkP,endpoint,endpoint_catalog
3370,3370,0.0,EryP,MkP,0.964411344635328,3.0,1,2,0.035543695015222,6.246437418436171e-06,2.026579609745817e-05,0.964411344635328,1.8430266071050224e-05,1.784986304809375e-08,Mk_union,ITGA2B|GP1BA|PF4|PPBP,4.0,3.0,MkP,MkP,endpoint,endpoint_catalog
1512,1512,0.0,EryP,MkP,0.9642174146931471,3.0,1,2,0.0357366181321462,1.1694549744394875e-05,9.828715565999372e-07,0.9642174146931471,3.256320260953223e-05,7.265507960480264e-07,Mk_union,ITGA2B|GP1BA|PF4|PPBP,4.0,3.0,MkP,MkP,endpoint,endpoint_catalog
6225,6225,0.0,MkP,MkP,0.9641618789086692,3.0,1,2,0.0012763215608129,0.0344218369163892,8.0864398732409e-06,0.9641618789086692,0.0001296908446019,2.185329653273957e-06,Mk_union,ITGA2B|GP1BA|PF4|PPBP,4.0,3.0,MkP,MkP,endpoint,endpoint_catalog
1683,1683,0.0,MkP,MkP,0.9641118826626196,3.0,1,2,0.0068409748347941,0.0278531103298772,0.0005295435013996,0.9641118826626196,0.0006118299639441,5.265870736529305e-05,Mk_union,ITGA2B|GP1BA|PF4|PPBP,4.0,3.0,MkP,MkP,endpoint,endpoint_catalog
7911,7911,0.0,MkP,MkP,0.9638372378998902,3.0,1,2,0.0054378001213686,0.0217337875646275,0.0001471396243263,0.9638372378998902,0.0086185078049837,0.0002255269848035,Mk_union,ITGA2B|GP1BA|PF4|PPBP,4.0,3.0,MkP,MkP,endpoint,endpoint_catalog
1874,1874,0.0,EryP,MkP,0.9636834904888212,3.0,1,2,0.0361737205487244,4.7948686107152194e-05,1.361151202334146e-06,0.9636834904888212,9.105615564919995e-05,2.422969495610472e-06,Mk_union,ITGA2B|GP1BA|PF4|PPBP,4.0,3.0,MkP,MkP,endpoint,endpoint_catalog
4840,4840,0.0,MkP,MkP,0.9633491217376204,3.0,1,2,0.0235278695411917,0.0121257765160439,9.18597027618948e-05,0.9633491217376204,0.0008990593923617,6.3131100202748775e-06,Mk_union,ITGA2B|GP1BA|PF4|PPBP,4.0,3.0,MkP,MkP,endpoint,endpoint_catalog
1521,1521,0.0,MkP,MkP,0.9632558518090458,3.0,1,2,0.009298015766075,0.0270586428563871,5.012378162723282e-06,0.9632558518090458,0.0003734633921531,9.013798176329713e-06,Mk_union,ITGA2B|GP1BA|PF4|PPBP,4.0,3.0,MkP,MkP,endpoint,endpoint_catalog
3695,3695,0.0,EryP,MkP,0.96305136158576,3.0,1,2,0.0367842995007858,4.268965084058551e-05,9.967055520652705e-08,0.96305136158576,0.0001206509741764,8.986178818347842e-07,Mk_union,ITGA2B|GP1BA|PF4|PPBP,4.0,3.0,MkP,MkP,endpoint,endpoint_catalog
2116,2116,0.0,EryP,MkP,0.9629582899119452,3.0,1,2,0.0369680641725724,4.595784542549031e-05,2.3400516757261986e-06,0.9629582899119452,2.5269953437666188e-05,7.806494348247707e-08,Mk_union,ITGA2B|GP1BA|PF4|PPBP,4.0,3.0,MkP,MkP,endpoint,endpoint_catalog
4411,4411,0.0,EryP,MkP,0.9626754946988608,3.0,1,2,0.0331701337839543,9.53434448401188e-05,0.0033032397976176,0.9626754946988608,0.0007480672846586,7.720990068434476e-06,Mk_union,ITGA2B|GP1BA|PF4|PPBP,4.0,3.0,MkP,MkP,endpoint,endpoint_catalog
6515,6515,0.0,EryP,MkP,0.9625549494129536,3.0,1,2,0.0374372564482924,2.698872739870093e-06,9.287929985783424e-07,0.9625549494129536,4.087949649973556e-06,7.852336531683227e-08,Mk_union,ITGA2B|GP1BA|PF4|PPBP,4.0,3.0,MkP,MkP,endpoint,endpoint_catalog
1539,1539,0.0,MkP,MkP,0.962519552879956,3.0,1,2,0.0370979527317156,0.0002574292798621,6.347891340997484e-05,0.962519552879956,5.990569452491485e-05,1.680500531238125e-06,Mk_union,ITGA2B|GP1BA|PF4|PPBP,4.0,3.0,MkP,MkP,endpoint,endpoint_catalog
3647,3647,0.0,EryP,MkP,0.9624912479405034,3.0,1,2,0.021330958270574,6.827890933516313e-05,0.0144476623513931,0.9624912479405034,0.0016610791089302,7.734192638344117e-07,Mk_union,ITGA2B|GP1BA|PF4|PPBP,4.0,3.0,MkP,MkP,endpoint,endpoint_catalog
7056,7056,0.0,EryP,MkP,0.9624685195365306,3.0,1,2,0.0370780200479339,0.000351914518332,3.3166034805104644e-09,0.9624685195365306,9.965827674162e-05,1.8843038583763144e-06,Mk_union,ITGA2B|GP1BA|PF4|PPBP,4.0,3.0,MkP,MkP,endpoint,endpoint_catalog
2154,2154,0.0,MkP,MkP,0.9621490258985136,3.0,1,2,0.0137862467058271,0.0126040973540273,0.0027613315050997,0.9621490258985136,0.0085915652929206,0.0001077332436116,Mk_union,ITGA2B|GP1BA|PF4|PPBP,4.0,3.0,MkP,MkP,endpoint,endpoint_catalog
3001,3001,0.0,EryP,MkP,0.9621458764352008,3.0,1,2,0.0369079621857455,7.441194886555149e-06,1.5741610758372288e-07,0.9621458764352008,0.0009374483158019,1.1144522574891035e-06,Mk_union,ITGA2B|GP1BA|PF4|PPBP,4.0,3.0,MkP,MkP,endpoint,endpoint_catalog
2164,2164,0.0,MkP,MkP,0.962040110957666,3.0,1,2,0.0007325268493346,0.0363758403335309,0.000203437824409,0.962040110957666,0.0005647371213359,8.334691372323971e-05,Mk_union,ITGA2B|GP1BA|PF4|PPBP,4.0,3.0,MkP,MkP,endpoint,endpoint_catalog
6602,6602,0.0,EryP,MkP,0.9620005457276316,3.0,1,2,0.0378594944750259,3.877108630010336e-05,5.163350381189589e-08,0.9620005457276316,0.0001005975065597,5.395709788772925e-07,Mk_union,ITGA2B|GP1BA|PF4|PPBP,4.0,3.0,MkP,MkP,endpoint,endpoint_catalog
2378,2378,0.0,MkP,MkP,0.9618846696154384,3.0,1,2,0.014143321111864,0.0011263905523913,0.0222454980362118,0.9618846696154384,0.0005915386816547,8.582002439823878e-06,Mk_union,ITGA2B|GP1BA|PF4|PPBP,4.0,3.0,MkP,MkP,endpoint,endpoint_catalog
3859,3859,0.0,MkP,MkP,0.9618366475799104,3.0,1,2,0.0331757695930704,0.0034981886426025,0.0004340530263834,0.9618366475799104,0.0010520635579788,3.277600054414762e-06,Mk_union,ITGA2B|GP1BA|PF4|PPBP,4.0,3.0,MkP,MkP,endpoint,endpoint_catalog
2214,2214,0.0,MkP,MkP,0.9618002912267638,3.0,1,2,0.0125776343857765,0.0173751897876444,0.0013035168329195,0.9618002912267638,0.0068699972641684,7.337050272716937e-05,Mk_union,ITGA2B|GP1BA|PF4|PPBP,4.0,3.0,MkP,MkP,endpoint,endpoint_catalog
6780,6780,0.0,EryP,MkP,0.9615219106798192,3.0,1,2,0.0371695990559211,2.476564875309352e-05,5.9310011451041736e-08,0.9615219106798192,0.0012830243256703,6.409798244566498e-07,Mk_union,ITGA2B|GP1BA|PF4|PPBP,4.0,3.0,MkP,MkP,endpoint,endpoint_catalog
3379,3379,0.0,EryP,MkP,0.9614128895848604,3.0,1,2,0.035497624120671,1.4535640771135635e-05,0.0028416106478328,0.9614128895848604,0.00022450752241,8.832483454697289e-06,Mk_union,ITGA2B|GP1BA|PF4|PPBP,4.0,3.0,MkP,MkP,endpoint,endpoint_catalog
5728,5728,0.0,EryP,MkP,0.9613511431727568,3.0,1,2,0.0384981188539847,2.692512186962761e-05,1.1583174030912262e-05,0.9613511431727568,0.0001119258212727,3.038560852504993e-07,Mk_union,ITGA2B|GP1BA|PF4|PPBP,4.0,3.0,MkP,MkP,endpoint,endpoint_catalog
4960,4960,0.0,EryP,MkP,0.9609225704124318,3.0,1,2,0.0360177907186568,5.583142442175375e-05,3.7986116023560384e-08,0.9609225704124318,0.0030031743560805,5.951022929776706e-07,Mk_union,ITGA2B|GP1BA|PF4|PPBP,4.0,3.0,MkP,MkP,endpoint,endpoint_catalog
3295,3295,0.0,EryP,MkP,0.9607739828025076,3.0,1,2,0.0388224867202407,2.381836179585652e-05,3.411473023660097e-07,0.9607739828025076,0.0003781194223222,1.251545831302217e-06,Mk_union,ITGA2B|GP1BA|PF4|PPBP,4.0,3.0,MkP,MkP,endpoint,endpoint_catalog
5062,5062,0.0,EryP,MkP,0.9602814057720688,3.0,1,2,0.0395346531312576,1.7599911630559214e-05,1.5080534908297795e-05,0.9602814057720688,0.0001511569175136,1.0373262085380509e-07,Mk_union,ITGA2B|GP1BA|PF4|PPBP,4.0,3.0,MkP,MkP,endpoint,endpoint_catalog
1215,1215,0.0,EryP,MkP,0.9601261035034304,3.0,1,2,0.0297793035615905,0.0003265376238398,1.2435759472632438e-06,0.9601261035034304,0.0097628592998209,3.952435371129147e-06,Mk_union,ITGA2B|GP1BA|PF4|PPBP,4.0,3.0,MkP,MkP,endpoint,endpoint_catalog
1293,1293,0.0,MasP,MkP,0.9597646199199926,3.0,1,2,0.0184717070026214,0.0027604829345565,0.0145927908034419,0.9597646199199926,0.0042593721114073,0.0001510272279802,Mk_union,ITGA2B|GP1BA|PF4|PPBP,4.0,3.0,MkP,MkP,endpoint,endpoint_catalog
2118,2118,0.0,EryP,MkP,0.9593270227846836,3.0,1,2,0.0381477317584213,8.723982036692125e-05,3.232673300008478e-07,0.9593270227846836,0.0024351684665516,2.513902646239927e-06,Mk_union,ITGA2B|GP1BA|PF4|PPBP,4.0,3.0,MkP,MkP,endpoint,endpoint_catalog
4384,4384,0.0,MkP,MkP,0.9589357523514864,3.0,1,2,0.0011120735210436,0.0376606535954883,2.8975832624016334e-05,0.9589357523514864,0.0022468681609091,1.5676538448435135e-05,Mk_union,ITGA2B|GP1BA|PF4|PPBP,4.0,3.0,MkP,MkP,endpoint,endpoint_catalog
599,599,0.0,MkP,MkP,0.9585504427856334,3.0,1,2,0.0122129363952466,0.0240958448529187,0.0040113083719873,0.9585504427856334,0.0011263831167858,3.0844774281110453e-06,Mk_union,ITGA2B|GP1BA|PF4|PPBP,4.0,3.0,MkP,MkP,endpoint,endpoint_catalog
5383,5383,0.0,EryP,MkP,0.9575578902317649,3.0,1,2,0.0390356931939015,0.0013793133847915,7.33356925214917e-07,0.9575578902317649,0.0020030406050347,2.3329227582273576e-05,Mk_union,ITGA2B|GP1BA|PF4|PPBP,4.0,3.0,MkP,MkP,endpoint,endpoint_catalog
2385,2385,0.0,EryP,MkP,0.955945355111436,3.0,1,2,0.0427491818128045,0.0002909878624581,7.647086652128096e-07,0.955945355111436,0.0010095877958469,4.122708789086383e-06,Mk_union,ITGA2B|GP1BA|PF4|PPBP,4.0,3.0,MkP,MkP,endpoint,endpoint_catalog
825,825,0.0,MkP,MkP,0.9557833906274738,3.0,1,2,0.0118401026342518,0.0231194666564535,0.0005986595421257,0.9557833906274738,0.0086447947158926,1.3585823802391578e-05,Mk_union,ITGA2B|GP1BA|PF4|PPBP,4.0,3.0,MkP,MkP,endpoint,endpoint_catalog
4692,4692,0.0,MkP,MkP,0.9554726929439888,3.0,1,2,0.0426256495510803,0.0018403891433663,4.847018016689259e-07,0.9554726929439888,5.947491425023457e-05,1.308745512532438e-06,Mk_union,ITGA2B|GP1BA|PF4|PPBP,4.0,3.0,MkP,MkP,endpoint,endpoint_catalog
1661,1661,0.0,EryP,MkP,0.9545939836507558,3.0,1,2,0.0451268942304652,6.055602925675841e-05,7.138347601163391e-09,0.9545939836507558,0.0002178580806287,7.008705458200069e-07,Mk_union,ITGA2B|GP1BA|PF4|PPBP,4.0,3.0,MkP,MkP,endpoint,endpoint_catalog
6051,6051,0.0,MkP,MkP,0.9536898993897296,3.0,1,2,0.0362983555980113,0.0066874344712008,0.0003192647211718,0.9536898993897296,0.0029548198055945,5.022601429188295e-05,Mk_union,ITGA2B|GP1BA|PF4|PPBP,4.0,3.0,MkP,MkP,endpoint,endpoint_catalog
5414,5414,0.0,EryP,MkP,0.9531326763180904,3.0,1,2,0.0467015580750338,5.1362387360036686e-05,5.84194227303585e-08,0.9531326763180904,0.0001141613923509,1.834077421080376e-07,Mk_union,ITGA2B|GP1BA|PF4|PPBP,4.0,3.0,MkP,MkP,endpoint,endpoint_catalog
3724,3724,0.0,MkP,MkP,0.9529768189228488,3.0,1,2,0.0038489105970367,0.0222597600428124,0.0143484759757616,0.9529768189228488,0.0064634011009965,0.0001026333605434,Mk_union,ITGA2B|GP1BA|PF4|PPBP,4.0,3.0,MkP,MkP,endpoint,endpoint_catalog
3436,3436,0.0,MasP,MkP,0.9528142145413636,3.0,1,2,0.0137535277279028,0.0227325782252619,0.0013947326786054,0.9528142145413636,0.0083078018672453,0.0009971449596206,Mk_union,ITGA2B|GP1BA|PF4|PPBP,4.0,3.0,MkP,MkP,endpoint,endpoint_catalog
2943,2943,0.0,MkP,MkP,0.9522977829652374,3.0,1,2,0.0024662111509429,0.0410568020961282,8.200871298197243e-05,0.9522977829652374,0.0040569009782451,4.029409646422331e-05,Mk_union,ITGA2B|GP1BA|PF4|PPBP,4.0,3.0,MkP,MkP,endpoint,endpoint_catalog
544,544,0.0,EryP,MkP,0.9521109690194072,3.0,1,2,0.0442134398505454,8.410532524747805e-05,0.0001395102360255,0.9521109690194072,0.0034307332602333,2.124230854104756e-05,Mk_union,ITGA2B|GP1BA|PF4|PPBP,4.0,3.0,MkP,MkP,endpoint,endpoint_catalog
7745,7745,0.0,EryP,MkP,0.952038484626755,3.0,1,2,0.0479051024545085,2.479969837991432e-05,4.274833151073801e-06,0.952038484626755,2.7169196075929697e-05,1.6919112956436737e-07,Mk_union,ITGA2B|GP1BA|PF4|PPBP,4.0,3.0,MkP,MkP,endpoint,endpoint_catalog
5416,5416,0.0,EryP,MkP,0.9519829950034704,3.0,1,2,0.0475099443445971,6.439966329354791e-06,5.954824580820116e-09,0.9519829950034704,0.0005004216838547,1.930469236484253e-07,Mk_union,ITGA2B|GP1BA|PF4|PPBP,4.0,3.0,MkP,MkP,endpoint,endpoint_catalog
6578,6578,0.0,MasP,MkP,0.9510369818442018,3.0,1,2,0.0457422933859541,0.000392930338795,0.0015906368332683,0.9510369818442018,0.001236533911335,6.236864455096646e-07,Mk_union,ITGA2B|GP1BA|PF4|PPBP,4.0,3.0,MkP,MkP,endpoint,endpoint_catalog
4199,4199,0.0,MkP,MkP,0.95091575551272,3.0,1,2,0.0025665530653446,0.0261194769341796,0.0085955291676381,0.95091575551272,0.0075502894290816,0.004252395891036,Mk_union,ITGA2B|GP1BA|PF4|PPBP,4.0,3.0,MkP,MkP,endpoint,endpoint_catalog
1218,1218,0.0,EryP,MkP,0.9506394941110174,3.0,1,2,0.0480200026403949,3.603251478492892e-05,1.5505119086758414e-07,0.9506394941110174,0.0013027725620013,1.5431206105922303e-06,Mk_union,ITGA2B|GP1BA|PF4|PPBP,4.0,3.0,MkP,MkP,endpoint,endpoint_catalog
5212,5212,0.0,EryP,MkP,0.9505931996007722,3.0,1,2,0.0486100579576678,4.440352751804138e-05,7.469548048089176e-06,0.9505931996007722,0.0007443175253811,5.518406127820741e-07,Mk_union,ITGA2B|GP1BA|PF4|PPBP,4.0,3.0,MkP,MkP,endpoint,endpoint_catalog
7976,7976,0.0,EryP,MkP,0.9504091654591176,3.0,1,2,0.0481787021908802,0.000303962288106,4.235461241808939e-05,0.9504091654591176,0.0010645301092143,1.2853402639084403e-06,Mk_union,ITGA2B|GP1BA|PF4|PPBP,4.0,3.0,MkP,MkP,endpoint,endpoint_catalog
7955,7955,0.0,EryP,MkP,0.9499979428199092,3.0,1,2,0.0197645904583053,0.0001081007845851,0.0300178155091251,0.9499979428199092,0.0001099123161459,1.6381119292710349e-06,Mk_union,ITGA2B|GP1BA|PF4|PPBP,4.0,3.0,MkP,MkP,endpoint,endpoint_catalog
7086,7086,0.0,EryP,MkP,0.9499275924770788,3.0,1,2,0.0165473339694039,9.794657037431234e-05,0.031768643693061,0.9499275924770788,0.0016532226705172,5.260619564862662e-06,Mk_union,ITGA2B|GP1BA|PF4|PPBP,4.0,3.0,MkP,MkP,endpoint,endpoint_catalog
7750,7750,0.0,EryP,MkP,0.9497795871606876,3.0,1,2,0.0475143378164811,4.282985780565927e-05,0.0002654887976498,0.9497795871606876,0.002387015552009,1.0740815366532268e-05,Mk_union,ITGA2B|GP1BA|PF4|PPBP,4.0,3.0,MkP,MkP,endpoint,endpoint_catalog
6521,6521,0.0,EryP,MkP,0.9495828152179676,3.0,1,2,0.016028952035318,0.0003236474358828,0.0320514898916827,0.9495828152179676,0.0019999742268349,1.31211923137135e-05,Mk_union,ITGA2B|GP1BA|PF4|PPBP,4.0,3.0,MkP,MkP,endpoint,endpoint_catalog
827,827,0.0,MasP,MkP,0.9488939138079256,3.0,1,2,0.0316280828138779,0.0005294038784498,0.0178869875785481,0.9488939138079256,0.0010588363655604,2.7755556380202733e-06,Mk_union,ITGA2B|GP1BA|PF4|PPBP,4.0,3.0,MkP,MkP,endpoint,endpoint_catalog
1783,1783,0.0,MkP,MkP,0.9488317173425278,3.0,1,2,0.0097589853531297,0.0143038132613793,0.0061307331334206,0.9488317173425278,0.0208885549347262,8.619597481625437e-05,Mk_union,ITGA2B|GP1BA|PF4|PPBP,4.0,3.0,MkP,MkP,endpoint,endpoint_catalog
2987,2987,0.0,EryP,MkP,0.9484569696770834,3.0,1,2,0.051252918039783,0.0002285850190002,1.1648660289551204e-09,0.9484569696770834,5.389362319750632e-05,7.632476069668061e-06,Mk_union,ITGA2B|GP1BA|PF4|PPBP,4.0,3.0,MkP,MkP,endpoint,endpoint_catalog
2474,2474,0.0,EryP,MkP,0.9482060360792004,3.0,1,2,0.0517417284177931,1.2377760772949314e-05,6.149938201318033e-08,0.9482060360792004,3.963931077366007e-05,1.5693207787621745e-07,Mk_union,ITGA2B|GP1BA|PF4|PPBP,4.0,3.0,MkP,MkP,endpoint,endpoint_catalog
3087,3087,0.0,EryP,MkP,0.9481802513346872,3.0,1,2,0.0517289260868252,4.166992946197743e-05,3.5528543708999025e-08,0.9481802513346872,4.901586495129361e-05,1.012555307131789e-07,Mk_union,ITGA2B|GP1BA|PF4|PPBP,4.0,3.0,MkP,MkP,endpoint,endpoint_catalog
6755,6755,0.0,EryP,MkP,0.947500756759637,3.0,1,2,0.0502781614697253,6.222864334827343e-05,5.376187308203188e-07,0.947500756759637,0.0021578149231213,5.00585437001367e-07,Mk_union,ITGA2B|GP1BA|PF4|PPBP,4.0,3.0,MkP,MkP,endpoint,endpoint_catalog
3128,3128,0.0,MkP,MkP,0.946630558983824,3.0,1,2,0.0120860459668811,0.029568699517049,0.0003580550140333,0.946630558983824,0.0083704861809606,0.0029861543372517,Mk_union,ITGA2B|GP1BA|PF4|PPBP,4.0,3.0,MkP,MkP,endpoint,endpoint_catalog
4432,4432,0.0,EryP,MkP,0.9465200776824256,3.0,1,2,0.0514122474882661,3.977673549261716e-05,1.5513038814329923e-06,0.9465200776824256,0.0020261275788156,2.192111183663857e-07,Mk_union,ITGA2B|GP1BA|PF4|PPBP,4.0,3.0,MkP,MkP,endpoint,endpoint_catalog
7770,7770,0.0,EryP,MkP,0.9464927851772212,3.0,1,2,0.0360510411548358,0.0001933217301846,0.0166312446012611,0.9464927851772212,0.0006249421676026,6.66516889446722e-06,Mk_union,ITGA2B|GP1BA|PF4|PPBP,4.0,3.0,MkP,MkP,endpoint,endpoint_catalog
2369,2369,0.0,EryP,MkP,0.9454298829915088,3.0,1,2,0.0462868766695092,2.278766119577833e-05,0.0071230836915961,0.9454298829915088,0.0011369519382343,4.1704795562947474e-07,Mk_union,ITGA2B|GP1BA|PF4|PPBP,4.0,3.0,MkP,MkP,endpoint,endpoint_catalog
158,158,0.0,EryP,MkP,0.9452363360316778,3.0,1,2,0.0544778579988114,2.550981015799165e-05,6.341869872748957e-09,0.9452363360316778,0.0002573669627282,2.922854754705344e-06,Mk_union,ITGA2B|GP1BA|PF4|PPBP,4.0,3.0,MkP,MkP,endpoint,endpoint_catalog
7515,7515,0.0,EryP,MkP,0.944281699156956,3.0,1,2,0.0331356833990732,0.0015748666127385,0.0002509137309703,0.944281699156956,0.0207519863909209,4.850709340793062e-06,Mk_union,ITGA2B|GP1BA|PF4|PPBP,4.0,3.0,MkP,MkP,endpoint,endpoint_catalog
7713,7713,0.0,EryP,MkP,0.9423569706012412,3.0,1,2,0.0576067756645665,1.1418577486726842e-05,2.2108097328995782e-09,0.9423569706012412,2.4767673374712783e-05,6.527252095801431e-08,Mk_union,ITGA2B|GP1BA|PF4|PPBP,4.0,3.0,MkP,MkP,endpoint,endpoint_catalog
6253,6253,0.0,EryP,MkP,0.942194207343931,3.0,1,2,0.0576735384641617,1.4083480555078827e-05,9.945185596200856e-07,0.942194207343931,0.0001169795199805,1.9667281194296735e-07,Mk_union,ITGA2B|GP1BA|PF4|PPBP,4.0,3.0,MkP,MkP,endpoint,endpoint_catalog
1968,1968,0.0,EryP,MkP,0.9419070566274176,3.0,1,2,0.057835939588637,1.4916700277326231e-05,1.325738202878067e-07,0.9419070566274176,0.000240997981726,9.565281217283788e-07,Mk_union,ITGA2B|GP1BA|PF4|PPBP,4.0,3.0,MkP,MkP,endpoint,endpoint_catalog
5759,5759,0.0,MkP,MkP,0.9417252689994388,3.0,1,2,0.0027181467173298,0.0215568743952725,0.032847141914684,0.9417252689994388,0.0009702855463359,0.0001822824269389,Mk_union,ITGA2B|GP1BA|PF4|PPBP,4.0,3.0,MkP,MkP,endpoint,endpoint_catalog
6723,6723,0.0,EryP,MkP,0.941722840150718,3.0,1,2,0.0173033771621238,8.033260951380033e-05,0.0401942108165566,0.941722840150718,0.0006921853350125,7.053926075049898e-06,Mk_union,ITGA2B|GP1BA|PF4|PPBP,4.0,3.0,MkP,MkP,endpoint,endpoint_catalog
279,279,0.0,EryP,MkP,0.941345294689212,3.0,1,2,0.0580868519359259,0.0003147028475936,1.6703941925672245e-07,0.941345294689212,0.0002503212911308,2.662196718344853e-06,Mk_union,ITGA2B|GP1BA|PF4|PPBP,4.0,3.0,MkP,MkP,endpoint,endpoint_catalog
1764,1764,0.0,EryP,MkP,0.9409172112578502,3.0,1,2,0.0585390574698223,0.0005224671886881,1.7512138834535233e-08,0.9409172112578502,2.0586023725422308e-05,6.605477748548306e-07,Mk_union,ITGA2B|GP1BA|PF4|PPBP,4.0,3.0,MkP,MkP,endpoint,endpoint_catalog
4095,4095,0.0,EryP,MkP,0.9407503179388212,3.0,1,2,0.0564739555805642,9.720507352708758e-05,1.2917538157896344e-05,0.9407503179388212,0.0026632064534208,2.397415508709512e-06,Mk_union,ITGA2B|GP1BA|PF4|PPBP,4.0,3.0,MkP,MkP,endpoint,endpoint_catalog
3204,3204,0.0,MkP,MkP,0.9403344454022264,3.0,1,2,0.0174716877267107,0.0407025674180766,0.0003915769640848,0.9403344454022264,0.0009564063309254,0.0001433161579759,Mk_union,ITGA2B|GP1BA|PF4|PPBP,4.0,3.0,MkP,MkP,endpoint,endpoint_catalog
4698,4698,0.0,MkP,MkP,0.9379992778313238,3.0,1,2,0.0045103974772905,0.053863433089716,0.0002409216324088,0.9379992778313238,0.002904212147589,0.000481757821672,Mk_union,ITGA2B|GP1BA|PF4|PPBP,4.0,3.0,MkP,MkP,endpoint,endpoint_catalog
6923,6923,0.0,EryP,MkP,0.9376655837961928,3.0,1,2,0.0615137039710983,9.115616197161888e-05,5.870527464629607e-07,0.9376655837961928,0.000727246523558,1.7224944326463812e-06,Mk_union,ITGA2B|GP1BA|PF4|PPBP,4.0,3.0,MkP,MkP,endpoint,endpoint_catalog
6447,6447,0.0,EryP,MkP,0.9374008715733756,3.0,1,2,0.0396682829314233,4.510190672072665e-05,0.0227641640491224,0.9374008715733756,0.0001157596615404,5.819877817700032e-06,Mk_union,ITGA2B|GP1BA|PF4|PPBP,4.0,3.0,MkP,MkP,endpoint,endpoint_catalog
5362,5362,0.0,EryP,MkP,0.9369294878873712,3.0,1,2,0.0621412857508001,0.0004040878719879,8.224576696805713e-07,0.9369294878873712,0.000521025324348,3.2907078229802224e-06,Mk_union,ITGA2B|GP1BA|PF4|PPBP,4.0,3.0,MkP,MkP,endpoint,endpoint_catalog
5232,5232,0.0,EryP,MkP,0.9367513886246732,3.0,1,2,0.0631818743995438,5.725462999475639e-05,1.1330282745686395e-07,0.9367513886246732,9.25690782054445e-06,1.1213514023835385e-07,Mk_union,ITGA2B|GP1BA|PF4|PPBP,4.0,3.0,MkP,MkP,endpoint,endpoint_catalog
506,506,0.0,MkP,MkP,0.9366451290942835,3.0,1,2,0.0323588695246692,0.0294664754165855,0.0001590573763089,0.9366451290942835,0.0012967435612225,7.372502693008387e-05,Mk_union,ITGA2B|GP1BA|PF4|PPBP,4.0,3.0,MkP,MkP,endpoint,endpoint_catalog
4393,4393,0.0,EryP,MkP,0.9363410394607472,3.0,1,2,0.0587728375394961,0.0001613926667876,0.0026600661483453,0.9363410394607472,0.0020554087207484,9.255463874819724e-06,Mk_union,ITGA2B|GP1BA|PF4|PPBP,4.0,3.0,MkP,MkP,endpoint,endpoint_catalog
7940,7940,0.0,MkP,MkP,0.9362151323983458,3.0,1,2,0.0605305960543986,0.0020329793675501,1.5599021026968075e-06,0.9362151323983458,0.0012192074980433,5.247795592817035e-07,Mk_union,ITGA2B|GP1BA|PF4|PPBP,4.0,3.0,MkP,MkP,endpoint,endpoint_catalog
1368,1368,0.0,MkP,MkP,0.9360123278761144,3.0,1,2,0.0015819529850986,0.061304452409223,4.836289534300033e-05,0.9360123278761144,0.0010140771721889,3.882666203182655e-05,Mk_union,ITGA2B|GP1BA|PF4|PPBP,4.0,3.0,MkP,MkP,endpoint,endpoint_catalog
61,61,0.0,EryP,MkP,0.935256277418846,3.0,1,2,0.0637128188339949,0.0001491065812219,5.496463567664103e-09,0.935256277418846,0.0008786453677962,3.1463016771798927e-06,Mk_union,ITGA2B|GP1BA|PF4|PPBP,4.0,3.0,MkP,MkP,endpoint,endpoint_catalog
3612,3612,0.0,EryP,MkP,0.9348596152671348,3.0,1,2,0.0625040471117973,0.0012160401543739,6.691052912696232e-08,0.9348596152671348,0.0014171145139224,3.1160422424494416e-06,Mk_union,ITGA2B|GP1BA|PF4|PPBP,4.0,3.0,MkP,MkP,endpoint,endpoint_catalog
8198,8198,0.0,EryP,MkP,0.9347346478497848,3.0,1,2,0.0496015249298682,0.0013228193377914,1.39319311469782e-06,0.9347346478497848,0.0142993112243407,4.030346509989061e-05,Mk_union,ITGA2B|GP1BA|PF4|PPBP,4.0,3.0,MkP,MkP,endpoint,endpoint_catalog
3503,3503,0.0,EryP,MkP,0.9338786978019202,3.0,1,2,0.0655164444204279,0.000207659332071,0.0001176824077464,0.9338786978019202,0.0002690229205311,1.049311730319858e-05,Mk_union,ITGA2B|GP1BA|PF4|PPBP,4.0,3.0,MkP,MkP,endpoint,endpoint_catalog
734,734,0.0,EryP,MkP,0.933842460118284,3.0,1,2,0.0659511588026114,5.6792908434577706e-05,5.553504398886173e-06,0.933842460118284,0.0001378054370667,6.229229204517308e-06,Mk_union,ITGA2B|GP1BA|PF4|PPBP,4.0,3.0,MkP,MkP,endpoint,endpoint_catalog
8226,8226,0.0,EryP,MkP,0.933794302350445,3.0,1,2,0.0579710030527291,0.0077503465519167,9.870459149125808e-06,0.933794302350445,0.000467958135557,6.519450202745472e-06,Mk_union,ITGA2B|GP1BA|PF4|PPBP,4.0,3.0,MkP,MkP,endpoint,endpoint_catalog
4742,4742,0.0,EryP,MkP,0.9332219576611108,3.0,1,2,0.0650714991314259,0.0002273158018518,5.701294503827604e-06,0.9332219576611108,0.0014694848732049,4.041237902665885e-06,Mk_union,ITGA2B|GP1BA|PF4|PPBP,4.0,3.0,MkP,MkP,endpoint,endpoint_catalog
7889,7889,0.0,EryP,MkP,0.9328597056686768,3.0,1,2,0.0549216834927188,0.0017205571775859,0.0089185172591441,0.9328597056686768,0.001491730948502,8.780545337216211e-05,Mk_union,ITGA2B|GP1BA|PF4|PPBP,4.0,3.0,MkP,MkP,endpoint,endpoint_catalog
213,213,0.0,EryP,MkP,0.9316823767140808,3.0,1,2,0.0663086705093585,6.766123731616187e-05,9.35418684164638e-06,0.9316823767140808,0.0019298772080168,2.060144385996326e-06,Mk_union,ITGA2B|GP1BA|PF4|PPBP,4.0,3.0,MkP,MkP,endpoint,endpoint_catalog
7631,7631,0.0,EryP,MkP,0.9316799995198308,3.0,1,2,0.0592375954867618,0.0055008592803372,4.0686075636185853e-07,0.9316799995198308,0.0035763450962291,4.793756084471391e-06,Mk_union,ITGA2B|GP1BA|PF4|PPBP,4.0,3.0,MkP,MkP,endpoint,endpoint_catalog
4289,4289,0.0,EryP,MkP,0.9313505493341394,3.0,1,2,0.0414728003980916,0.0023653962847224,0.022123468336263,0.9313505493341394,0.002628633396023,5.9152250760513264e-05,Mk_union,ITGA2B|GP1BA|PF4|PPBP,4.0,3.0,MkP,MkP,endpoint,endpoint_catalog
2827,2827,0.0,EryP,MkP,0.9312663736525976,3.0,1,2,0.0570616419151253,2.151854601019996e-05,0.010883507172514,0.9312663736525976,0.0007654043759453,1.554337807377261e-06,Mk_union,ITGA2B|GP1BA|PF4|PPBP,4.0,3.0,MkP,MkP,endpoint,endpoint_catalog
5298,5298,0.0,EryP,MkP,0.931139221538292,3.0,1,2,0.0604770700447823,0.0048847954244402,0.0001981647004759,0.931139221538292,0.0032820788041745,1.866948783512281e-05,Mk_union,ITGA2B|GP1BA|PF4|PPBP,4.0,3.0,MkP,MkP,endpoint,endpoint_catalog
7519,7519,0.0,EryP,MkP,0.9309498664660174,3.0,1,2,0.0687126034095972,2.141019711209072e-05,1.5671261747858685e-07,0.9309498664660174,0.0003144521134215,1.5111012343055464e-06,Mk_union,ITGA2B|GP1BA|PF4|PPBP,4.0,3.0,MkP,MkP,endpoint,endpoint_catalog
6026,6026,0.0,EryP,MkP,0.9306309905789004,3.0,1,2,0.068253642862281,4.473660491404253e-05,1.395291967284456e-06,0.9306309905789004,0.001064703916841,4.530745096239998e-06,Mk_union,ITGA2B|GP1BA|PF4|PPBP,4.0,3.0,MkP,MkP,endpoint,endpoint_catalog
5359,5359,0.0,EryP,MkP,0.9303965956221524,3.0,1,2,0.0691889422106798,4.007695286682004e-05,0.0002502739058616,0.9303965956221524,0.0001227345301045,1.3767783347156309e-06,Mk_union,ITGA2B|GP1BA|PF4|PPBP,4.0,3.0,MkP,MkP,endpoint,endpoint_catalog
6851,6851,0.0,EryP,MkP,0.9303918303464432,3.0,1,2,0.0091602136116728,1.8411949502107483e-05,0.0603101223370002,0.9303918303464432,0.0001046468546493,1.4774900732092656e-05,Mk_union,ITGA2B|GP1BA|PF4|PPBP,4.0,3.0,MkP,MkP,endpoint,endpoint_catalog
1393,1393,0.0,EryP,MkP,0.9300726549139666,3.0,1,2,0.0308891699071143,8.109001561276616e-05,0.0380029608691,0.9300726549139666,0.0009499539145743,4.170379631865418e-06,Mk_union,ITGA2B|GP1BA|PF4|PPBP,4.0,3.0,MkP,MkP,endpoint,endpoint_catalog
8245,8245,0.0,MkP,MkP,0.9299848732025487,3.0,1,2,0.0033408893131151,0.0581160782088517,0.0030072254187921,0.9299848732025487,0.0020159396540431,0.0035349942026491,Mk_union,ITGA2B|GP1BA|PF4|PPBP,4.0,3.0,MkP,MkP,endpoint,endpoint_catalog
1963,1963,0.0,EryP,MkP,0.9288504200678664,3.0,1,2,0.0148932781807458,0.0527001687038625,3.113783405762981e-05,0.9288504200678664,0.0034975015230199,2.7493690447319248e-05,Mk_union,ITGA2B|GP1BA|PF4|PPBP,4.0,3.0,MkP,MkP,endpoint,endpoint_catalog
680,680,0.0,EryP,MkP,0.9286564617449172,3.0,1,2,0.0655590515408968,7.337097700659624e-05,0.003860344958454,0.9286564617449172,0.0018462073614351,4.563417289908839e-06,Mk_union,ITGA2B|GP1BA|PF4|PPBP,4.0,3.0,MkP,MkP,endpoint,endpoint_catalog
409,409,0.0,EryP,MkP,0.928624999313634,3.0,1,2,0.0704647131032932,0.0001129828475786,2.651828390726529e-06,0.928624999313634,0.0007938045740111,8.483330923879657e-07,Mk_union,ITGA2B|GP1BA|PF4|PPBP,4.0,3.0,MkP,MkP,endpoint,endpoint_catalog
6910,6910,0.0,EryP,MkP,0.9281366664007792,3.0,1,2,0.0711094652664224,7.675511917979133e-05,1.4721401578544548e-07,0.9281366664007792,0.0006765247200004,4.412796023411879e-07,Mk_union,ITGA2B|GP1BA|PF4|PPBP,4.0,3.0,MkP,MkP,endpoint,endpoint_catalog
6593,6593,0.0,EryP,MkP,0.927782868166512,3.0,1,2,0.0689494914639591,0.0012814430711599,3.648711137927896e-05,0.927782868166512,0.0019456290353407,4.081151648588969e-06,Mk_union,ITGA2B|GP1BA|PF4|PPBP,4.0,3.0,MkP,MkP,endpoint,endpoint_catalog
5714,5714,0.0,MkP,MkP,0.927394998377646,3.0,1,2,0.0207740154494216,0.04952044431701,0.0008087550725419,0.927394998377646,0.0014151386255171,8.664815786321523e-05,Mk_union,ITGA2B|GP1BA|PF4|PPBP,4.0,3.0,MkP,MkP,endpoint,endpoint_catalog
7102,7102,0.0,EryP,MkP,0.9271869946308,3.0,1,2,0.0446469549752806,0.0018408282099851,0.0177680584253025,0.9271869946308,0.0084823348027014,7.482895593029947e-05,Mk_union,ITGA2B|GP1BA|PF4|PPBP,4.0,3.0,MkP,MkP,endpoint,endpoint_catalog
3626,3626,0.0,MkP,MkP,0.9271832375430497,3.0,1,2,0.0217266350406478,0.0304792699184255,0.0177286768787963,0.9271832375430497,0.0022920167344989,0.0005901638845816,Mk_union,ITGA2B|GP1BA|PF4|PPBP,4.0,3.0,MkP,MkP,endpoint,endpoint_catalog
5840,5840,0.0,EryP,MkP,0.92695896615199,3.0,1,2,0.0728921144620709,1.826803876960328e-05,6.269461658356092e-06,0.92695896615199,0.0001237510288644,6.308566464075642e-07,Mk_union,ITGA2B|GP1BA|PF4|PPBP,4.0,3.0,MkP,MkP,endpoint,endpoint_catalog
2850,2850,0.0,EryP,MkP,0.9266326145115276,3.0,1,2,0.0731121213884332,1.5272926808834386e-05,3.773977343254042e-09,0.9266326145115276,0.000239419565305,5.678339478896654e-07,Mk_union,ITGA2B|GP1BA|PF4|PPBP,4.0,3.0,MkP,MkP,endpoint,endpoint_catalog
391,391,0.0,EryP,MkP,0.926352621738923,3.0,1,2,0.0728336030744675,5.849360507003815e-05,1.578028606450038e-06,0.926352621738923,0.000750065811427,3.637741506062871e-06,Mk_union,ITGA2B|GP1BA|PF4|PPBP,4.0,3.0,MkP,MkP,endpoint,endpoint_catalog
3663,3663,0.0,MkP,MkP,0.925797843450744,3.0,1,2,0.0013343137771753,0.068496968034009,0.0019378467874131,0.925797843450744,0.00172892473582,0.0007041032148382,Mk_union,ITGA2B|GP1BA|PF4|PPBP,4.0,3.0,MkP,MkP,endpoint,endpoint_catalog
7597,7597,0.0,EryP,MkP,0.9248569693501816,3.0,1,2,0.0209301912259536,2.5779870603012044e-05,0.0540783750143236,0.9248569693501816,0.0001081770279222,5.075110159697293e-07,Mk_union,ITGA2B|GP1BA|PF4|PPBP,4.0,3.0,MkP,MkP,endpoint,endpoint_catalog
5330,5330,0.0,MkP,MkP,0.9236170262522028,3.0,1,2,0.0026219488488715,0.0604784942014811,0.0024620619183137,0.9236170262522028,0.0098662499481045,0.0009542188310261,Mk_union,ITGA2B|GP1BA|PF4|PPBP,4.0,3.0,MkP,MkP,endpoint,endpoint_catalog
1395,1395,0.0,MkP,MkP,0.922990926823798,3.0,1,2,0.0353192232686324,0.0300794819844269,0.0113949684410646,0.922990926823798,0.0001649646446389,5.043483743888754e-05,Mk_union,ITGA2B|GP1BA|PF4|PPBP,4.0,3.0,MkP,MkP,endpoint,endpoint_catalog
8167,8167,0.0,EryP,MkP,0.922944940377542,3.0,1,2,0.0769120158898257,3.108305059497525e-05,3.0500644597639285e-08,0.922944940377542,0.0001117827612171,1.4742017566551718e-07,Mk_union,ITGA2B|GP1BA|PF4|PPBP,4.0,3.0,MkP,MkP,endpoint,endpoint_catalog
6283,6283,0.0,MkP,MkP,0.9228341364104968,3.0,1,2,0.019198577445148,0.0010118391855296,0.0536102076651103,0.9228341364104968,0.0033207016983754,2.453759533979984e-05,Mk_union,ITGA2B|GP1BA|PF4|PPBP,4.0,3.0,MkP,MkP,endpoint,endpoint_catalog
2424,2424,0.0,MkP,MkP,0.9214414272800852,3.0,1,2,0.0024137268500755,0.0709908691510585,0.0031295960140392,0.9214414272800852,0.0018641998318451,0.0001601808728961,Mk_union,ITGA2B|GP1BA|PF4|PPBP,4.0,3.0,MkP,MkP,endpoint,endpoint_catalog
380,380,0.0,MkP,MkP,0.921135588191564,3.0,1,2,0.004649016564242,0.0721569221925853,0.0010340307889213,0.921135588191564,0.0004461033449777,0.0005783389177095,Mk_union,ITGA2B|GP1BA|PF4|PPBP,4.0,3.0,MkP,MkP,endpoint,endpoint_catalog
637,637,0.0,MkP,MkP,0.9201166699305946,3.0,1,2,0.0542283219186477,0.0164660195146379,0.0088601533905744,0.9201166699305946,0.0002444322343233,8.440301122185237e-05,Mk_union,ITGA2B|GP1BA|PF4|PPBP,4.0,3.0,MkP,MkP,endpoint,endpoint_catalog
119,119,0.0,MkP,MkP,0.9200887784883918,3.0,1,2,0.0321303739988106,0.0446771662359426,0.0016235341064966,0.9200887784883918,0.0013767565469236,0.0001033906234346,Mk_union,ITGA2B|GP1BA|PF4|PPBP,4.0,3.0,MkP,MkP,endpoint,endpoint_catalog
6738,6738,0.0,MkP,MkP,0.9191019317236996,3.0,1,2,0.0013020716684149,0.0465992339313405,0.0306996382268326,0.9191019317236996,0.0014434575488402,0.0008536669008721,Mk_union,ITGA2B|GP1BA|PF4|PPBP,4.0,3.0,MkP,MkP,endpoint,endpoint_catalog
2523,2523,0.0,EryP,MkP,0.9186911128995284,3.0,1,2,0.0201454341291784,0.0293401154007886,0.0271354315278359,0.9186911128995284,0.0046614958194144,2.641022325412601e-05,Mk_union,ITGA2B|GP1BA|PF4|PPBP,4.0,3.0,MkP,MkP,endpoint,endpoint_catalog
2607,2607,0.0,EryP,MkP,0.9180712545848062,3.0,1,2,0.0558484590058142,0.0003605684383343,0.0177320792860733,0.9180712545848062,0.0079302335940143,5.7405090957437725e-05,Mk_union,ITGA2B|GP1BA|PF4|PPBP,4.0,3.0,MkP,MkP,endpoint,endpoint_catalog
3741,3741,0.0,MkP,MkP,0.9178064399588056,3.0,1,2,0.0010478478013068,0.0684356540421693,0.0004835001655089,0.9178064399588056,0.0111408872953223,0.0010856707368866,Mk_union,ITGA2B|GP1BA|PF4|PPBP,4.0,3.0,MkP,MkP,endpoint,endpoint_catalog
2774,2774,0.0,EryP,MkP,0.9164174373406052,3.0,1,2,0.082526921583836,4.582253570051608e-05,2.572694639650432e-07,0.9164174373406052,0.0010057565042527,3.804766141533379e-06,Mk_union,ITGA2B|GP1BA|PF4|PPBP,4.0,3.0,MkP,MkP,endpoint,endpoint_catalog
8202,8202,0.0,MkP,MkP,0.9161761217802784,3.0,1,2,0.0107931322266196,0.0309506522342612,0.0417957843446867,0.9161761217802784,5.559480929467733e-05,0.0002287146048592,Mk_union,ITGA2B|GP1BA|PF4|PPBP,4.0,3.0,MkP,MkP,endpoint,endpoint_catalog
527,527,0.0,MkP,MkP,0.916169572055568,3.0,1,2,0.0799211701509337,8.880216845045743e-05,2.2205113881597625e-05,0.916169572055568,0.0037886248294468,9.62568171938446e-06,Mk_union,ITGA2B|GP1BA|PF4|PPBP,4.0,3.0,MkP,MkP,endpoint,endpoint_catalog
531,531,0.0,EryP,MkP,0.9159589429416114,3.0,1,2,0.0455369424603655,4.2646218929021936e-05,0.0370356512846337,0.9159589429416114,0.0014139596518706,1.1857442589744309e-05,Mk_union,ITGA2B|GP1BA|PF4|PPBP,4.0,3.0,MkP,MkP,endpoint,endpoint_catalog
138,138,0.0,MkP,MkP,0.9151917814528008,3.0,1,2,0.0006088622330764,0.0733105636998849,1.3641897654758465e-05,0.9151917814528008,0.0108608004697902,1.4350246792870392e-05,Mk_union,ITGA2B|GP1BA|PF4|PPBP,4.0,3.0,MkP,MkP,endpoint,endpoint_catalog
592,592,0.0,MkP,MkP,0.9147941125745102,3.0,1,2,0.0379409821165155,0.0468312883784564,5.890467037470311e-05,0.9147941125745102,0.0003483904726395,2.6321787503526857e-05,Mk_union,ITGA2B|GP1BA|PF4|PPBP,4.0,3.0,MkP,MkP,endpoint,endpoint_catalog
1159,1159,0.0,EryP,MkP,0.9146656863348732,3.0,1,2,0.0679845870529881,0.0006189696796828,0.0128554050852054,0.9146656863348732,0.0038602193441117,1.513250313841522e-05,Mk_union,ITGA2B|GP1BA|PF4|PPBP,4.0,3.0,MkP,MkP,endpoint,endpoint_catalog
1084,1084,0.0,EryP,MkP,0.9142383360295512,3.0,1,2,0.0853296851274603,6.819973335537364e-05,8.32273226067069e-06,0.9142383360295512,0.0003530965023418,2.359875030530514e-06,Mk_union,ITGA2B|GP1BA|PF4|PPBP,4.0,3.0,MkP,MkP,endpoint,endpoint_catalog
7990,7990,0.0,EryP,MkP,0.914065346571649,3.0,1,2,0.0851674693474707,0.0005517536212495,5.534451730407838e-07,0.914065346571649,0.0001944885006658,2.038851379159008e-05,Mk_union,ITGA2B|GP1BA|PF4|PPBP,4.0,3.0,MkP,MkP,endpoint,endpoint_catalog
4433,4433,0.0,EryP,MkP,0.9139168728141944,3.0,1,2,0.0824651179527476,8.550075853305723e-05,8.703454654687967e-05,0.9139168728141944,0.003444455035821,1.0188921566336607e-06,Mk_union,ITGA2B|GP1BA|PF4|PPBP,4.0,3.0,MkP,MkP,endpoint,endpoint_catalog
5451,5451,0.0,MkP,MkP,0.9136667144227224,3.0,1,2,0.0188924514509134,0.0355877076173013,0.0294211769408182,0.9136667144227224,0.002268036980236,0.0001639125880088,Mk_union,ITGA2B|GP1BA|PF4|PPBP,4.0,3.0,MkP,MkP,endpoint,endpoint_catalog
451,451,0.0,EryP,MkP,0.9135730438060892,3.0,1,2,0.0500178540941552,0.0038256860505218,0.0300677555204136,0.9135730438060892,0.0023613577521634,0.0001543027766566,Mk_union,ITGA2B|GP1BA|PF4|PPBP,4.0,3.0,MkP,MkP,endpoint,endpoint_catalog
5884,5884,0.0,MkP,MkP,0.9135460152642744,3.0,1,2,0.0205233663942738,0.0605774136738359,0.0014704841276444,0.9135460152642744,0.0037591916006914,0.00012352893928,Mk_union,ITGA2B|GP1BA|PF4|PPBP,4.0,3.0,MkP,MkP,endpoint,endpoint_catalog
7372,7372,0.0,MkP,MkP,0.9124451219317622,3.0,1,2,0.0243947019298836,0.0061651906609644,0.0566464029025617,0.9124451219317622,0.0003445291441868,4.053430641062075e-06,Mk_union,ITGA2B|GP1BA|PF4|PPBP,4.0,3.0,MkP,MkP,endpoint,endpoint_catalog
2348,2348,0.0,EryP,MkP,0.9123637150480984,3.0,1,2,0.0776160520202238,0.0004942430530605,0.0066598826258498,0.9123637150480984,0.0028604608687611,5.64638400613066e-06,Mk_union,ITGA2B|GP1BA|PF4|PPBP,4.0,3.0,MkP,MkP,endpoint,endpoint_catalog
1534,1534,0.0,EryP,MkP,0.9122343686130914,3.0,1,2,0.0871134488701768,7.800121249550504e-05,8.985297179704679e-06,0.9122343686130914,0.0005414048127356,2.3791194320829088e-05,Mk_union,ITGA2B|GP1BA|PF4|PPBP,4.0,3.0,MkP,MkP,endpoint,endpoint_catalog
4431,4431,0.0,MkP,MkP,0.9115167111153364,3.0,1,2,0.0261051050198804,0.0296449008975329,0.0324645370000485,0.9115167111153364,0.0002301321416776,3.8613825524293216e-05,Mk_union,ITGA2B|GP1BA|PF4|PPBP,4.0,3.0,MkP,MkP,endpoint,endpoint_catalog
3891,3891,0.0,EryP,MkP,0.911263885918619,3.0,1,2,0.0878050307953536,2.598159512646855e-05,0.0004566769046475,0.911263885918619,0.0004482310434396,1.9374281366036978e-07,Mk_union,ITGA2B|GP1BA|PF4|PPBP,4.0,3.0,MkP,MkP,endpoint,endpoint_catalog
5358,5358,0.0,EryP,MkP,0.9110123040886476,3.0,1,2,0.0879812886167887,5.842602403519579e-05,0.0004048215432727,0.9110123040886476,0.0005417444320173,1.4152952383649017e-06,Mk_union,ITGA2B|GP1BA|PF4|PPBP,4.0,3.0,MkP,MkP,endpoint,endpoint_catalog
7089,7089,0.0,MkP,MkP,0.9110110299533404,3.0,1,2,0.00395390399887,0.0843999101720448,3.5758023850001935e-05,0.9110110299533404,0.0005932645863901,6.133265504678888e-06,Mk_union,ITGA2B|GP1BA|PF4|PPBP,4.0,3.0,MkP,MkP,endpoint,endpoint_catalog
2947,2947,0.0,EryP,MkP,0.9108462105973166,3.0,1,2,0.0886651564896099,0.0001996731356409,1.1743704168534212e-05,0.9108462105973166,0.0002746897680876,2.526305176181024e-06,Mk_union,ITGA2B|GP1BA|PF4|PPBP,4.0,3.0,MkP,MkP,endpoint,endpoint_catalog
6948,6948,0.0,MkP,MkP,0.9102123850390856,3.0,1,2,0.0548133057459273,0.0085930570674361,0.0155743021674575,0.9102123850390856,0.0105553356412405,0.0002516143388527,Mk_union,ITGA2B|GP1BA|PF4|PPBP,4.0,3.0,MkP,MkP,endpoint,endpoint_catalog
1126,1126,0.0,MkP,MkP,0.9100304106531611,3.0,1,2,0.0898826313138469,1.6020037590585086e-05,1.5505154262805985e-05,0.9100304106531611,5.5426118765726136e-05,6.722372639655837e-09,Mk_union,ITGA2B|GP1BA|PF4|PPBP,4.0,3.0,MkP,MkP,endpoint,endpoint_catalog
6028,6028,0.0,EryP,MkP,0.9098033813905092,3.0,1,2,0.0602708538220914,0.0007419164919474,0.0268250591393279,0.9098033813905092,0.0023266507385458,3.213841757794463e-05,Mk_union,ITGA2B|GP1BA|PF4|PPBP,4.0,3.0,MkP,MkP,endpoint,endpoint_catalog
2223,2223,0.0,EryP,MkP,0.9090527879838306,3.0,1,2,0.0891749698850524,0.0001192249610048,1.0684850436318384e-06,0.9090527879838306,0.0016484525827278,3.4961023406526125e-06,Mk_union,ITGA2B|GP1BA|PF4|PPBP,4.0,3.0,MkP,MkP,endpoint,endpoint_catalog
7724,7724,0.0,MkP,MkP,0.908231780724565,3.0,1,2,0.0780680891873206,0.0011517074614345,0.0079196977187389,0.908231780724565,0.0046257679813523,2.956926588370125e-06,Mk_union,ITGA2B|GP1BA|PF4|PPBP,4.0,3.0,MkP,MkP,endpoint,endpoint_catalog
2405,2405,0.0,EryP,MkP,0.9065066356800408,3.0,1,2,0.0927450461937095,1.7575045809211503e-05,8.496927675121895e-07,0.9065066356800408,0.0007286333384385,1.2600492342754683e-06,Mk_union,ITGA2B|GP1BA|PF4|PPBP,4.0,3.0,MkP,MkP,endpoint,endpoint_catalog
5403,5403,0.0,EryP,MkP,0.9064390461035564,3.0,1,2,0.0927055619712663,3.473246440483891e-05,2.642318224069054e-05,0.9064390461035564,0.0007927006750504,1.53560348128404e-06,Mk_union,ITGA2B|GP1BA|PF4|PPBP,4.0,3.0,MkP,MkP,endpoint,endpoint_catalog
4630,4630,0.0,EryP,MkP,0.9062833596697116,3.0,1,2,0.0936790693987723,2.776521593463752e-05,9.038168456040692e-07,0.9062833596697116,6.379541654753317e-06,2.522357080938454e-06,Mk_union,ITGA2B|GP1BA|PF4|PPBP,4.0,3.0,MkP,MkP,endpoint,endpoint_catalog
236,236,0.0,MkP,MkP,0.9062719933818314,3.0,1,2,0.0051948505134475,0.0881908189106747,3.319414257387131e-05,0.9062719933818314,0.0001047861093452,0.0002043569421271,Mk_union,ITGA2B|GP1BA|PF4|PPBP,4.0,3.0,MkP,MkP,endpoint,endpoint_catalog
712,712,0.0,EryP,MkP,0.906097362080644,3.0,1,2,0.04362003177455,0.0493711105412969,4.1639371386396313e-07,0.906097362080644,0.000849600979644,6.14782301511158e-05,Mk_union,ITGA2B|GP1BA|PF4|PPBP,4.0,3.0,MkP,MkP,endpoint,endpoint_catalog
2362,2362,0.0,MkP,MkP,0.9049788203262992,3.0,1,2,0.0045217955056734,0.08133125296179,0.000178046902762,0.9049788203262992,0.008885501738072,0.0001045825654031,Mk_union,ITGA2B|GP1BA|PF4|PPBP,4.0,3.0,MkP,MkP,endpoint,endpoint_catalog
5193,5193,0.0,EryP,MkP,0.9044764098535274,3.0,1,2,0.0953494757811816,8.90679301657325e-05,1.19603687063477e-07,0.9044764098535274,8.324684967616528e-05,1.6799817620307826e-06,Mk_union,ITGA2B|GP1BA|PF4|PPBP,4.0,3.0,MkP,MkP,endpoint,endpoint_catalog
5443,5443,0.0,EryP,MkP,0.9039830094570273,3.0,1,2,0.0950584856601198,2.520691005734276e-05,0.0001440917000575,0.9039830094570273,0.0007890274960194,1.7877671864075056e-07,Mk_union,ITGA2B|GP1BA|PF4|PPBP,4.0,3.0,MkP,MkP,endpoint,endpoint_catalog
206,206,0.0,EryP,MkP,0.9027160782613048,3.0,1,2,0.0963735981212872,1.589752709300926e-05,4.582140263786859e-05,0.9027160782613048,0.0008460605508616,2.544136815420364e-06,Mk_union,ITGA2B|GP1BA|PF4|PPBP,4.0,3.0,MkP,MkP,endpoint,endpoint_catalog
6601,6601,0.0,EryP,MkP,0.901104592496858,3.0,1,2,0.0987901068915053,0.0001014413035334,2.3918198272815497e-06,0.901104592496858,1.417108324628499e-06,5.037995109216564e-08,Mk_union,ITGA2B|GP1BA|PF4|PPBP,4.0,3.0,MkP,MkP,endpoint,endpoint_catalog
3214,3214,0.0,MkP,MkP,0.901034119660823,3.0,1,2,0.0001542993165671,0.0913205578998798,5.247996789976316e-07,0.901034119660823,0.0074430789130098,4.741941004111356e-05,Mk_union,ITGA2B|GP1BA|PF4|PPBP,4.0,3.0,MkP,MkP,endpoint,endpoint_catalog
1193,1193,0.0,MasP,MkP,0.9006890970893223,3.0,1,2,0.0062302186822348,0.0003001419027051,0.0920559441570031,0.9006890970893223,0.0007148471768475,9.75099188686433e-06,Mk_union,ITGA2B|GP1BA|PF4|PPBP,4.0,3.0,MkP,MkP,endpoint,endpoint_catalog
5441,5441,0.0,EryP,MkP,0.9003452567414717,3.0,1,2,0.0963576740820417,0.0001981964314378,3.5245368042512816e-08,0.9003452567414717,0.0030949497730691,3.887726611452019e-06,Mk_union,ITGA2B|GP1BA|PF4|PPBP,4.0,3.0,MkP,MkP,endpoint,endpoint_catalog
3250,3250,0.0,EryP,MkP,0.8999953009405769,3.0,1,2,0.0857269659125833,0.0067321648198787,6.592336160617415e-05,0.8999953009405769,0.0074002933922914,7.935157306333846e-05,Mk_union,ITGA2B|GP1BA|PF4|PPBP,4.0,3.0,MkP,MkP,endpoint,endpoint_catalog
3536,3536,0.0,MkP,MkP,0.8998318789031601,3.0,1,2,0.0040600415207537,0.0364150618809744,0.0573927477968703,0.8998318789031601,0.0015913430558425,0.0007089268423988,Mk_union,ITGA2B|GP1BA|PF4|PPBP,4.0,3.0,MkP,MkP,endpoint,endpoint_catalog
720,720,0.0,EryP,MkP,0.8993822062127571,3.0,1,2,0.0389099033069089,0.0547279560400118,0.0053296310710928,0.8993822062127571,0.001550701565574,9.960180365533816e-05,Mk_union,ITGA2B|GP1BA|PF4|PPBP,4.0,3.0,MkP,MkP,endpoint,endpoint_catalog
8085,8085,0.0,MkP,MkP,0.8991164135823176,3.0,1,2,0.0141418107100806,0.0625963446287957,0.0002071266762706,0.8991164135823176,0.0239002881115882,3.801629094693768e-05,Mk_union,ITGA2B|GP1BA|PF4|PPBP,4.0,3.0,MkP,MkP,endpoint,endpoint_catalog
8088,8088,0.0,EryP,MkP,0.8990314491890093,3.0,1,2,0.0907788227025564,0.0009620705601889,1.489892568819428e-06,0.8990314491890093,0.0091933880163557,3.2779639320564505e-05,Mk_union,ITGA2B|GP1BA|PF4|PPBP,4.0,3.0,MkP,MkP,endpoint,endpoint_catalog
2075,2075,0.0,MkP,MkP,0.8990132724222383,3.0,1,2,0.0728177795473638,0.0022878105985879,0.025308015856188,0.8990132724222383,0.0005553298540912,1.779172153044443e-05,Mk_union,ITGA2B|GP1BA|PF4|PPBP,4.0,3.0,MkP,MkP,endpoint,endpoint_catalog
2120,2120,0.0,MkP,MkP,0.8989610869350642,3.0,1,2,0.0233026509503305,0.0247516459793093,0.0526806278272015,0.8989610869350642,0.0002035719555461,0.0001004163525481,Mk_union,ITGA2B|GP1BA|PF4|PPBP,4.0,3.0,MkP,MkP,endpoint,endpoint_catalog
7018,7018,0.0,MkP,MkP,0.8989258598557847,3.0,1,2,0.0136058036449425,0.0761103080627747,0.0092197201596562,0.8989258598557847,0.0015947237349746,0.0005435845418674,Mk_union,ITGA2B|GP1BA|PF4|PPBP,4.0,3.0,MkP,MkP,endpoint,endpoint_catalog
2470,2470,0.0,MkP,MkP,0.8984844328658451,3.0,1,2,0.0703409854487095,0.0108202825251279,0.0187498372779834,0.8984844328658451,0.0015277276626934,7.673421964046036e-05,Mk_union,ITGA2B|GP1BA|PF4|PPBP,4.0,3.0,MkP,MkP,endpoint,endpoint_catalog
6415,6415,0.0,MkP,MkP,0.8978915000101365,3.0,1,2,0.0013572364981808,0.0991803055360323,4.3156416918034335e-05,0.8978915000101365,0.0014055891841179,0.0001222123546142,Mk_union,ITGA2B|GP1BA|PF4|PPBP,4.0,3.0,MkP,MkP,endpoint,endpoint_catalog
2450,2450,0.0,MasP,MkP,0.8976688415673119,3.0,1,2,0.0046845481264291,0.0960755795220032,0.0008866111540092,0.8976688415673119,0.0005780122881908,0.0001064073420555,Mk_union,ITGA2B|GP1BA|PF4|PPBP,4.0,3.0,MkP,MkP,endpoint,endpoint_catalog
4271,4271,0.0,EryP,MkP,0.8959637181607742,3.0,1,2,0.1036432134798442,8.730199973589781e-05,7.533142320004683e-07,0.8959637181607742,0.0003010043002066,4.008745207104244e-06,Mk_union,ITGA2B|GP1BA|PF4|PPBP,4.0,3.0,MkP,MkP,endpoint,endpoint_catalog
5042,5042,0.0,MkP,MkP,0.8951642535374055,3.0,1,2,0.1027402450534501,0.0003809472922884,0.0005585020725228,0.8951642535374055,0.0011536139632402,2.438081092665035e-06,Mk_union,ITGA2B|GP1BA|PF4|PPBP,4.0,3.0,MkP,MkP,endpoint,endpoint_catalog
5022,5022,0.0,EryP,MkP,0.8951524499591709,3.0,1,2,0.1045618940269062,1.658475887124344e-05,1.3203467180245952e-06,0.8951524499591709,0.0002604497253777,7.301182955847739e-06,Mk_union,ITGA2B|GP1BA|PF4|PPBP,4.0,3.0,MkP,MkP,endpoint,endpoint_catalog
3806,3806,0.0,MkP,MkP,0.8943622369351042,3.0,1,2,0.1026346458516987,0.0001641062252259,0.0010413777758189,0.8943622369351042,0.0017920310165658,5.602195586383306e-06,Mk_union,ITGA2B|GP1BA|PF4|PPBP,4.0,3.0,MkP,MkP,endpoint,endpoint_catalog
3134,3134,0.0,EryP,MkP,0.8942337770861493,3.0,1,2,0.1039625005856687,0.0001992114261422,4.2436156878992884e-08,0.8942337770861493,0.0015840608144953,2.0407651387570507e-05,Mk_union,ITGA2B|GP1BA|PF4|PPBP,4.0,3.0,MkP,MkP,endpoint,endpoint_catalog
5726,5726,0.0,MkP,MkP,0.893993505599741,3.0,1,2,0.1046786165893971,5.171237390351152e-05,4.896187889592619e-06,0.893993505599741,0.0012708680105113,4.01238557455089e-07,Mk_union,ITGA2B|GP1BA|PF4|PPBP,4.0,3.0,MkP,MkP,endpoint,endpoint_catalog
2248,2248,0.0,EryP,MkP,0.890821433877231,3.0,1,2,0.0368132116268666,0.001596022187881,7.951593324078295e-07,0.890821433877231,0.0707655150687275,3.0220799614280243e-06,Mk_union,ITGA2B|GP1BA|PF4|PPBP,4.0,3.0,MkP,MkP,endpoint,endpoint_catalog
2570,2570,0.0,MkP,MkP,0.8907382581335934,3.0,1,2,0.0033080130414311,0.0775458384760903,0.0009152331726243,0.8907382581335934,0.0270357385318954,0.0004569186443652,Mk_union,ITGA2B|GP1BA|PF4|PPBP,4.0,3.0,MkP,MkP,endpoint,endpoint_catalog
8181,8181,0.0,MkP,MkP,0.8895570587185878,3.0,1,2,0.002348259588381,0.1041163989498205,0.0006474204880087,0.8895570587185878,0.0019655230230508,0.0013653392321508,Mk_union,ITGA2B|GP1BA|PF4|PPBP,4.0,3.0,MkP,MkP,endpoint,endpoint_catalog
6818,6818,0.0,MkP,MkP,0.8894698651369305,3.0,1,2,0.1092490471725718,0.0003972004867941,0.0001674775615527,0.8894698651369305,0.0007161360666789,2.735754719158068e-07,Mk_union,ITGA2B|GP1BA|PF4|PPBP,4.0,3.0,MkP,MkP,endpoint,endpoint_catalog
5147,5147,0.0,EryP,MkP,0.8892824819737345,3.0,1,2,0.0947690279967182,0.0002968455498876,5.256198899001224e-08,0.8892824819737345,0.0156468067537405,4.785163930081641e-06,Mk_union,ITGA2B|GP1BA|PF4|PPBP,4.0,3.0,MkP,MkP,endpoint,endpoint_catalog
2907,2907,0.0,MkP,MkP,0.8886203815521697,3.0,1,2,0.0047397548315022,0.0992615202890603,2.107930842538851e-05,0.8886203815521697,0.0072995694623753,5.769455646682373e-05,Mk_union,ITGA2B|GP1BA|PF4|PPBP,4.0,3.0,MkP,MkP,endpoint,endpoint_catalog
3980,3980,0.0,EryP,MkP,0.8881903524690965,3.0,1,2,0.1105881744878563,5.376550983396532e-05,1.7010414895891214e-05,0.8881903524690965,0.0011433683992453,7.328719072134846e-06,Mk_union,ITGA2B|GP1BA|PF4|PPBP,4.0,3.0,MkP,MkP,endpoint,endpoint_catalog
5150,5150,0.0,MkP,MkP,0.8881761723939815,3.0,1,2,0.0110775331264456,0.0884448608678487,0.0101489560340389,0.8881761723939815,0.0019799046593105,0.0001725729183746,Mk_union,ITGA2B|GP1BA|PF4|PPBP,4.0,3.0,MkP,MkP,endpoint,endpoint_catalog
5293,5293,0.0,EryP,MkP,0.8881215587787327,3.0,1,2,0.0403034602901361,0.001740489846943,0.0001168762189019,0.8881215587787327,0.0696742383416222,4.337652366389513e-05,Mk_union,ITGA2B|GP1BA|PF4|PPBP,4.0,3.0,MkP,MkP,endpoint,endpoint_catalog
2135,2135,0.0,EryP,MkP,0.8873185339531804,3.0,1,2,0.0896949048881804,0.0001632172254572,0.00112278624449,0.8873185339531804,0.0216743784954316,2.6179193260234585e-05,Mk_union,ITGA2B|GP1BA|PF4|PPBP,4.0,3.0,MkP,MkP,endpoint,endpoint_catalog
679,679,0.0,MasP,MkP,0.886470238447707,3.0,1,2,0.0728713225568931,0.0006547606014653,0.039168024700076,0.886470238447707,0.0007938886384968,4.176505536168207e-05,Mk_union,ITGA2B|GP1BA|PF4|PPBP,4.0,3.0,MkP,MkP,endpoint,endpoint_catalog
5161,5161,0.0,EryP,MkP,0.8864088699754522,3.0,1,2,0.1090327054664301,5.949795466204771e-05,3.3416964861288305e-07,0.8864088699754522,0.0044943573727824,4.2350610246668e-06,Mk_union,ITGA2B|GP1BA|PF4|PPBP,4.0,3.0,MkP,MkP,endpoint,endpoint_catalog
2798,2798,0.0,MkP,MkP,0.8846959618301272,3.0,1,2,0.0008810316544395,0.0838742487759938,0.0004192745994548,0.8846959618301272,0.0290177063410672,0.0011117767989173,Mk_union,ITGA2B|GP1BA|PF4|PPBP,4.0,3.0,MkP,MkP,endpoint,endpoint_catalog
2246,2246,0.0,MkP,MkP,0.8832263016778173,3.0,1,2,0.1138279722113506,0.0009124658028482,0.0004405252635753,0.8832263016778173,0.0015875679911589,5.167053249366677e-06,Mk_union,ITGA2B|GP1BA|PF4|PPBP,4.0,3.0,MkP,MkP,endpoint,endpoint_catalog
6651,6651,0.0,MkP,MkP,0.8831501608576022,3.0,1,2,0.1064821107611325,0.003388608395602,0.0001586874184032,0.8831501608576022,0.0068101026823288,1.0329884931255189e-05,Mk_union,ITGA2B|GP1BA|PF4|PPBP,4.0,3.0,MkP,MkP,endpoint,endpoint_catalog
2683,2683,0.0,MkP,MkP,0.8825044435409827,3.0,1,2,0.0265488396013017,0.0127640619676018,0.0057696647258985,0.8825044435409827,0.0723804558360262,3.253432818883928e-05,Mk_union,ITGA2B|GP1BA|PF4|PPBP,4.0,3.0,MkP,MkP,endpoint,endpoint_catalog
1149,1149,0.0,MkP,MkP,0.8819810287357996,3.0,1,2,0.0855950133521042,0.0205486239386141,0.0022428869201725,0.8819810287357996,0.0095974423029185,3.5004750390784285e-05,Mk_union,ITGA2B|GP1BA|PF4|PPBP,4.0,3.0,MkP,MkP,endpoint,endpoint_catalog
3307,3307,0.0,EryP,MkP,0.8816642737726224,3.0,1,2,0.1172220724917387,0.0004330883213779,1.0100202811546764e-05,0.8816642737726224,0.0006686156581341,1.8495533153858629e-06,Mk_union,ITGA2B|GP1BA|PF4|PPBP,4.0,3.0,MkP,MkP,endpoint,endpoint_catalog
376,376,0.0,EryP,MkP,0.8814073234864008,3.0,1,2,0.1051344547950525,0.0005420639918778,0.0001831828812377,0.8814073234864008,0.0127203325862863,1.2642259144807605e-05,Mk_union,ITGA2B|GP1BA|PF4|PPBP,4.0,3.0,MkP,MkP,endpoint,endpoint_catalog
4656,4656,0.0,EryP,MkP,0.8811759956590952,3.0,1,2,0.0235100229115425,1.4306709661934894e-05,0.0946778230246939,0.8811759956590952,0.000619994743991,1.856951015269711e-06,Mk_union,ITGA2B|GP1BA|PF4|PPBP,4.0,3.0,MkP,MkP,endpoint,endpoint_catalog
2620,2620,0.0,EryP,MkP,0.8809203342089569,3.0,1,2,0.112185001019174,0.0001156058920684,2.01645199532154e-06,0.8809203342089569,0.00677370107428,3.34135352544004e-06,Mk_union,ITGA2B|GP1BA|PF4|PPBP,4.0,3.0,MkP,MkP,endpoint,endpoint_catalog
2072,2072,0.0,EryP,MkP,0.8806415677509475,3.0,1,2,0.0397214088658914,0.001797544283573,0.0734188254103617,0.8806415677509475,0.0043653280164402,5.532567278620328e-05,Mk_union,ITGA2B|GP1BA|PF4|PPBP,4.0,3.0,MkP,MkP,endpoint,endpoint_catalog
4760,4760,0.0,EryP,MkP,0.8804025809807241,3.0,1,2,0.1130120203484718,4.040152357704151e-05,4.306764970078378e-07,0.8804025809807241,0.0065436305800536,9.35890676358684e-07,Mk_union,ITGA2B|GP1BA|PF4|PPBP,4.0,3.0,MkP,MkP,endpoint,endpoint_catalog
7235,7235,0.0,EryP,MkP,0.8802138189238671,3.0,1,2,0.10400416978884,2.7104216492562846e-05,0.0141817016064689,0.8802138189238671,0.001572557862654,6.476016774762562e-07,Mk_union,ITGA2B|GP1BA|PF4|PPBP,4.0,3.0,MkP,MkP,endpoint,endpoint_catalog
7204,7204,0.0,MasP,MkP,0.8796581106598015,3.0,1,2,0.0117951292299387,0.0015576561003823,0.1064797174378436,0.8796581106598015,0.0004956295110454,1.3757060988425909e-05,Mk_union,ITGA2B|GP1BA|PF4|PPBP,4.0,3.0,MkP,MkP,endpoint,endpoint_catalog
5056,5056,0.0,EryP,MkP,0.8782810048486421,3.0,1,2,0.1197177318629756,6.059902527438431e-05,2.0839847535083603e-06,0.8782810048486421,0.0019369077926093,1.672485744956172e-06,Mk_union,ITGA2B|GP1BA|PF4|PPBP,4.0,3.0,MkP,MkP,endpoint,endpoint_catalog
1383,1383,0.0,MkP,MkP,0.8781168979158309,3.0,1,2,0.0018594697624949,0.1155962412563093,0.0031025877196567,0.8781168979158309,0.0012266566353847,9.81467103231586e-05,Mk_union,ITGA2B|GP1BA|PF4|PPBP,4.0,3.0,MkP,MkP,endpoint,endpoint_catalog
6290,6290,0.0,EryP,MkP,0.8779796194242575,3.0,1,2,0.1209077568256916,0.0002080997210786,9.18577565764704e-08,0.8779796194242575,0.0009029207115576,1.5114596579834937e-06,Mk_union,ITGA2B|GP1BA|PF4|PPBP,4.0,3.0,MkP,MkP,endpoint,endpoint_catalog
2733,2733,0.0,MkP,MkP,0.8778756341285648,3.0,1,2,0.0225640202243126,0.0356640287843485,0.0578104857724762,0.8778756341285648,0.0057747395607735,0.0003110915295239,Mk_union,ITGA2B|GP1BA|PF4|PPBP,4.0,3.0,MkP,MkP,endpoint,endpoint_catalog
2696,2696,0.0,MkP,MkP,0.8776283492703927,3.0,1,2,0.094346486541736,0.0151772970999072,0.0112614126718621,0.8776283492703927,0.0015434727842913,4.298163181076208e-05,Mk_union,ITGA2B|GP1BA|PF4|PPBP,4.0,3.0,MkP,MkP,endpoint,endpoint_catalog
3202,3202,0.0,MkP,MkP,0.8772299255991993,3.0,1,2,0.0029522461815805,0.02915361981381,0.0849525216234678,0.8772299255991993,0.0051719339901985,0.0005397527917436,Mk_union,ITGA2B|GP1BA|PF4|PPBP,4.0,3.0,MkP,MkP,endpoint,endpoint_catalog
3428,3428,0.0,MkP,MkP,0.8771622473470488,3.0,1,2,0.0004166462784958,0.115509343258136,1.2746808994683482e-05,0.8771622473470488,0.0065371998649201,0.0003618164424043,Mk_union,ITGA2B|GP1BA|PF4|PPBP,4.0,3.0,MkP,MkP,endpoint,endpoint_catalog
4253,4253,0.0,EryP,MkP,0.8768297565023907,3.0,1,2,0.122679635547195,3.707105643774602e-05,0.0001602775442583,0.8768297565023907,0.0002903726749736,2.886674744459422e-06,Mk_union,ITGA2B|GP1BA|PF4|PPBP,4.0,3.0,MkP,MkP,endpoint,endpoint_catalog
7605,7605,0.0,EryP,MkP,0.8760331406294276,3.0,1,2,0.1167915191867988,0.0010730423799097,0.0002622481101763,0.8760331406294276,0.0058249321788105,1.51175148771449e-05,Mk_union,ITGA2B|GP1BA|PF4|PPBP,4.0,3.0,MkP,MkP,endpoint,endpoint_catalog
5132,5132,0.0,EryP,MkP,0.8755686772392722,3.0,1,2,0.114443454095231,9.076482291702637e-05,0.0088176628703627,0.8755686772392722,0.0010750199239718,4.421048245142568e-06,Mk_union,ITGA2B|GP1BA|PF4|PPBP,4.0,3.0,MkP,MkP,endpoint,endpoint_catalog
1292,1292,0.0,MkP,MkP,0.8754024627648571,3.0,1,2,0.0028886598156359,0.1191281223775043,3.892555316856548e-05,0.8754024627648571,0.002489243902597,5.258558623702731e-05,Mk_union,ITGA2B|GP1BA|PF4|PPBP,4.0,3.0,MkP,MkP,endpoint,endpoint_catalog
1564,1564,0.0,EryP,MkP,0.8747387635844114,3.0,1,2,0.123241692826927,0.000134119344583,0.0002874434438144,0.8747387635844114,0.0015898407872541,8.14001300989515e-06,Mk_union,ITGA2B|GP1BA|PF4|PPBP,4.0,3.0,MkP,MkP,endpoint,endpoint_catalog
1476,1476,0.0,EryP,MkP,0.8737797491516017,3.0,1,2,0.0843946084260856,0.0113491888203871,0.002011594014258,0.8737797491516017,0.0283989349451736,6.592464249386103e-05,Mk_union,ITGA2B|GP1BA|PF4|PPBP,4.0,3.0,MkP,MkP,endpoint,endpoint_catalog
3137,3137,0.0,MkP,MkP,0.8722748174483773,3.0,1,2,0.0162712865027843,0.1041441052675375,0.0025206395045417,0.8722748174483773,0.0046421135561475,0.0001470377206115,Mk_union,ITGA2B|GP1BA|PF4|PPBP,4.0,3.0,MkP,MkP,endpoint,endpoint_catalog
475,475,0.0,MkP,MkP,0.8716457224542737,3.0,1,2,0.0060795598062522,0.0065884089283189,0.1145152196248672,0.8716457224542737,0.0009725999685093,0.0001984892177784,Mk_union,ITGA2B|GP1BA|PF4|PPBP,4.0,3.0,MkP,MkP,endpoint,endpoint_catalog
7361,7361,0.0,EryP,MkP,0.8713541721119825,3.0,1,2,0.1263437681263396,4.059310850400182e-05,2.317397555857336e-06,0.8713541721119825,0.0022583399187146,8.093369034221465e-07,Mk_union,ITGA2B|GP1BA|PF4|PPBP,4.0,3.0,MkP,MkP,endpoint,endpoint_catalog
7716,7716,0.0,EryP,MkP,0.8708815885823984,3.0,1,2,0.1277497705901882,0.0001467043701913,2.2277741625316124e-06,0.8708815885823984,0.0012171454221876,2.563260871861618e-06,Mk_union,ITGA2B|GP1BA|PF4|PPBP,4.0,3.0,MkP,MkP,endpoint,endpoint_catalog
5592,5592,0.0,MkP,MkP,0.8684277038792513,3.0,1,2,0.1110233751498289,0.0162510685528529,0.0008210940778446,0.8684277038792513,0.0033886578968716,8.81004433504409e-05,Mk_union,ITGA2B|GP1BA|PF4|PPBP,4.0,3.0,MkP,MkP,endpoint,endpoint_catalog
3459,3459,0.0,MkP,MkP,0.8674617756932169,3.0,1,2,0.0035291882228621,0.1081709443227907,0.0006162005978229,0.8674617756932169,0.0198919048671228,0.0003299862961844,Mk_union,ITGA2B|GP1BA|PF4|PPBP,4.0,3.0,MkP,MkP,endpoint,endpoint_catalog
6779,6779,0.0,EryP,MkP,0.866611284940011,3.0,1,2,0.130624875092664,7.93180318939976e-05,0.0001294140220995,0.866611284940011,0.0025524324090169,2.675504314546821e-06,Mk_union,ITGA2B|GP1BA|PF4|PPBP,4.0,3.0,MkP,MkP,endpoint,endpoint_catalog
166,166,0.0,EryP,MkP,0.8663125501867646,3.0,1,2,0.1330879159403203,2.5798811814647216e-05,5.145849449967359e-08,0.8663125501867646,0.0005730228151497,6.607874562579958e-07,Mk_union,ITGA2B|GP1BA|PF4|PPBP,4.0,3.0,MkP,MkP,endpoint,endpoint_catalog
2277,2277,0.0,MkP,MkP,0.8661581590854577,3.0,1,2,0.1069713480316825,0.0114182226313758,0.0145018650894822,0.8661581590854577,0.0009128722709078,3.753289109375844e-05,Mk_union,ITGA2B|GP1BA|PF4|PPBP,4.0,3.0,MkP,MkP,endpoint,endpoint_catalog
8312,8312,0.0,EryP,MkP,0.8642381124252854,3.0,1,2,0.1356766619009023,2.40812010120857e-05,3.289490317483934e-05,0.8642381124252854,2.8035949372856044e-05,2.1362025250452185e-07,Mk_union,ITGA2B|GP1BA|PF4|PPBP,4.0,3.0,MkP,MkP,endpoint,endpoint_catalog
7402,7402,0.0,MkP,MkP,0.864188086291764,3.0,1,2,0.0502074536167551,0.004113149611252,0.0703163847386816,0.864188086291764,0.010824408751526,0.0003505169900209,Mk_union,ITGA2B|GP1BA|PF4|PPBP,4.0,3.0,MkP,MkP,endpoint,endpoint_catalog
4136,4136,0.0,MkP,MkP,0.8637118931786997,3.0,1,2,0.0033532130393646,0.1127995405181076,0.0149074807903305,0.8637118931786997,0.0042718445916734,0.0009560278818239,Mk_union,ITGA2B|GP1BA|PF4|PPBP,4.0,3.0,MkP,MkP,endpoint,endpoint_catalog
6426,6426,0.0,EryP,MkP,0.8633372802751286,3.0,1,2,0.1359074736511633,4.470299884507864e-05,8.868853945130354e-06,0.8633372802751286,0.0007005645399191,1.1096809987945203e-06,Mk_union,ITGA2B|GP1BA|PF4|PPBP,4.0,3.0,MkP,MkP,endpoint,endpoint_catalog
132,132,0.0,MkP,MkP,0.8616148539519691,3.0,1,2,0.0098551156570696,0.1274866095616937,0.0003034639360528,0.8616148539519691,0.0006272108499136,0.0001127460433008,Mk_union,ITGA2B|GP1BA|PF4|PPBP,4.0,3.0,MkP,MkP,endpoint,endpoint_catalog
6236,6236,0.0,EryP,MkP,0.860076553925608,3.0,1,2,0.1349600940229421,0.0006056660209495,3.146469056654999e-07,0.860076553925608,0.0043548959870757,2.475396518920433e-06,Mk_union,ITGA2B|GP1BA|PF4|PPBP,4.0,3.0,MkP,MkP,endpoint,endpoint_catalog
1995,1995,0.0,EryP,MkP,0.8575681862890644,3.0,1,2,0.1423705517568695,1.994886479645383e-06,2.416968844479233e-07,0.8575681862890644,5.899151611238736e-05,3.3854589475273435e-08,Mk_union,ITGA2B|GP1BA|PF4|PPBP,4.0,3.0,MkP,MkP,endpoint,endpoint_catalog
5055,5055,0.0,EryP,MkP,0.8540683279832139,3.0,1,2,0.1458844165700644,1.1047400118051982e-05,6.945581999952642e-08,0.8540683279832139,3.440028184109431e-05,1.7383089423702309e-06,Mk_union,ITGA2B|GP1BA|PF4|PPBP,4.0,3.0,MkP,MkP,endpoint,endpoint_catalog
4328,4328,0.0,MkP,MkP,0.8538965047271694,3.0,1,2,0.0466804449238068,0.0660963546638021,0.0299891775507659,0.8538965047271694,0.0030844097726386,0.0002531083618168,Mk_union,ITGA2B|GP1BA|PF4|PPBP,4.0,3.0,MkP,MkP,endpoint,endpoint_catalog
5194,5194,0.0,EryP,MkP,0.8501430349563134,3.0,1,2,0.1489359562908817,6.577971710350481e-05,1.6519671075923206e-05,0.8501430349563134,0.0008317917667573,6.917597868161322e-06,Mk_union,ITGA2B|GP1BA|PF4|PPBP,4.0,3.0,MkP,MkP,endpoint,endpoint_catalog
2989,2989,0.0,MkP,MkP,0.8485227266521553,3.0,1,2,0.1468876371918383,0.0042901793748316,8.434748424141195e-05,0.8485227266521553,0.0002045214461979,1.0587850735452303e-05,Mk_union,ITGA2B|GP1BA|PF4|PPBP,4.0,3.0,MkP,MkP,endpoint,endpoint_catalog
1924,1924,0.0,MkP,MkP,0.8473186098272693,3.0,1,2,0.011862943384356,0.1306286879240406,0.0001240962671945,0.8473186098272693,0.0098428046110451,0.0002228579860943,Mk_union,ITGA2B|GP1BA|PF4|PPBP,4.0,3.0,MkP,MkP,endpoint,endpoint_catalog
6142,6142,0.0,MkP,MkP,0.8467036710536868,3.0,1,2,0.0001599622244837,0.150699897828458,1.0289640917925887e-06,0.8467036710536868,0.0024197179781964,1.5721951083168148e-05,Mk_union,ITGA2B|GP1BA|PF4|PPBP,4.0,3.0,MkP,MkP,endpoint,endpoint_catalog
4562,4562,0.0,MkP,MkP,0.8462155634275836,3.0,1,2,0.0134048083164398,0.1289205997740417,0.0008826030801237,0.8462155634275836,0.0102814973255965,0.0002949280762142,Mk_union,ITGA2B|GP1BA|PF4|PPBP,4.0,3.0,MkP,MkP,endpoint,endpoint_catalog
216,216,0.0,MkP,MkP,0.8460780082491165,3.0,1,2,0.0231524856132404,0.1266717778135432,0.0004606980600161,0.8460780082491165,0.0033741513908553,0.0002628788732284,Mk_union,ITGA2B|GP1BA|PF4|PPBP,4.0,3.0,MkP,MkP,endpoint,endpoint_catalog
14,14,0.0,MkP,MkP,0.8429440456169058,3.0,1,2,0.0490674637598192,0.0539772155519111,0.0466455300030375,0.8429440456169058,0.0072027653554883,0.0001629797128379,Mk_union,ITGA2B|GP1BA|PF4|PPBP,4.0,3.0,MkP,MkP,endpoint,endpoint_catalog
5680,5680,0.0,MkP,MkP,0.8415737717080456,3.0,1,2,0.0009930880768204,0.1121146504036594,0.0408443453113668,0.8415737717080456,0.0041059038532049,0.0003682406469025,Mk_union,ITGA2B|GP1BA|PF4|PPBP,4.0,3.0,MkP,MkP,endpoint,endpoint_catalog
2946,2946,0.0,EryP,MkP,0.84065810390882,3.0,1,2,0.0792964578310494,0.0001088897068539,0.0747295523739654,0.84065810390882,0.0051972778443486,9.718334962414924e-06,Mk_union,ITGA2B|GP1BA|PF4|PPBP,4.0,3.0,MkP,MkP,endpoint,endpoint_catalog
5190,5190,0.0,MkP,MkP,0.840170110678785,3.0,1,2,0.0040018649083529,0.1400127016997412,0.0148624033698711,0.840170110678785,0.0007063471604402,0.0002465721828094,Mk_union,ITGA2B|GP1BA|PF4|PPBP,4.0,3.0,MkP,MkP,endpoint,endpoint_catalog
5539,5539,0.0,MkP,MkP,0.8379816839097382,3.0,1,2,0.0800261855927195,0.0117814711162724,0.061113105723738,0.8379816839097382,0.0090638231482645,3.3730509267426173e-05,Mk_union,ITGA2B|GP1BA|PF4|PPBP,4.0,3.0,MkP,MkP,endpoint,endpoint_catalog
4680,4680,0.0,MkP,MkP,0.8375908415803058,3.0,1,2,0.0043844594342611,0.1519862908775679,0.0004502674513382,0.8375908415803058,0.0052687758836189,0.0003193647729079,Mk_union,ITGA2B|GP1BA|PF4|PPBP,4.0,3.0,MkP,MkP,endpoint,endpoint_catalog
693,693,0.0,MkP,MkP,0.8369626466468483,3.0,1,2,0.0139831371665012,0.1183232304869628,0.0184575744426768,0.8369626466468483,0.0113060470695841,0.0009673641874267,Mk_union,ITGA2B|GP1BA|PF4|PPBP,4.0,3.0,MkP,MkP,endpoint,endpoint_catalog
754,754,0.0,EryP,MkP,0.836702927371495,3.0,1,2,0.0641096193541233,0.0044474858877019,0.0727379249541288,0.836702927371495,0.0219599958828985,4.204654965220354e-05,Mk_union,ITGA2B|GP1BA|PF4|PPBP,4.0,3.0,MkP,MkP,endpoint,endpoint_catalog
7653,7653,0.0,EryP,MkP,0.8361933321479623,3.0,1,2,0.0559399540190528,0.0005081488857793,0.1008642639727864,0.8361933321479623,0.006490459887709,3.8410867100735375e-06,Mk_union,ITGA2B|GP1BA|PF4|PPBP,4.0,3.0,MkP,MkP,endpoint,endpoint_catalog
4929,4929,0.0,EryP,MkP,0.83540663514108,3.0,1,2,0.1475167644528252,0.0022042633490418,0.0088907048500899,0.83540663514108,0.005955580517456,2.6051689506707503e-05,Mk_union,ITGA2B|GP1BA|PF4|PPBP,4.0,3.0,MkP,MkP,endpoint,endpoint_catalog
7413,7413,0.0,EryP,MkP,0.8344778581065776,3.0,1,2,0.1408492823574371,0.000446499146229,0.0001747672277167,0.8344778581065776,0.024013652482248,3.79406797912824e-05,Mk_union,ITGA2B|GP1BA|PF4|PPBP,4.0,3.0,MkP,MkP,endpoint,endpoint_catalog
2273,2273,0.0,EryP,MkP,0.8335853918911492,3.0,1,2,0.1659724792944595,0.0001224580478407,1.441079007344806e-07,0.8335853918911492,0.0003178328898361,1.6937688133198905e-06,Mk_union,ITGA2B|GP1BA|PF4|PPBP,4.0,3.0,MkP,MkP,endpoint,endpoint_catalog
2462,2462,0.0,EryP,MkP,0.8335602493510407,3.0,1,2,0.0082308309860556,0.0004452864759186,0.1567721427936809,0.8335602493510407,0.0009723854675147,1.9104925789534368e-05,Mk_union,ITGA2B|GP1BA|PF4|PPBP,4.0,3.0,MkP,MkP,endpoint,endpoint_catalog
3974,3974,0.0,EryP,MkP,0.8305987854907166,3.0,1,2,0.1692743163681462,8.615605161273261e-05,5.102685649796625e-07,0.8305987854907166,3.464417043488398e-05,5.587650524696521e-06,Mk_union,ITGA2B|GP1BA|PF4|PPBP,4.0,3.0,MkP,MkP,endpoint,endpoint_catalog
1050,1050,0.0,EryP,MkP,0.8304733579601603,3.0,1,2,0.1612792499815108,0.0003174719180866,1.7420866713503087e-06,0.8304733579601603,0.0079273259100305,8.521435404470692e-07,Mk_union,ITGA2B|GP1BA|PF4|PPBP,4.0,3.0,MkP,MkP,endpoint,endpoint_catalog
4952,4952,0.0,MkP,MkP,0.8301286783876883,3.0,1,2,0.071390986048908,0.0051625384244415,0.0930837066855204,0.8301286783876883,0.0001631120699108,7.097838353085243e-05,Mk_union,ITGA2B|GP1BA|PF4|PPBP,4.0,3.0,MkP,MkP,endpoint,endpoint_catalog
7079,7079,0.0,MkP,MkP,0.8299533249338977,3.0,1,2,0.1482087509728663,0.0148744525679652,0.0001935319790339,0.8299533249338977,0.0065773391767598,0.0001926003694768,Mk_union,ITGA2B|GP1BA|PF4|PPBP,4.0,3.0,MkP,MkP,endpoint,endpoint_catalog
6746,6746,0.0,MkP,MkP,0.8275178324153274,3.0,1,2,0.0007276698530083,0.1665259551376911,0.000449503756364,0.8275178324153274,0.0044756609987259,0.0003033778388829,Mk_union,ITGA2B|GP1BA|PF4|PPBP,4.0,3.0,MkP,MkP,endpoint,endpoint_catalog
7298,7298,0.0,EryP,MkP,0.8256721841633491,3.0,1,2,0.1298986240959672,2.1628717330250887e-05,0.0415614160724138,0.8256721841633491,0.0028285597378979,1.7587213041486304e-05,Mk_union,ITGA2B|GP1BA|PF4|PPBP,4.0,3.0,MkP,MkP,endpoint,endpoint_catalog
6291,6291,0.0,MkP,MkP,0.825494007848304,3.0,1,2,0.0007294946038284,0.1692729852579829,7.815186994560059e-07,0.825494007848304,0.0044886715441058,1.4059227079310126e-05,Mk_union,ITGA2B|GP1BA|PF4|PPBP,4.0,3.0,MkP,MkP,endpoint,endpoint_catalog
5737,5737,0.0,EryP,MkP,0.8240410753831365,3.0,1,2,0.1594465514376394,9.86993673619397e-05,0.0134776315750151,0.8240410753831365,0.0029234897293198,1.2552507527178256e-05,Mk_union,ITGA2B|GP1BA|PF4|PPBP,4.0,3.0,MkP,MkP,endpoint,endpoint_catalog
1912,1912,0.0,MkP,MkP,0.823320618492213,3.0,1,2,0.0318897272352669,0.064649900405146,0.027773349031107,0.823320618492213,0.0512344515227495,0.0011319533135175,Mk_union,ITGA2B|GP1BA|PF4|PPBP,4.0,3.0,MkP,MkP,endpoint,endpoint_catalog
7258,7258,0.0,EryP,MkP,0.8221697416769644,3.0,1,2,0.1774363956730431,1.8628433389583188e-05,8.476688584901664e-05,0.8221697416769644,0.0002894710775723,9.962531816356542e-07,Mk_union,ITGA2B|GP1BA|PF4|PPBP,4.0,3.0,MkP,MkP,endpoint,endpoint_catalog
7916,7916,0.0,EryP,MkP,0.8221500392218305,3.0,1,2,0.0876844273500166,0.0004761418796429,0.0874038733644881,0.8221500392218305,0.0022392404476495,4.627773637232314e-05,Mk_union,ITGA2B|GP1BA|PF4|PPBP,4.0,3.0,MkP,MkP,endpoint,endpoint_catalog
6331,6331,0.0,MkP,MkP,0.8200103984886995,3.0,1,2,0.1785674251036502,0.0011489548215184,0.0001637321929927,0.8200103984886995,9.908814999659842e-05,1.0401243142464298e-05,Mk_union,ITGA2B|GP1BA|PF4|PPBP,4.0,3.0,MkP,MkP,endpoint,endpoint_catalog
4018,4018,0.0,MkP,MkP,0.8191354624797331,3.0,1,2,0.0023818104424092,0.0357076560304887,0.1415682348621094,0.8191354624797331,0.000856975821549,0.0003498603637105,Mk_union,ITGA2B|GP1BA|PF4|PPBP,4.0,3.0,MkP,MkP,endpoint,endpoint_catalog
4177,4177,0.0,EryP,MkP,0.8184239174554878,3.0,1,2,0.1695891258623835,9.291440243974326e-05,0.0017512262120231,0.8184239174554878,0.0101399416042553,2.874463410348713e-06,Mk_union,ITGA2B|GP1BA|PF4|PPBP,4.0,3.0,MkP,MkP,endpoint,endpoint_catalog
3731,3731,0.0,EryP,MkP,0.818341494375767,3.0,1,2,0.1816273165225162,2.190333330795014e-05,4.701401204204372e-08,0.818341494375767,8.95095922449666e-06,2.877951722785442e-07,Mk_union,ITGA2B|GP1BA|PF4|PPBP,4.0,3.0,MkP,MkP,endpoint,endpoint_catalog
4351,4351,0.0,EryP,MkP,0.8177317144427015,3.0,1,2,0.1815456195342066,0.0001244172291963,6.158983473574596e-05,0.8177317144427015,0.0005168337826803,1.982517647937797e-05,Mk_union,ITGA2B|GP1BA|PF4|PPBP,4.0,3.0,MkP,MkP,endpoint,endpoint_catalog
1285,1285,0.0,EryP,MkP,0.8131730220940273,3.0,1,2,0.1864261913356869,3.8740309397712046e-05,1.5464407184320513e-08,0.8131730220940273,0.0003538273370886,8.203459392303387e-06,Mk_union,ITGA2B|GP1BA|PF4|PPBP,4.0,3.0,MkP,MkP,endpoint,endpoint_catalog
5591,5591,0.0,EryP,MkP,0.8128059415980885,3.0,1,2,0.0757857091417703,0.0011049216638177,0.030719869493285,0.8128059415980885,0.0795152863637847,6.827173925353847e-05,Mk_union,ITGA2B|GP1BA|PF4|PPBP,4.0,3.0,MkP,MkP,endpoint,endpoint_catalog
6791,6791,0.0,EryP,MkP,0.812349653235826,3.0,1,2,0.1874855798245198,6.45056211462385e-05,1.0640570484987974e-05,0.812349653235826,8.9073593757447e-05,5.471542656980747e-07,Mk_union,ITGA2B|GP1BA|PF4|PPBP,4.0,3.0,MkP,MkP,endpoint,endpoint_catalog
5810,5810,0.0,MkP,MkP,0.8109910910410435,3.0,1,2,0.0058776104079291,0.1278699633702791,0.0011836891270082,0.8109910910410435,0.0407066833889812,0.0133709626647586,Mk_union,ITGA2B|GP1BA|PF4|PPBP,4.0,3.0,MkP,MkP,endpoint,endpoint_catalog
2145,2145,0.0,MkP,MkP,0.8103978888046153,3.0,1,2,0.0310458641712608,0.1553525361814153,0.0025578100131644,0.8103978888046153,0.0005665044776063,7.939635193772986e-05,Mk_union,ITGA2B|GP1BA|PF4|PPBP,4.0,3.0,MkP,MkP,endpoint,endpoint_catalog
4811,4811,0.0,MasP,MkP,0.810331024300601,3.0,1,2,0.03402966372009,0.0397220673716576,0.1042285311680293,0.810331024300601,0.0004839347450832,0.0112047786945387,Mk_union,ITGA2B|GP1BA|PF4|PPBP,4.0,3.0,MkP,MkP,endpoint,endpoint_catalog
6390,6390,0.0,EryP,MkP,0.8102428482991936,3.0,1,2,0.1800930002546837,3.4524184530278214e-05,0.0092989925397317,0.8102428482991936,0.0003295336036329,1.10111822753377e-06,Mk_union,ITGA2B|GP1BA|PF4|PPBP,4.0,3.0,MkP,MkP,endpoint,endpoint_catalog
2938,2938,0.0,MkP,MkP,0.8097163712147162,3.0,1,2,0.002603978416815,0.0469090032457943,0.1378656279043852,0.8097163712147162,0.0025943534435199,0.0003106657747691,Mk_union,ITGA2B|GP1BA|PF4|PPBP,4.0,3.0,MkP,MkP,endpoint,endpoint_catalog
4732,4732,0.0,MasP,MkP,0.8095045689278652,3.0,1,2,0.179445555273103,0.0044648512458541,0.0038192377664805,0.8095045689278652,0.0025909028261934,0.0001748839605036,Mk_union,ITGA2B|GP1BA|PF4|PPBP,4.0,3.0,MkP,MkP,endpoint,endpoint_catalog
459,459,0.0,EryP,MkP,0.8079022622058323,3.0,1,2,0.1915472228128042,0.0001289161192885,5.858158864292565e-06,0.8079022622058323,0.0003984333024145,1.730740079617846e-05,Mk_union,ITGA2B|GP1BA|PF4|PPBP,4.0,3.0,MkP,MkP,endpoint,endpoint_catalog
5999,5999,0.0,EryP,MkP,0.8037989340492481,3.0,1,2,0.1942522682717145,1.829158940863824e-05,0.0011897921277329,0.8037989340492481,0.0007393563600225,1.3576018733044898e-06,Mk_union,ITGA2B|GP1BA|PF4|PPBP,4.0,3.0,MkP,MkP,endpoint,endpoint_catalog
6727,6727,0.0,EryP,MkP,0.8020783798483122,3.0,1,2,0.1548324191728885,0.0001355044960351,0.0401263225270674,0.8020783798483122,0.0028214691946251,5.904761071380306e-06,Mk_union,ITGA2B|GP1BA|PF4|PPBP,4.0,3.0,MkP,MkP,endpoint,endpoint_catalog
2357,2357,0.0,EryP,MkP,0.800822665904788,3.0,1,2,0.1821644719571,0.0001207168502936,2.157250192904441e-06,0.800822665904788,0.0168821769610365,7.81107658871245e-06,Mk_union,ITGA2B|GP1BA|PF4|PPBP,4.0,3.0,MkP,MkP,endpoint,endpoint_catalog
4319,4319,0.0,EryP,MkP,0.7989531542568018,3.0,1,2,0.2007863625580775,0.000134986705457,3.452386153334597e-07,0.7989531542568018,0.0001247206542737,4.30586774557218e-07,Mk_union,ITGA2B|GP1BA|PF4|PPBP,4.0,3.0,MkP,MkP,endpoint,endpoint_catalog
2792,2792,0.0,MasP,MkP,0.7979846010159288,3.0,1,2,0.1129039228461136,0.0012395147114066,0.0847341302284195,0.7979846010159288,0.0029930318578721,0.0001447993402592,Mk_union,ITGA2B|GP1BA|PF4|PPBP,4.0,3.0,MkP,MkP,endpoint,endpoint_catalog
7998,7998,0.0,MasP,MkP,0.7976494655269667,3.0,1,2,0.1038428355724647,0.0429570325331748,0.0076971465480415,0.7976494655269667,0.0463802219033232,0.0014732979160289,Mk_union,ITGA2B|GP1BA|PF4|PPBP,4.0,3.0,MkP,MkP,endpoint,endpoint_catalog
1990,1990,0.0,EryP,MkP,0.797199898792828,3.0,1,2,0.2023757188656435,8.201018839438864e-05,0.0001448269410422,0.797199898792828,0.0001934338493055,4.111362786012058e-06,Mk_union,ITGA2B|GP1BA|PF4|PPBP,4.0,3.0,MkP,MkP,endpoint,endpoint_catalog
1323,1323,0.0,MasP,MkP,0.7951623095389756,3.0,1,2,0.0019643213073652,0.104541212788946,0.0917495039830761,0.7951623095389756,0.0021040224229387,0.0044786299586982,Mk_union,ITGA2B|GP1BA|PF4|PPBP,4.0,3.0,MkP,MkP,endpoint,endpoint_catalog
230,230,0.0,EryP,MkP,0.7951094311931038,3.0,1,2,0.1070840989622355,0.0011017846241488,0.0958041391917276,0.7951094311931038,0.0008834486557301,1.709737305397696e-05,Mk_union,ITGA2B|GP1BA|PF4|PPBP,4.0,3.0,MkP,MkP,endpoint,endpoint_catalog
6158,6158,0.0,MkP,MkP,0.7938290566934708,3.0,1,2,0.0107916508191008,0.0305999127027423,0.1645914879778156,0.7938290566934708,0.000145173034451,4.27187724194018e-05,Mk_union,ITGA2B|GP1BA|PF4|PPBP,4.0,3.0,MkP,MkP,endpoint,endpoint_catalog
3838,3838,0.0,EryP,MkP,0.7934308764438325,3.0,1,2,0.1349438710609862,0.0001326081349637,0.0707980237153196,0.7934308764438325,0.0006909027920567,3.7178528408950496e-06,Mk_union,ITGA2B|GP1BA|PF4|PPBP,4.0,3.0,MkP,MkP,endpoint,endpoint_catalog
792,792,0.0,MkP,MkP,0.7932834277190102,3.0,1,2,0.1141993759403501,0.0091255964222209,0.0778043405969305,0.7932834277190102,0.0047034427488229,0.0008838165726652,Mk_union,ITGA2B|GP1BA|PF4|PPBP,4.0,3.0,MkP,MkP,endpoint,endpoint_catalog
2734,2734,0.0,HSC,MkP,0.7932151413735156,3.0,1,2,0.000203961370533,0.1938574982280702,0.0003537721487713,0.7932151413735156,0.0051023257501615,0.0072673011289481,Mk_union,ITGA2B|GP1BA|PF4|PPBP,4.0,3.0,MkP,MkP,endpoint,endpoint_catalog
6556,6556,0.0,MasP,MkP,0.7923144371283081,3.0,1,2,0.0038785898344581,0.0198348500229022,0.1827167845630746,0.7923144371283081,0.0008626601989855,0.0003926782522713,Mk_union,ITGA2B|GP1BA|PF4|PPBP,4.0,3.0,MkP,MkP,endpoint,endpoint_catalog
8061,8061,0.0,EryP,MkP,0.7922293803142324,3.0,1,2,0.2043155164590422,0.0002494584176324,9.134112371776938e-05,0.7922293803142324,0.0030923663954022,2.1937289972680704e-05,Mk_union,ITGA2B|GP1BA|PF4|PPBP,4.0,3.0,MkP,MkP,endpoint,endpoint_catalog
3401,3401,0.0,EryP,MkP,0.7911850697181522,3.0,1,2,0.208608497129642,0.0001010086333797,3.5655146028066064e-08,0.7911850697181522,0.0001022708516936,3.1180119865082466e-06,Mk_union,ITGA2B|GP1BA|PF4|PPBP,4.0,3.0,MkP,MkP,endpoint,endpoint_catalog
2554,2554,0.0,MkP,MkP,0.7890513408267588,3.0,1,2,0.0022888593027605,0.1853152791269667,5.2056857920060274e-05,0.7890513408267588,0.023157677253354,0.0001347866322397,Mk_union,ITGA2B|GP1BA|PF4|PPBP,4.0,3.0,MkP,MkP,endpoint,endpoint_catalog
21,21,0.0,MkP,MkP,0.7887488314223311,3.0,1,2,0.002101458730753,0.207776367563428,0.0003915926427531,0.7887488314223311,0.0008440286280383,0.0001377210126962,Mk_union,ITGA2B|GP1BA|PF4|PPBP,4.0,3.0,MkP,MkP,endpoint,endpoint_catalog
6132,6132,0.0,MkP,MkP,0.7885478773033893,3.0,1,2,0.0285013533654085,0.1628360350453284,0.0017806491169694,0.7885478773033893,0.0180516642698466,0.0002824208990575,Mk_union,ITGA2B|GP1BA|PF4|PPBP,4.0,3.0,MkP,MkP,endpoint,endpoint_catalog
8043,8043,0.0,MkP,MkP,0.7876283695660857,3.0,1,2,0.1808532918231086,0.0196230996430471,0.0027353111195071,0.7876283695660857,0.0089064406449022,0.0002534872033491,Mk_union,ITGA2B|GP1BA|PF4|PPBP,4.0,3.0,MkP,MkP,endpoint,endpoint_catalog
7040,7040,0.0,MasP,MkP,0.7874306766934762,3.0,1,2,0.182701018418404,0.0080105057737051,0.0038331810061157,0.7874306766934762,0.0179434849243337,8.113318396512468e-05,Mk_union,ITGA2B|GP1BA|PF4|PPBP,4.0,3.0,MkP,MkP,endpoint,endpoint_catalog
7117,7117,0.0,MkP,MkP,0.7859791816719438,3.0,1,2,0.0200896986956316,0.10141064746764,0.0487667174554329,0.7859791816719438,0.0409260435866787,0.0028277111226728,Mk_union,ITGA2B|GP1BA|PF4|PPBP,4.0,3.0,MkP,MkP,endpoint,endpoint_catalog
469,469,0.0,MkP,MkP,0.7857001817487093,3.0,1,2,0.002930928381499,0.1865784217482045,0.0103542063075075,0.7857001817487093,0.0131819831657415,0.0012542786483379,Mk_union,ITGA2B|GP1BA|PF4|PPBP,4.0,3.0,MkP,MkP,endpoint,endpoint_catalog
3169,3169,0.0,EryP,MkP,0.7828052387462622,3.0,1,2,0.2166029367580599,0.0002004254821097,3.421137132746737e-07,0.7828052387462622,0.0003864414034703,4.615496384553999e-06,Mk_union,ITGA2B|GP1BA|PF4|PPBP,4.0,3.0,MkP,MkP,endpoint,endpoint_catalog
137,137,0.0,MkP,MkP,0.7821846271034708,3.0,1,2,0.0224151926130711,0.0050327846413875,0.1897570249006488,0.7821846271034708,0.0005209693004555,8.940144096621899e-05,Mk_union,ITGA2B|GP1BA|PF4|PPBP,4.0,3.0,MkP,MkP,endpoint,endpoint_catalog
1778,1778,0.0,MasP,MkP,0.7806368788821598,3.0,1,2,0.0536464454229653,0.0028640993491214,0.1621997525855019,0.7806368788821598,0.0006109912383002,4.183252195112252e-05,Mk_union,ITGA2B|GP1BA|PF4|PPBP,4.0,3.0,MkP,MkP,endpoint,endpoint_catalog
4632,4632,0.0,MkP,MkP,0.7804435230067017,3.0,1,2,0.0006679083613618,0.0487589875455337,0.1682659119512259,0.7804435230067017,0.0017124075984564,0.0001512615367203,Mk_union,ITGA2B|GP1BA|PF4|PPBP,4.0,3.0,MkP,MkP,endpoint,endpoint_catalog
4854,4854,0.0,MkP,MkP,0.7788285622819862,3.0,1,2,0.0034304713854242,0.21661529431018,2.052826672274752e-05,0.7788285622819862,0.0010338637858142,7.12799698723608e-05,Mk_union,ITGA2B|GP1BA|PF4|PPBP,4.0,3.0,MkP,MkP,endpoint,endpoint_catalog
1418,1418,0.0,MkP,MkP,0.7787151695366268,3.0,1,2,0.1241544472181776,6.294901896362334e-05,0.0945505739156052,0.7787151695366268,0.0025141432112773,2.717099349465871e-06,Mk_union,ITGA2B|GP1BA|PF4|PPBP,4.0,3.0,MkP,MkP,endpoint,endpoint_catalog
5454,5454,0.0,MkP,MkP,0.7785326515276003,3.0,1,2,0.0605239974052651,0.1514458596299397,0.0036007801848642,0.7785326515276003,0.0057051039754546,0.0001916072768756,Mk_union,ITGA2B|GP1BA|PF4|PPBP,4.0,3.0,MkP,MkP,endpoint,endpoint_catalog
8302,8302,0.0,MkP,MkP,0.7783976176934917,3.0,1,2,0.0042710319572605,0.0229237573645613,0.192876628973051,0.7783976176934917,0.0014084317810384,0.0001225322305967,Mk_union,ITGA2B|GP1BA|PF4|PPBP,4.0,3.0,MkP,MkP,endpoint,endpoint_catalog
5740,5740,0.0,EryP,MkP,0.7772264870771831,3.0,1,2,0.2185954885540782,4.673807300873757e-06,0.002248447938633,0.7772264870771831,0.0019248502179319,5.2404873026186633e-08,Mk_union,ITGA2B|GP1BA|PF4|PPBP,4.0,3.0,MkP,MkP,endpoint,endpoint_catalog
7696,7696,0.0,MkP,MkP,0.7764886342818269,3.0,1,2,0.219884632877238,0.0036002784889658,3.8855084904915293e-07,0.7764886342818269,2.543577544678344e-05,6.300256733831945e-07,Mk_union,ITGA2B|GP1BA|PF4|PPBP,4.0,3.0,MkP,MkP,endpoint,endpoint_catalog
2673,2673,0.0,MkP,MkP,0.7762202729432329,3.0,1,2,0.01053787359497,0.1902662481337881,0.0188786586098207,0.7762202729432329,0.0029075164804715,0.0011894302377165,Mk_union,ITGA2B|GP1BA|PF4|PPBP,4.0,3.0,MkP,MkP,endpoint,endpoint_catalog
5685,5685,0.0,HSC,MkP,0.7756598538286222,3.0,1,2,4.58931591750938e-05,0.2182166560668132,1.2637227659968932e-05,0.7756598538286222,0.005873549565377,0.0001914101523524,Mk_union,ITGA2B|GP1BA|PF4|PPBP,4.0,3.0,MkP,MkP,endpoint,endpoint_catalog
2802,2802,0.0,EryP,MkP,0.7725094314323394,3.0,1,2,0.1872987424519745,6.44433706677953e-05,0.0336187909161406,0.7725094314323394,0.0064913557518343,1.7236077043228706e-05,Mk_union,ITGA2B|GP1BA|PF4|PPBP,4.0,3.0,MkP,MkP,endpoint,endpoint_catalog
1351,1351,0.0,EryP,MkP,0.7689565190343542,3.0,1,2,0.2107944191982517,3.3130780083960376e-05,0.0119365856547669,0.7689565190343542,0.0082561035953054,2.324173723753713e-05,Mk_union,ITGA2B|GP1BA|PF4|PPBP,4.0,3.0,MkP,MkP,endpoint,endpoint_catalog
4336,4336,0.0,MkP,MkP,0.7659474433243522,3.0,1,2,0.0002415732348498,0.211920317790025,0.0154092170226466,0.7659474433243522,0.0047055809293473,0.0017758676987789,Mk_union,ITGA2B|GP1BA|PF4|PPBP,4.0,3.0,MkP,MkP,endpoint,endpoint_catalog
1245,1245,0.0,EryP,MkP,0.7656551596903778,3.0,1,2,0.026806801774884,0.0078936008353885,0.198987446260854,0.7656551596903778,0.0006381322511524,1.8859187343062603e-05,Mk_union,ITGA2B|GP1BA|PF4|PPBP,4.0,3.0,MkP,MkP,endpoint,endpoint_catalog
1748,1748,0.0,MkP,MkP,0.7655014185464948,3.0,1,2,0.0036927670209565,0.1989077333146573,0.0307221361889847,0.7655014185464948,0.0004183660558999,0.0007575788730068,Mk_union,ITGA2B|GP1BA|PF4|PPBP,4.0,3.0,MkP,MkP,endpoint,endpoint_catalog
1164,1164,0.0,EryP,MkP,0.7647560740653276,3.0,1,2,0.2343774469620214,6.6348401378204046e-06,0.0001411319001939,0.7647560740653276,0.0007163969041369,2.3153281822188107e-06,Mk_union,ITGA2B|GP1BA|PF4|PPBP,4.0,3.0,MkP,MkP,endpoint,endpoint_catalog
5946,5946,0.0,MasP,MkP,0.7645383627754847,3.0,1,2,0.2273134729217473,0.0015179456547915,0.0064313427798618,0.7645383627754847,0.0001952353551919,3.640512922642733e-06,Mk_union,ITGA2B|GP1BA|PF4|PPBP,4.0,3.0,MkP,MkP,endpoint,endpoint_catalog
1936,1936,0.0,EryP,MkP,0.7635698836120419,3.0,1,2,0.2148927930096121,0.0003941887553077,0.0201924875185256,0.7635698836120419,0.0007952867589102,0.0001553603456024,Mk_union,ITGA2B|GP1BA|PF4|PPBP,4.0,3.0,MkP,MkP,endpoint,endpoint_catalog
8093,8093,0.0,MkP,MkP,0.763378932608819,3.0,1,2,0.0200447322898748,0.145591726344494,0.0021342078732738,0.763378932608819,0.0682930204582264,0.0005573804253119,Mk_union,ITGA2B|GP1BA|PF4|PPBP,4.0,3.0,MkP,MkP,endpoint,endpoint_catalog
6149,6149,0.0,EryP,MkP,0.7611340242026757,3.0,1,2,0.2384109276027293,3.754590665773868e-05,9.65292948733824e-06,0.7611340242026757,0.0004069788009545,8.705574954218037e-07,Mk_union,ITGA2B|GP1BA|PF4|PPBP,4.0,3.0,MkP,MkP,endpoint,endpoint_catalog
5334,5334,0.0,MkP,MkP,0.7609164204745457,3.0,1,2,0.0004399702164146,0.2344091000800817,7.763581317591414e-05,0.7609164204745457,0.003393914824926,0.000762958590856,Mk_union,ITGA2B|GP1BA|PF4|PPBP,4.0,3.0,MkP,MkP,endpoint,endpoint_catalog
4779,4779,0.0,MkP,MkP,0.7601565458142671,3.0,1,2,0.0090651980118807,0.0722211697261908,0.1444976065509687,0.7601565458142671,0.0140111990233198,4.828087337287017e-05,Mk_union,ITGA2B|GP1BA|PF4|PPBP,4.0,3.0,MkP,MkP,endpoint,endpoint_catalog
7952,7952,0.0,MasP,MkP,0.7587464523056415,3.0,1,2,8.229787657391984e-05,0.2399479903094544,1.2529449842589824e-05,0.7587464523056415,0.001140092553963,7.063750452464595e-05,Mk_union,ITGA2B|GP1BA|PF4|PPBP,4.0,3.0,MkP,MkP,endpoint,endpoint_catalog
5866,5866,0.0,EryP,MkP,0.7573407795111764,3.0,1,2,0.2417545502567692,0.0001049790150346,1.3269428498629905e-06,0.7573407795111764,0.0007970837401905,1.280533979241336e-06,Mk_union,ITGA2B|GP1BA|PF4|PPBP,4.0,3.0,MkP,MkP,endpoint,endpoint_catalog
5554,5554,0.0,MkP,MkP,0.7567054948658086,3.0,1,2,0.0375107693278202,0.1990500075331293,0.0057655674409194,0.7567054948658086,0.0007024742836309,0.0002656865486914,Mk_union,ITGA2B|GP1BA|PF4|PPBP,4.0,3.0,MkP,MkP,endpoint,endpoint_catalog
2162,2162,0.0,EryP,MkP,0.7564753361330073,3.0,1,2,0.221470009982157,0.0008221206129163,0.0092528566873869,0.7564753361330073,0.0119741326008117,5.543983720461362e-06,Mk_union,ITGA2B|GP1BA|PF4|PPBP,4.0,3.0,MkP,MkP,endpoint,endpoint_catalog
4622,4622,0.0,MkP,MkP,0.7537936159417957,3.0,1,2,0.0034277916472687,0.1549138948434044,0.0837190473015941,0.7537936159417957,0.0034221510963603,0.0007234991695764,Mk_union,ITGA2B|GP1BA|PF4|PPBP,4.0,3.0,MkP,MkP,endpoint,endpoint_catalog
89,89,0.0,MkP,MkP,0.7534970224607694,3.0,1,2,0.0237995816662839,0.21779737241502,0.0015589166903082,0.7534970224607694,0.0032955121917646,5.159457585356048e-05,Mk_union,ITGA2B|GP1BA|PF4|PPBP,4.0,3.0,MkP,MkP,endpoint,endpoint_catalog
6701,6701,0.0,MasP,MkP,0.7529820381086618,3.0,1,2,0.0822193411883127,0.1613411815508272,0.000911258766514,0.7529820381086618,0.0024414425550197,0.0001047378306644,Mk_union,ITGA2B|GP1BA|PF4|PPBP,4.0,3.0,MkP,MkP,endpoint,endpoint_catalog
5872,5872,0.0,MkP,MkP,0.752643313679284,3.0,1,2,0.0093224087032763,0.1017374367263745,0.1331107561960026,0.752643313679284,0.0008884404985728,0.0022976441964895,Mk_union,ITGA2B|GP1BA|PF4|PPBP,4.0,3.0,MkP,MkP,endpoint,endpoint_catalog
7002,7002,0.0,EryP,MkP,0.7524263517358104,3.0,1,2,0.2466357600045636,1.994706178940249e-05,3.00082414082878e-06,0.7524263517358104,0.0009138116752555,1.1286984403437162e-06,Mk_union,ITGA2B|GP1BA|PF4|PPBP,4.0,3.0,MkP,MkP,endpoint,endpoint_catalog
4549,4549,0.0,MasP,MkP,0.7471033625702568,3.0,1,2,0.2383233700308916,0.0001823130654088,0.0037078381830348,0.7471033625702568,0.0106677009043538,1.5415246054276577e-05,Mk_union,ITGA2B|GP1BA|PF4|PPBP,4.0,3.0,MkP,MkP,endpoint,endpoint_catalog
3960,3960,0.0,MkP,MkP,0.7426339202990431,3.0,1,2,0.006001084266874,0.0643431882358962,0.1801884400530383,0.7426339202990431,0.0013371618587047,0.0054962052864434,Mk_union,ITGA2B|GP1BA|PF4|PPBP,4.0,3.0,MkP,MkP,endpoint,endpoint_catalog
5299,5299,0.0,MkP,MkP,0.740330112225005,3.0,1,2,0.0027219809241986,0.1196005370092734,0.1339363014422853,0.740330112225005,0.0018093268940758,0.0016017415051615,Mk_union,ITGA2B|GP1BA|PF4|PPBP,4.0,3.0,MkP,MkP,endpoint,endpoint_catalog
7549,7549,0.0,EryP,MkP,0.7401858286133983,3.0,1,2,0.2517155256534987,0.0071027503613547,2.3645546162514992e-06,0.7401858286133983,0.0009917964930049,1.7343241270203303e-06,Mk_union,ITGA2B|GP1BA|PF4|PPBP,4.0,3.0,MkP,MkP,endpoint,endpoint_catalog
1562,1562,0.0,MkP,MkP,0.7398162527033908,3.0,1,2,0.0241420406954012,0.1509963066191638,0.0796003216662365,0.7398162527033908,0.0010993365633887,0.0043457417524188,Mk_union,ITGA2B|GP1BA|PF4|PPBP,4.0,3.0,MkP,MkP,endpoint,endpoint_catalog
7474,7474,0.0,MkP,MkP,0.7397322591952771,3.0,1,2,0.0007832012149372,0.2537312678027666,3.60483569122455e-06,0.7397322591952771,0.0057117352546514,3.793169667636783e-05,Mk_union,ITGA2B|GP1BA|PF4|PPBP,4.0,3.0,MkP,MkP,endpoint,endpoint_catalog
2343,2343,0.0,MasP,MkP,0.7396813651154973,3.0,1,2,0.0011688816627922,0.2305757178854555,0.0001957774456013,0.7396813651154973,0.0281814979330095,0.000196759957644,Mk_union,ITGA2B|GP1BA|PF4|PPBP,4.0,3.0,MkP,MkP,endpoint,endpoint_catalog
2594,2594,0.0,EryP,MkP,0.7396323587217065,3.0,1,2,0.2601067719110707,0.0001074943546359,2.224705616127409e-06,0.7396323587217065,0.0001510578091762,9.249779437062205e-08,Mk_union,ITGA2B|GP1BA|PF4|PPBP,4.0,3.0,MkP,MkP,endpoint,endpoint_catalog
2293,2293,0.0,EryP,MkP,0.7387524848429111,3.0,1,2,0.1978162330371973,7.050329137091931e-05,0.0003083424735496,0.7387524848429111,0.0630503546105971,2.0817443737200507e-06,Mk_union,ITGA2B|GP1BA|PF4|PPBP,4.0,3.0,MkP,MkP,endpoint,endpoint_catalog
7687,7687,0.0,EryP,MkP,0.7350154931312215,3.0,1,2,0.2646917796274868,2.327693114912861e-05,3.11719026800135e-07,0.7350154931312215,0.0002690499968492,8.859426630788065e-08,Mk_union,ITGA2B|GP1BA|PF4|PPBP,4.0,3.0,MkP,MkP,endpoint,endpoint_catalog
686,686,0.0,MkP,MkP,0.7348770964376166,3.0,1,2,0.0003186081051931,0.2519448826251803,0.000112484899107,0.7348770964376166,0.0124373584781148,0.000309569454788,Mk_union,ITGA2B|GP1BA|PF4|PPBP,4.0,3.0,MkP,MkP,endpoint,endpoint_catalog
2076,2076,0.0,MkP,MkP,0.7336677667921725,3.0,1,2,0.0025077176598616,0.2240313958914716,0.0351473530647855,0.7336677667921725,0.0038047575727881,0.0008410090189203,Mk_union,ITGA2B|GP1BA|PF4|PPBP,4.0,3.0,MkP,MkP,endpoint,endpoint_catalog
437,437,0.0,EryP,MkP,0.7317689410959274,3.0,1,2,0.2637094664120442,7.229722856843679e-05,0.002796268425096,0.7317689410959274,0.001649396002337,3.630836026745816e-06,Mk_union,ITGA2B|GP1BA|PF4|PPBP,4.0,3.0,MkP,MkP,endpoint,endpoint_catalog
1239,1239,0.0,MkP,MkP,0.7314393642349618,3.0,1,2,0.0018896127237508,0.2568905365364022,0.0086408533663343,0.7314393642349618,0.0008878191596615,0.0002518139788891,Mk_union,ITGA2B|GP1BA|PF4|PPBP,4.0,3.0,MkP,MkP,endpoint,endpoint_catalog
271,271,0.0,MkP,MkP,0.7301103442924476,3.0,1,2,0.2442743649751428,0.0108337619448826,0.0104981050041429,0.7301103442924476,0.0042494795066679,3.3944276715896107e-05,Mk_union,ITGA2B|GP1BA|PF4|PPBP,4.0,3.0,MkP,MkP,endpoint,endpoint_catalog
185,185,0.0,EryP,MkP,0.7288047877970751,3.0,1,2,0.2693058221546573,0.0001894190820817,4.564295317625851e-06,0.7288047877970751,0.0016942277087469,1.1789621211875252e-06,Mk_union,ITGA2B|GP1BA|PF4|PPBP,4.0,3.0,MkP,MkP,endpoint,endpoint_catalog
3342,3342,0.0,MkP,MkP,0.7275246102204599,3.0,1,2,0.0036916071445307,0.2666469217906468,0.00046607415222,0.7275246102204599,0.0012113891384714,0.0004593975536711,Mk_union,ITGA2B|GP1BA|PF4|PPBP,4.0,3.0,MkP,MkP,endpoint,endpoint_catalog
5686,5686,0.0,EryP,MkP,0.7271905141494849,3.0,1,2,0.2672423523515777,4.240852196687114e-05,2.613299415810472e-05,0.7271905141494849,0.005491365355064,7.226627748432164e-06,Mk_union,ITGA2B|GP1BA|PF4|PPBP,4.0,3.0,MkP,MkP,endpoint,endpoint_catalog
6500,6500,0.0,EryP,MkP,0.7269855275511563,3.0,1,2,0.2625378291741608,0.0002935724917578,4.132077226412117e-05,0.7269855275511563,0.0101287627449031,1.2987265757813416e-05,Mk_union,ITGA2B|GP1BA|PF4|PPBP,4.0,3.0,MkP,MkP,endpoint,endpoint_catalog
3427,3427,0.0,MasP,MkP,0.7264816249037047,3.0,1,2,0.0031396404307509,0.0024223312051478,0.2673568880355162,0.7264816249037047,0.0005277692341881,7.174619069193776e-05,Mk_union,ITGA2B|GP1BA|PF4|PPBP,4.0,3.0,MkP,MkP,endpoint,endpoint_catalog
3417,3417,0.0,MasP,MkP,0.7211003595474413,3.0,1,2,0.1078429756769266,0.0011214555092912,0.1688309830367471,0.7211003595474413,0.0009973577759074,0.0001068684536861,Mk_union,ITGA2B|GP1BA|PF4|PPBP,4.0,3.0,MkP,MkP,endpoint,endpoint_catalog
5110,5110,0.0,MkP,MkP,0.7210691667485255,3.0,1,2,0.0408741513744289,0.0186552661297056,0.2171593333076993,0.7210691667485255,0.0022172445251985,2.483791444205668e-05,Mk_union,ITGA2B|GP1BA|PF4|PPBP,4.0,3.0,MkP,MkP,endpoint,endpoint_catalog
5711,5711,0.0,EryP,MkP,0.7198451394397986,3.0,1,2,0.2678633449012413,0.0095427978368799,2.084217926657759e-05,0.7198451394397986,0.0026565355161476,7.134012666604182e-05,Mk_union,ITGA2B|GP1BA|PF4|PPBP,4.0,3.0,MkP,MkP,endpoint,endpoint_catalog
8002,8002,0.0,EryP,MkP,0.7193675294677493,3.0,1,2,0.0982895248860304,0.0004453048976266,0.1813707887040744,0.7193675294677493,0.000522856291743,3.995752776053416e-06,Mk_union,ITGA2B|GP1BA|PF4|PPBP,4.0,3.0,MkP,MkP,endpoint,endpoint_catalog
812,812,0.0,MkP,MkP,0.7184265228827187,3.0,1,2,0.0146552944851857,0.2262272265078986,0.0001112185101055,0.7184265228827187,0.0403095423676327,0.0002701952464588,Mk_union,ITGA2B|GP1BA|PF4|PPBP,4.0,3.0,MkP,MkP,endpoint,endpoint_catalog
2099,2099,0.0,MkP,MkP,0.7183602994211213,3.0,1,2,0.0230462362807865,0.2582375710632037,1.8323541216835366e-05,0.7183602994211213,4.827367000238448e-05,0.0002892960236691,Mk_union,ITGA2B|GP1BA|PF4|PPBP,4.0,3.0,MkP,MkP,endpoint,endpoint_catalog
4614,4614,0.0,MasP,MkP,0.7170574856732257,3.0,1,2,0.1156416114519744,0.0569674365894974,0.0236789657432308,0.7170574856732257,0.0846473443079966,0.0020071562340747,Mk_union,ITGA2B|GP1BA|PF4|PPBP,4.0,3.0,MkP,MkP,endpoint,endpoint_catalog
1129,1129,0.0,EryP,MkP,0.7169408086848877,3.0,1,2,0.0297572305080372,0.0005562759581147,0.252596399904917,0.7169408086848877,0.0001385837994163,1.0701144626933608e-05,Mk_union,ITGA2B|GP1BA|PF4|PPBP,4.0,3.0,MkP,MkP,endpoint,endpoint_catalog
5440,5440,0.0,MkP,MkP,0.7168688413961983,3.0,1,2,0.0113599582049083,0.1721076605584725,0.0947133899590228,0.7168688413961983,0.0048410466032118,0.000109103278186,Mk_union,ITGA2B|GP1BA|PF4|PPBP,4.0,3.0,MkP,MkP,endpoint,endpoint_catalog
4571,4571,0.0,EryP,MkP,0.7165558357176357,3.0,1,2,0.2601898420802837,0.0048209105225644,0.0035311296291832,0.7165558357176357,0.0148325757130039,6.97063373290803e-05,Mk_union,ITGA2B|GP1BA|PF4|PPBP,4.0,3.0,MkP,MkP,endpoint,endpoint_catalog
853,853,0.0,MkP,MkP,0.7156058396524932,3.0,1,2,0.1519265289095364,0.1289730903587702,0.0013369676052448,0.7156058396524932,0.0021365784158999,2.0995058055223065e-05,Mk_union,ITGA2B|GP1BA|PF4|PPBP,4.0,3.0,MkP,MkP,endpoint,endpoint_catalog
2844,2844,0.0,EryP,MkP,0.7148337019831894,3.0,1,2,0.2847714087880142,8.911951078183699e-05,2.746800557647841e-07,0.7148337019831894,0.0003044081505613,1.0868873973180215e-06,Mk_union,ITGA2B|GP1BA|PF4|PPBP,4.0,3.0,MkP,MkP,endpoint,endpoint_catalog
1616,1616,0.0,MkP,MkP,0.7142309974428781,3.0,1,2,0.146368818443793,0.0028533665048997,0.1267234995039046,0.7142309974428781,0.0096615670926985,0.000161751011826,Mk_union,ITGA2B|GP1BA|PF4|PPBP,4.0,3.0,MkP,MkP,endpoint,endpoint_catalog
1175,1175,0.0,EryP,MkP,0.7109976855462967,3.0,1,2,0.2208530407755624,1.425552899648661e-05,0.0678733100039351,0.7109976855462967,0.0002589840663111,2.7240788979013065e-06,Mk_union,ITGA2B|GP1BA|PF4|PPBP,4.0,3.0,MkP,MkP,endpoint,endpoint_catalog
4782,4782,0.0,MkP,MkP,0.7094874371220065,3.0,1,2,0.0309582414019552,0.2239612006735506,0.035373922613199,0.7094874371220065,0.000190198823442,2.8999365846629207e-05,Mk_union,ITGA2B|GP1BA|PF4|PPBP,4.0,3.0,MkP,MkP,endpoint,endpoint_catalog
7652,7652,0.0,EryP,MkP,0.7060281997599732,3.0,1,2,0.2938300758106215,1.8136974306565203e-05,1.5981270582353588e-06,0.7060281997599732,0.0001206599443268,1.329383713594277e-06,Mk_union,ITGA2B|GP1BA|PF4|PPBP,4.0,3.0,MkP,MkP,endpoint,endpoint_catalog
2241,2241,0.0,MkP,MkP,0.7058618478380677,3.0,1,2,0.0010664853431858,0.211780968218884,0.0801288543153225,0.7058618478380677,0.0009212153685997,0.00024062891594,Mk_union,ITGA2B|GP1BA|PF4|PPBP,4.0,3.0,MkP,MkP,endpoint,endpoint_catalog
27,27,0.0,MkP,MkP,0.7041471605795697,3.0,1,2,0.0346477578983847,0.1389701917240358,0.1211586680614117,0.7041471605795697,0.0002909198306877,0.0007853019059101,Mk_union,ITGA2B|GP1BA|PF4|PPBP,4.0,3.0,MkP,MkP,endpoint,endpoint_catalog
5137,5137,0.0,MkP,MkP,0.702247383514413,3.0,1,2,0.0216887302080453,0.2163417386900296,0.0527404886871255,0.702247383514413,0.0065448403744289,0.0004368185259577,Mk_union,ITGA2B|GP1BA|PF4|PPBP,4.0,3.0,MkP,MkP,endpoint,endpoint_catalog
424,424,0.0,MasP,MkP,0.7016251374392047,3.0,1,2,0.0009389682412052,0.1029781926507642,0.1930136849317138,0.7016251374392047,0.0006192078968682,0.0008248088402436,Mk_union,ITGA2B|GP1BA|PF4|PPBP,4.0,3.0,MkP,MkP,endpoint,endpoint_catalog
1104,1104,0.0,EryP,MkP,0.701351398849543,3.0,1,2,0.2892731532969257,5.926347202582334e-05,0.0002550613385063,0.701351398849543,0.009040714924179,2.040811882009784e-05,Mk_union,ITGA2B|GP1BA|PF4|PPBP,4.0,3.0,MkP,MkP,endpoint,endpoint_catalog
7788,7788,0.0,EryP,MkP,0.6964552097289568,3.0,1,2,0.3018368106029452,2.2726025298281284e-05,8.117495827506382e-07,0.6964552097289568,0.0016615673233637,2.2874569853149645e-05,Mk_union,ITGA2B|GP1BA|PF4|PPBP,4.0,3.0,MkP,MkP,endpoint,endpoint_catalog
461,461,0.0,EryP,MkP,0.6963457837684811,3.0,1,2,0.301930714772088,3.815194297747605e-05,0.0003006467200758,0.6963457837684811,0.0013833242465959,1.3785497815867805e-06,Mk_union,ITGA2B|GP1BA|PF4|PPBP,4.0,3.0,MkP,MkP,endpoint,endpoint_catalog
3972,3972,0.0,EryP,MkP,0.6958786893331315,3.0,1,2,0.3031135378657219,0.0001338312728545,8.928075866288316e-07,0.6958786893331315,0.0008559065985373,1.71421221680568e-05,Mk_union,ITGA2B|GP1BA|PF4|PPBP,4.0,3.0,MkP,MkP,endpoint,endpoint_catalog
543,543,0.0,MkP,MkP,0.6957305985877207,3.0,1,2,0.0014895014161035,0.156543709823657,0.1439633606400534,0.6957305985877207,0.0002208851224161,0.002051944410049,Mk_union,ITGA2B|GP1BA|PF4|PPBP,4.0,3.0,MkP,MkP,endpoint,endpoint_catalog
493,493,0.0,EryP,MkP,0.6956872073942721,3.0,1,2,0.3030284826829706,0.0002325512334489,4.916861869142183e-05,0.6956872073942721,0.0009876586868974,1.4931383719330556e-05,Mk_union,ITGA2B|GP1BA|PF4|PPBP,4.0,3.0,MkP,MkP,endpoint,endpoint_catalog
1051,1051,0.0,EryP,MkP,0.6927910222300474,3.0,1,2,0.3071214391650129,6.351882441759078e-05,1.8666527598096933e-06,0.6927910222300474,1.454369841119046e-05,7.609429351241707e-06,Mk_union,ITGA2B|GP1BA|PF4|PPBP,4.0,3.0,MkP,MkP,endpoint,endpoint_catalog
5249,5249,0.0,EryP,MkP,0.6901873454328119,3.0,1,2,0.3097618918016342,1.76696430141765e-05,1.7482404694930143e-08,0.6901873454328119,3.1728766577925315e-05,1.3468735569707353e-06,Mk_union,ITGA2B|GP1BA|PF4|PPBP,4.0,3.0,MkP,MkP,endpoint,endpoint_catalog
6936,6936,0.0,EryP,MkP,0.6897773847045181,3.0,1,2,0.3098226405816204,6.434375232594219e-05,2.4510450691883283e-05,0.6897773847045181,0.0003070487357935,4.071775050122322e-06,Mk_union,ITGA2B|GP1BA|PF4|PPBP,4.0,3.0,MkP,MkP,endpoint,endpoint_catalog
1984,1984,0.0,MkP,MkP,0.6895420309595496,3.0,1,2,0.1600817510524997,0.0737661159665041,0.005468888720245,0.6895420309595496,0.0710892509569306,5.1962344270752106e-05,Mk_union,ITGA2B|GP1BA|PF4|PPBP,4.0,3.0,MkP,MkP,endpoint,endpoint_catalog
5668,5668,0.0,EryP,MkP,0.6894988847514624,3.0,1,2,0.2408751283185942,0.0002479877888495,0.067358235697686,0.6894988847514624,0.0020070492143715,1.2714229036412309e-05,Mk_union,ITGA2B|GP1BA|PF4|PPBP,4.0,3.0,MkP,MkP,endpoint,endpoint_catalog
5669,5669,0.0,MkP,MkP,0.6877214016130162,3.0,1,2,0.0011604192101007,0.2677031367370323,0.0356877036351028,0.6877214016130162,0.0035261997170412,0.0042011390877067,Mk_union,ITGA2B|GP1BA|PF4|PPBP,4.0,3.0,MkP,MkP,endpoint,endpoint_catalog
8257,8257,0.0,EryP,MkP,0.6870346755914702,3.0,1,2,0.2830686319253513,0.0002386777776602,0.0285340513692445,0.6870346755914702,0.0011054563600535,1.850697621996604e-05,Mk_union,ITGA2B|GP1BA|PF4|PPBP,4.0,3.0,MkP,MkP,endpoint,endpoint_catalog
5078,5078,0.0,EryP,MkP,0.6867872597953929,3.0,1,2,0.3130763747119494,7.594256314139537e-06,1.2965665961042951e-06,0.6867872597953929,0.0001259261357775,1.5485339697398138e-06,Mk_union,ITGA2B|GP1BA|PF4|PPBP,4.0,3.0,MkP,MkP,endpoint,endpoint_catalog
197,197,0.0,MkP,MkP,0.6858616616306243,3.0,1,2,0.0004230834277406,0.3095151445208605,4.83742775781686e-06,0.6858616616306243,0.0040905728913406,0.000104700101676,Mk_union,ITGA2B|GP1BA|PF4|PPBP,4.0,3.0,MkP,MkP,endpoint,endpoint_catalog
902,902,0.0,MkP,MkP,0.6844216402317717,3.0,1,2,0.000348483469517,0.3056501687163362,0.0084380298119273,0.6844216402317717,0.0006277301141279,0.0005139476563198,Mk_union,ITGA2B|GP1BA|PF4|PPBP,4.0,3.0,MkP,MkP,endpoint,endpoint_catalog
1432,1432,0.0,EryP,MkP,0.6834494338663324,3.0,1,2,0.3162686047028872,2.051319126264873e-06,1.2233587620239753e-08,0.6834494338663324,0.0002786460556991,1.2518223671526194e-06,Mk_union,ITGA2B|GP1BA|PF4|PPBP,4.0,3.0,MkP,MkP,endpoint,endpoint_catalog
2368,2368,0.0,MkP,MkP,0.6815025926313115,3.0,1,2,0.005957180832444,0.2432249914798488,0.0562536111837912,0.6815025926313115,0.0046498654992684,0.0084117583733358,Mk_union,ITGA2B|GP1BA|PF4|PPBP,4.0,3.0,MkP,MkP,endpoint,endpoint_catalog
3301,3301,0.0,MasP,MkP,0.6785728056363467,3.0,1,2,0.0232859125292221,0.1070429565542788,0.1194726119430098,0.6785728056363467,0.014008731813198,0.0576169815239446,Mk_union,ITGA2B|GP1BA|PF4|PPBP,4.0,3.0,MkP,MkP,endpoint,endpoint_catalog
5956,5956,0.0,EryP,MkP,0.6775092238299377,3.0,1,2,0.04012327850813,0.0068596945138548,0.2714248287454568,0.6775092238299377,0.0039956692638407,8.730513877984809e-05,Mk_union,ITGA2B|GP1BA|PF4|PPBP,4.0,3.0,MkP,MkP,endpoint,endpoint_catalog
6277,6277,0.0,EryP,MkP,0.6770853345983185,3.0,1,2,0.2911765606989487,0.0005304033995318,0.001723654400327,0.6770853345983185,0.0294673938573884,1.665304548537057e-05,Mk_union,ITGA2B|GP1BA|PF4|PPBP,4.0,3.0,MkP,MkP,endpoint,endpoint_catalog
3604,3604,0.0,EryP,MkP,0.675879463668549,3.0,1,2,0.13612405223991,0.0001259299829422,0.1867697605746893,0.675879463668549,0.001088331891012,1.2461642897271025e-05,Mk_union,ITGA2B|GP1BA|PF4|PPBP,4.0,3.0,MkP,MkP,endpoint,endpoint_catalog
2087,2087,0.0,MkP,MkP,0.6747302475529842,3.0,1,2,0.079866249310433,0.0987794616445278,0.0209567716109938,0.6747302475529842,0.0328269284596611,0.0928403414213999,Mk_union,ITGA2B|GP1BA|PF4|PPBP,4.0,3.0,MkP,MkP,endpoint,endpoint_catalog
5615,5615,0.0,EryP,MkP,0.673728812694297,3.0,1,2,0.3244527106346573,6.683333734621622e-05,7.475472996674589e-07,0.673728812694297,0.0017497720503929,1.1237360068533756e-06,Mk_union,ITGA2B|GP1BA|PF4|PPBP,4.0,3.0,MkP,MkP,endpoint,endpoint_catalog
5484,5484,0.0,MkP,MkP,0.6705200296349776,3.0,1,2,0.0146520012111129,0.2372474717296577,0.0672082668356025,0.6705200296349776,0.0098187296822693,0.0005535009063798,Mk_union,ITGA2B|GP1BA|PF4|PPBP,4.0,3.0,MkP,MkP,endpoint,endpoint_catalog
5777,5777,0.0,MkP,MkP,0.6703725879763259,3.0,1,2,0.0072723139739195,0.0840573162167765,0.2309487773374615,0.6703725879763259,0.0057981997820965,0.00155080471342,Mk_union,ITGA2B|GP1BA|PF4|PPBP,4.0,3.0,MkP,MkP,endpoint,endpoint_catalog
3719,3719,0.0,MkP,MkP,0.66750661714106,3.0,1,2,0.0001652527137334,0.3278659951908458,0.0016847891246751,0.66750661714106,0.0015283662681511,0.0012489795615344,Mk_union,ITGA2B|GP1BA|PF4|PPBP,4.0,3.0,MkP,MkP,endpoint,endpoint_catalog
5725,5725,0.0,MasP,MkP,0.6666058010836927,3.0,1,2,0.009769092402931,0.0090097867032925,0.0851240516578669,0.6666058010836927,0.0038064812616805,0.2256847868905363,Mk_union,ITGA2B|GP1BA|PF4|PPBP,4.0,3.0,MkP,MkP,endpoint,endpoint_catalog
439,439,0.0,EryP,MkP,0.6647294856374323,3.0,1,2,0.0842530115250179,3.59551538625862e-05,0.2483444372542905,0.6647294856374323,0.0026328503894911,4.2600399056803725e-06,Mk_union,ITGA2B|GP1BA|PF4|PPBP,4.0,3.0,MkP,MkP,endpoint,endpoint_catalog
395,395,0.0,MkP,MkP,0.6646634986985707,3.0,1,2,0.0036644787385272,0.177786532870319,0.1478897017277886,0.6646634986985707,0.003737599046104,0.0022581889186902,Mk_union,ITGA2B|GP1BA|PF4|PPBP,4.0,3.0,MkP,MkP,endpoint,endpoint_catalog
7992,7992,0.0,MasP,MkP,0.6603125384466159,3.0,1,2,0.079097580537711,0.0176708111347161,0.239928692693266,0.6603125384466159,0.0021070672223594,0.0008833099653314,Mk_union,ITGA2B|GP1BA|PF4|PPBP,4.0,3.0,MkP,MkP,endpoint,endpoint_catalog
1836,1836,0.0,MkP,MkP,0.6543860695439517,3.0,1,2,0.00122769233966,0.1668797873888416,0.1752363166763835,0.6543860695439517,0.0022064846098978,6.364944126513739e-05,Mk_union,ITGA2B|GP1BA|PF4|PPBP,4.0,3.0,MkP,MkP,endpoint,endpoint_catalog
2202,2202,0.0,MasP,MkP,0.6543476827180044,3.0,1,2,0.0056860424888198,0.1522635281288272,0.1763668324876993,0.6543476827180044,0.0081042027253646,0.0032317114512845,Mk_union,ITGA2B|GP1BA|PF4|PPBP,4.0,3.0,MkP,MkP,endpoint,endpoint_catalog
4869,4869,0.0,MasP,MkP,0.6535312278044824,3.0,1,2,0.0010403381857864,0.2226068963376196,0.1123557378848888,0.6535312278044824,0.0024310917966326,0.00803470799059,Mk_union,ITGA2B|GP1BA|PF4|PPBP,4.0,3.0,MkP,MkP,endpoint,endpoint_catalog
446,446,0.0,MkP,MkP,0.6533031838740023,3.0,1,2,0.0008036315629135,0.3440365618646462,3.6538156855438135e-06,0.6533031838740023,0.0017361441279088,0.0001168247548435,Mk_union,ITGA2B|GP1BA|PF4|PPBP,4.0,3.0,MkP,MkP,endpoint,endpoint_catalog
3748,3748,0.0,EryP,MkP,0.6532756289552923,3.0,1,2,0.3272367547564113,0.0002343690716973,0.0163586625423129,0.6532756289552923,0.0028771688270241,1.7415847261887417e-05,Mk_union,ITGA2B|GP1BA|PF4|PPBP,4.0,3.0,MkP,MkP,endpoint,endpoint_catalog
3581,3581,0.0,EryP,MkP,0.6527690449002873,3.0,1,2,0.3408870058892411,0.0002974645260124,5.007820578720328e-06,0.6527690449002873,0.0060203007714573,2.1176092422957903e-05,Mk_union,ITGA2B|GP1BA|PF4|PPBP,4.0,3.0,MkP,MkP,endpoint,endpoint_catalog
1947,1947,0.0,MasP,MkP,0.6524424915417187,3.0,1,2,0.0029513391649,0.1526507951675853,0.1722778485981453,0.6524424915417187,0.0112411039333829,0.0084364215942675,Mk_union,ITGA2B|GP1BA|PF4|PPBP,4.0,3.0,MkP,MkP,endpoint,endpoint_catalog
6177,6177,0.0,MasP,MkP,0.6500501066995237,3.0,1,2,0.0331658508474923,0.0010288930037698,0.3151562515823379,0.6500501066995237,0.0005636655877711,3.523227910510079e-05,Mk_union,ITGA2B|GP1BA|PF4|PPBP,4.0,3.0,MkP,MkP,endpoint,endpoint_catalog
4169,4169,0.0,MkP,MkP,0.6488602943501424,3.0,1,2,0.3510416819354969,2.6814894533676967e-05,1.905166506297205e-05,0.6488602943501424,5.208966897182468e-05,6.74857922550872e-08,Mk_union,ITGA2B|GP1BA|PF4|PPBP,4.0,3.0,MkP,MkP,endpoint,endpoint_catalog
2364,2364,0.0,MkP,MkP,0.6463216352723761,3.0,1,2,0.0967827796337195,0.1130456351249596,0.1010282072949238,0.6463216352723761,0.0405442005405163,0.0022775421335043,Mk_union,ITGA2B|GP1BA|PF4|PPBP,4.0,3.0,MkP,MkP,endpoint,endpoint_catalog
2615,2615,0.0,EryP,MkP,0.6462028110641396,3.0,1,2,0.2857155107044314,8.93843150911381e-05,1.507791771482099e-07,0.6462028110641396,0.0679895137565322,2.629380628586788e-06,Mk_union,ITGA2B|GP1BA|PF4|PPBP,4.0,3.0,MkP,MkP,endpoint,endpoint_catalog
339,339,0.0,EryP,MkP,0.6459063718627865,3.0,1,2,0.3540423232686242,3.015521748180241e-05,3.4199807097784225e-06,0.6459063718627865,1.7633233292771503e-05,9.643710485128501e-08,Mk_union,ITGA2B|GP1BA|PF4|PPBP,4.0,3.0,MkP,MkP,endpoint,endpoint_catalog
6504,6504,0.0,EryP,MkP,0.6440394947909235,3.0,1,2,0.3474002117042502,0.0001433483043673,3.081841170680494e-06,0.6440394947909235,0.0084067705399307,7.092819357676156e-06,Mk_union,ITGA2B|GP1BA|PF4|PPBP,4.0,3.0,MkP,MkP,endpoint,endpoint_catalog
8291,8291,0.0,MkP,MkP,0.6413427415287861,3.0,1,2,0.0002925625267764,0.3523191308422677,0.0019634499528965,0.6413427415287861,0.0030068740019499,0.0010752411473233,Mk_union,ITGA2B|GP1BA|PF4|PPBP,4.0,3.0,MkP,MkP,endpoint,endpoint_catalog
3488,3488,0.0,MkP,MkP,0.6380555135272631,3.0,1,2,0.0117458418041702,0.3468705294397373,0.0021413694881393,0.6380555135272631,0.0011490950195648,3.765072112510789e-05,Mk_union,ITGA2B|GP1BA|PF4|PPBP,4.0,3.0,MkP,MkP,endpoint,endpoint_catalog
2043,2043,0.0,MkP,MkP,0.6361404393205387,3.0,1,2,0.0003199094948329,0.353884192111939,0.0006707295437846,0.6361404393205387,0.007977626796556,0.0010071027323486,Mk_union,ITGA2B|GP1BA|PF4|PPBP,4.0,3.0,MkP,MkP,endpoint,endpoint_catalog
4750,4750,0.0,MkP,MkP,0.6329250467051645,3.0,1,2,0.0070177230394818,0.0174485877799683,0.3396150326015701,0.6329250467051645,0.0020198739903948,0.0009737358834204,Mk_union,ITGA2B|GP1BA|PF4|PPBP,4.0,3.0,MkP,MkP,endpoint,endpoint_catalog
7322,7322,0.0,MkP,MkP,0.6299107692885981,3.0,1,2,0.3548780375241624,0.0053577613409135,0.0079523682223025,0.6299107692885981,0.0018899327264007,1.1130897622650835e-05,Mk_union,ITGA2B|GP1BA|PF4|PPBP,4.0,3.0,MkP,MkP,endpoint,endpoint_catalog
2449,2449,0.0,HSC,MkP,0.6297924165792396,3.0,1,2,0.0007688808210769,0.361607485852198,0.0004667001015452,0.6297924165792396,0.0040325992224758,0.0033319174234643,Mk_union,ITGA2B|GP1BA|PF4|PPBP,4.0,3.0,MkP,MkP,endpoint,endpoint_catalog
2740,2740,0.0,HSC,MkP,0.6265361479315033,3.0,1,2,7.24175509534743e-05,0.3639192854864521,3.085247837785661e-06,0.6265361479315033,0.0082939415245464,0.0011751222587069,Mk_union,ITGA2B|GP1BA|PF4|PPBP,4.0,3.0,MkP,MkP,endpoint,endpoint_catalog
1970,1970,0.0,MkP,MkP,0.6259989266494576,3.0,1,2,0.3665743509094651,0.0042557142183206,0.0009836914679136,0.6259989266494576,0.0021833614110291,3.955343813897454e-06,Mk_union,ITGA2B|GP1BA|PF4|PPBP,4.0,3.0,MkP,MkP,endpoint,endpoint_catalog
6897,6897,0.0,EryP,MkP,0.6255042998594981,3.0,1,2,0.3704510313839854,2.72112424462458e-05,1.374144845022003e-06,0.6255042998594981,0.0040144690940955,1.614275129835247e-06,Mk_union,ITGA2B|GP1BA|PF4|PPBP,4.0,3.0,MkP,MkP,endpoint,endpoint_catalog
5198,5198,0.0,MkP,MkP,0.6254022326207441,3.0,1,2,0.0014982112012034,0.2057678751711154,0.1594127054473247,0.6254022326207441,0.0016792201207903,0.0062397554388218,Mk_union,ITGA2B|GP1BA|PF4|PPBP,4.0,3.0,MkP,MkP,endpoint,endpoint_catalog
3596,3596,0.0,MkP,MkP,0.623795438262808,3.0,1,2,0.0284036229289797,0.2281506257058551,0.0005951764373026,0.623795438262808,0.1185247327509812,0.0005304039140731,Mk_union,ITGA2B|GP1BA|PF4|PPBP,4.0,3.0,MkP,MkP,endpoint,endpoint_catalog
3346,3346,0.0,MkP,MkP,0.6236827617670538,3.0,1,2,0.3736017296478583,0.0002969674716048,0.0016499197702652,0.6236827617670538,0.0007681969974157,4.243458020249094e-07,Mk_union,ITGA2B|GP1BA|PF4|PPBP,4.0,3.0,MkP,MkP,endpoint,endpoint_catalog
1649,1649,0.0,EryP,MkP,0.6235382851585648,3.0,1,2,0.366576422604005,0.0001539873743809,0.0001340108678416,0.6235382851585648,0.0095842823349925,1.3011660214985e-05,Mk_union,ITGA2B|GP1BA|PF4|PPBP,4.0,3.0,MkP,MkP,endpoint,endpoint_catalog
4753,4753,0.0,MkP,MkP,0.6232649697583029,3.0,1,2,0.3503022341022412,0.0045860244395298,0.0180073513861489,0.6232649697583029,0.0037192153746247,0.0001202049391523,Mk_union,ITGA2B|GP1BA|PF4|PPBP,4.0,3.0,MkP,MkP,endpoint,endpoint_catalog
4387,4387,0.0,EryP,MkP,0.6227096452882465,3.0,1,2,0.3752256343957125,4.7770909470578456e-05,1.426255749996975e-06,0.6227096452882465,0.0020135960506094,1.9271002110333915e-06,Mk_union,ITGA2B|GP1BA|PF4|PPBP,4.0,3.0,MkP,MkP,endpoint,endpoint_catalog
3728,3728,0.0,EryP,MkP,0.6223880763675785,3.0,1,2,0.3612115011459328,5.283718928112088e-05,3.662075913116813e-05,0.6223880763675785,0.0162988553370453,1.2109201030955527e-05,Mk_union,ITGA2B|GP1BA|PF4|PPBP,4.0,3.0,MkP,MkP,endpoint,endpoint_catalog
5500,5500,0.0,MkP,MkP,0.6178285080311627,3.0,1,2,0.0041085873236607,0.3747070522123046,0.002234571123196,0.6178285080311627,0.0011060928170213,1.5188492654411431e-05,Mk_union,ITGA2B|GP1BA|PF4|PPBP,4.0,3.0,MkP,MkP,endpoint,endpoint_catalog
177,177,0.0,MasP,MkP,0.6177623362290551,3.0,1,2,0.0086226873648398,0.3206130506749541,0.0252742853511607,0.6177623362290551,0.005966077285716,0.0217615630942741,Mk_union,ITGA2B|GP1BA|PF4|PPBP,4.0,3.0,MkP,MkP,endpoint,endpoint_catalog
5955,5955,0.0,MkP,MkP,0.6161909541225603,3.0,1,2,0.0006210789169502,0.3405487420854711,0.010866853080578,0.6161909541225603,0.016917822775076,0.0148545490193642,Mk_union,ITGA2B|GP1BA|PF4|PPBP,4.0,3.0,MkP,MkP,endpoint,endpoint_catalog
6321,6321,0.0,EryP,MkP,0.6161227075069504,3.0,1,2,0.3835009310897309,1.754985945472693e-05,1.299281260755821e-07,0.6161227075069504,0.0003572030247197,1.4785910181469625e-06,Mk_union,ITGA2B|GP1BA|PF4|PPBP,4.0,3.0,MkP,MkP,endpoint,endpoint_catalog
8169,8169,0.0,MoP,MkP,0.6146912665561586,3.0,1,2,0.000140452345772,0.3792123985802166,0.0004774908862517,0.6146912665561586,0.0045344800745661,0.0009439115570348,Mk_union,ITGA2B|GP1BA|PF4|PPBP,4.0,3.0,MkP,MkP,endpoint,endpoint_catalog
2192,2192,0.0,MkP,MkP,0.6130708390831557,3.0,1,2,0.0024459167491061,0.3780158885270885,7.266945312211517e-05,0.6130708390831557,0.0055923273264825,0.0008023588610449,Mk_union,ITGA2B|GP1BA|PF4|PPBP,4.0,3.0,MkP,MkP,endpoint,endpoint_catalog
6562,6562,0.0,EryP,MkP,0.6126887633217607,3.0,1,2,0.3220789036947848,5.866615508769901e-05,6.690641822498412e-06,0.6126887633217607,0.0651170654036927,4.9910782851451465e-05,Mk_union,ITGA2B|GP1BA|PF4|PPBP,4.0,3.0,MkP,MkP,endpoint,endpoint_catalog
6406,6406,0.0,EryP,MkP,0.6111692947661456,3.0,1,2,0.3874129950695049,8.600569974473876e-06,9.838023853262643e-06,0.6111692947661456,0.0013984427334325,8.288370891984664e-07,Mk_union,ITGA2B|GP1BA|PF4|PPBP,4.0,3.0,MkP,MkP,endpoint,endpoint_catalog
2020,2020,0.0,MkP,MkP,0.6071403608279854,3.0,1,2,0.0403495637169387,0.1162547353263985,0.2320790760782509,0.6071403608279854,0.0033459084620233,0.0008303555884031,Mk_union,ITGA2B|GP1BA|PF4|PPBP,4.0,3.0,MkP,MkP,endpoint,endpoint_catalog
2460,2460,0.0,MasP,MkP,0.6071272472602443,3.0,1,2,0.0067241194837531,2.4741044301720003e-05,0.3845154200083223,0.6071272472602443,0.0016072902202524,1.1819831262606363e-06,Mk_union,ITGA2B|GP1BA|PF4|PPBP,4.0,3.0,MkP,MkP,endpoint,endpoint_catalog
5140,5140,0.0,MasP,MkP,0.6069880888344146,3.0,1,2,0.0221127625019621,0.0035083138494607,0.3662125943509008,0.6069880888344146,0.0010263449841122,0.0001518954791495,Mk_union,ITGA2B|GP1BA|PF4|PPBP,4.0,3.0,MkP,MkP,endpoint,endpoint_catalog
5986,5986,0.0,MkP,MkP,0.6066578431982402,3.0,1,2,0.0036993037043904,0.3421735156698343,0.0459945744522954,0.6066578431982402,0.0009798023075232,0.0004949606677164,Mk_union,ITGA2B|GP1BA|PF4|PPBP,4.0,3.0,MkP,MkP,endpoint,endpoint_catalog
7161,7161,0.0,MkP,MkP,0.6050011084122089,3.0,1,2,0.2529429061693876,0.0001246361764316,0.141174629880155,0.6050011084122089,0.0007561867368499,5.326249669197808e-07,Mk_union,ITGA2B|GP1BA|PF4|PPBP,4.0,3.0,MkP,MkP,endpoint,endpoint_catalog
3238,3238,0.0,EryP,MkP,0.6006645794657572,3.0,1,2,0.3988207359126421,0.0002533131030061,1.8853435692389285e-06,0.6006645794657572,0.0002380756559763,2.141051904888001e-05,Mk_union,ITGA2B|GP1BA|PF4|PPBP,4.0,3.0,MkP,MkP,endpoint,endpoint_catalog
8316,8316,0.0,MasP,MkP,0.5999324992518151,3.0,1,2,0.0031260032365323,0.3528057123557289,0.0190862132638038,0.5999324992518151,0.0244419167457939,0.0006076551463257,Mk_union,ITGA2B|GP1BA|PF4|PPBP,4.0,3.0,MkP,MkP,endpoint,endpoint_catalog
6310,6310,0.0,MkP,MkP,0.597401282195692,3.0,1,2,0.0019902385407951,0.3902255781591736,0.0028126978060604,0.597401282195692,0.0054273848503164,0.0021428184479624,Mk_union,ITGA2B|GP1BA|PF4|PPBP,4.0,3.0,MkP,MkP,endpoint,endpoint_catalog
2476,2476,0.0,MkP,MkP,0.5969861324275949,3.0,1,2,0.0151965972147547,0.3716871830215658,0.0160618605790915,0.5969861324275949,6.318559307131957e-05,5.041163921726635e-06,Mk_union,ITGA2B|GP1BA|PF4|PPBP,4.0,3.0,MkP,MkP,endpoint,endpoint_catalog
5048,5048,0.0,MasP,MkP,0.5956097938598007,3.0,1,2,0.006948345729409,0.1648390608503183,0.2051532449381911,0.5956097938598007,0.0128193818857839,0.0146301727364968,Mk_union,ITGA2B|GP1BA|PF4|PPBP,4.0,3.0,MkP,MkP,endpoint,endpoint_catalog
482,482,0.0,MkP,MkP,0.5948422973349252,3.0,1,2,0.008863181972618,0.2012184607662337,0.1669333405869131,0.5948422973349252,0.0229772320226389,0.0051654873166708,Mk_union,ITGA2B|GP1BA|PF4|PPBP,4.0,3.0,MkP,MkP,endpoint,endpoint_catalog
4059,4059,0.0,EryP,MkP,0.5943211152263921,3.0,1,2,0.0268964533265614,0.0019748685143485,0.3715399182435739,0.5943211152263921,0.0052051217903394,6.252289878433306e-05,Mk_union,ITGA2B|GP1BA|PF4|PPBP,4.0,3.0,MkP,MkP,endpoint,endpoint_catalog
4824,4824,0.0,MkP,MkP,0.5926306004310137,3.0,1,2,0.0062556058126007,0.3695958675716123,0.0035522276275825,0.5926306004310137,0.0201396147072259,0.0078260838499645,Mk_union,ITGA2B|GP1BA|PF4|PPBP,4.0,3.0,MkP,MkP,endpoint,endpoint_catalog
3471,3471,0.0,MasP,MkP,0.5919147039726971,3.0,1,2,0.2703436845687617,0.0328986228600757,0.0064999638111197,0.5919147039726971,0.0974663296372802,0.0008766951500654,Mk_union,ITGA2B|GP1BA|PF4|PPBP,4.0,3.0,MkP,MkP,endpoint,endpoint_catalog
8101,8101,0.0,MasP,MkP,0.5917149188852703,3.0,1,2,0.0064342831170545,0.033823957356994,0.3641110529984678,0.5917149188852703,0.003043750111248,0.0008720375309653,Mk_union,ITGA2B|GP1BA|PF4|PPBP,4.0,3.0,MkP,MkP,endpoint,endpoint_catalog
2906,2906,0.0,MkP,MkP,0.591623350946014,3.0,1,2,0.0010942138072992,0.3991208452601118,0.00632729055673,0.591623350946014,0.0007863519369318,0.001047947492913,Mk_union,ITGA2B|GP1BA|PF4|PPBP,4.0,3.0,MkP,MkP,endpoint,endpoint_catalog
5987,5987,0.0,MkP,MkP,0.5910490932916683,3.0,1,2,0.0003115651785042,0.4047297506389564,0.0025697206869084,0.5910490932916683,0.0002125569932341,0.0011273132107283,Mk_union,ITGA2B|GP1BA|PF4|PPBP,4.0,3.0,MkP,MkP,endpoint,endpoint_catalog
550,550,0.0,MkP,MkP,0.5908582771935933,3.0,1,2,0.4075134556283157,1.4326500941707135e-05,0.0015972605728374,0.5908582771935933,1.6666404894117365e-05,1.3699417635840677e-08,Mk_union,ITGA2B|GP1BA|PF4|PPBP,4.0,3.0,MkP,MkP,endpoint,endpoint_catalog
702,702,0.0,EryP,MkP,0.5898560551562986,3.0,1,2,0.4085665737542467,1.773979036732057e-05,1.893069315570392e-06,0.5898560551562986,0.0015576498448153,8.838495640419343e-08,Mk_union,ITGA2B|GP1BA|PF4|PPBP,4.0,3.0,MkP,MkP,endpoint,endpoint_catalog
4149,4149,0.0,EryP,MkP,0.5870761010807584,3.0,1,2,0.0709212307347768,8.670814510369066e-05,0.3400608864810753,0.5870761010807584,0.0018496860204397,5.387537846128315e-06,Mk_union,ITGA2B|GP1BA|PF4|PPBP,4.0,3.0,MkP,MkP,endpoint,endpoint_catalog
2684,2684,0.0,EryP,MkP,0.5851263114306678,3.0,1,2,0.4134599473878836,0.0002705532704994,0.0005421228612671,0.5851263114306678,0.0005766812566239,2.438379305817063e-05,Mk_union,ITGA2B|GP1BA|PF4|PPBP,4.0,3.0,MkP,MkP,endpoint,endpoint_catalog
7032,7032,0.0,MkP,MkP,0.5838814669926927,3.0,1,2,0.0027405001601266,0.305177413557937,0.0819688528911308,0.5838814669926927,0.0042160432469071,0.0220157231512057,Mk_union,ITGA2B|GP1BA|PF4|PPBP,4.0,3.0,MkP,MkP,endpoint,endpoint_catalog
2247,2247,0.0,EryP,MkP,0.5833084549121417,3.0,1,2,0.4158307521476263,2.089199524168757e-05,0.0004837208389804,0.5833084549121417,0.0003560817455172,9.83604926892182e-08,Mk_union,ITGA2B|GP1BA|PF4|PPBP,4.0,3.0,MkP,MkP,endpoint,endpoint_catalog
6639,6639,0.0,MasP,MkP,0.5806935528714433,3.0,1,2,0.0143061218159377,0.1044393267369006,0.2958067235115564,0.5806935528714433,0.0026061617566611,0.0021481133075007,Mk_union,ITGA2B|GP1BA|PF4|PPBP,4.0,3.0,MkP,MkP,endpoint,endpoint_catalog
6032,6032,0.0,MasP,MkP,0.575918100204692,3.0,1,2,0.0003527196055932,0.138363502087279,0.1004775200040087,0.575918100204692,0.001189014150759,0.1836991439476678,Mk_union,ITGA2B|GP1BA|PF4|PPBP,4.0,3.0,MkP,MkP,endpoint,endpoint_catalog
1466,1466,0.0,EryP,MkP,0.5707256645156664,3.0,1,2,0.4257865159013872,5.508457193865729e-05,7.188101103344923e-06,0.5707256645156664,0.0032664890680609,0.0001590578418433,Mk_union,ITGA2B|GP1BA|PF4|PPBP,4.0,3.0,MkP,MkP,endpoint,endpoint_catalog
6181,6181,0.0,EryP,MkP,0.5699157988659104,3.0,1,2,0.4288238685932999,0.0007019973570691,5.658704531302554e-07,0.5699157988659104,0.0004869119604116,7.085735285577572e-05,Mk_union,ITGA2B|GP1BA|PF4|PPBP,4.0,3.0,MkP,MkP,endpoint,endpoint_catalog
5290,5290,0.0,MkP,MkP,0.5686057203711128,3.0,1,2,0.0009418489496918,0.3027360574916702,0.1180171765842338,0.5686057203711128,0.0023145861014661,0.0073846105018253,Mk_union,ITGA2B|GP1BA|PF4|PPBP,4.0,3.0,MkP,MkP,endpoint,endpoint_catalog
6662,6662,0.0,EryP,MkP,0.5684579623702543,3.0,1,2,0.3305317997204979,0.0758181024320875,0.0001316927037428,0.5684579623702543,0.0250193460130035,4.1096760413959936e-05,Mk_union,ITGA2B|GP1BA|PF4|PPBP,4.0,3.0,MkP,MkP,endpoint,endpoint_catalog
5776,5776,0.0,EryP,MkP,0.5663646963341559,3.0,1,2,0.4217005843582132,0.0002963949260593,0.0006942885442585,0.5663646963341559,0.0109311290150467,1.2906822266511915e-05,Mk_union,ITGA2B|GP1BA|PF4|PPBP,4.0,3.0,MkP,MkP,endpoint,endpoint_catalog
5845,5845,0.0,MkP,MkP,0.5645820892916614,3.0,1,2,0.0051673499588746,0.0437633066512075,0.3852339052848912,0.5645820892916614,0.0008712817897889,0.0003820670235763,Mk_union,ITGA2B|GP1BA|PF4|PPBP,4.0,3.0,MkP,MkP,endpoint,endpoint_catalog
5752,5752,0.0,MkP,MkP,0.5634908510051393,3.0,1,2,0.3062417586440164,0.032798737600503,0.0893763675573607,0.5634908510051393,0.0080845317997751,7.75339320517757e-06,Mk_union,ITGA2B|GP1BA|PF4|PPBP,4.0,3.0,MkP,MkP,endpoint,endpoint_catalog
7836,7836,0.0,MkP,MkP,0.562550118023408,3.0,1,2,0.0309140854181491,0.3887401038567567,0.0013409504853496,0.562550118023408,0.016396449408838,5.829280749844729e-05,Mk_union,ITGA2B|GP1BA|PF4|PPBP,4.0,3.0,MkP,MkP,endpoint,endpoint_catalog
6714,6714,0.0,MkP,MkP,0.5601041140806122,3.0,1,2,0.0005641927276734,0.4303674957305177,0.0072647656897673,0.5601041140806122,0.0015160502929919,0.0001833814784373,Mk_union,ITGA2B|GP1BA|PF4|PPBP,4.0,3.0,MkP,MkP,endpoint,endpoint_catalog
8165,8165,0.0,MkP,MkP,0.5581404715017343,3.0,1,2,0.0099402972326602,0.0745778174605631,0.3556808569423147,0.5581404715017343,0.0013903355549622,0.0002702213077653,Mk_union,ITGA2B|GP1BA|PF4|PPBP,4.0,3.0,MkP,MkP,endpoint,endpoint_catalog
663,663,0.0,MasP,MkP,0.5579846728540482,3.0,1,2,0.0052045952555028,0.0993995685801128,0.3362482489107995,0.5579846728540482,0.0007704633799843,0.000392451019552,Mk_union,ITGA2B|GP1BA|PF4|PPBP,4.0,3.0,MkP,MkP,endpoint,endpoint_catalog
6081,6081,0.0,EryP,MkP,0.5579605392896335,3.0,1,2,0.4407968406237069,0.0005969320387177,9.047073365011324e-05,0.5579605392896335,0.0005512981885391,3.919125752627943e-06,Mk_union,ITGA2B|GP1BA|PF4|PPBP,4.0,3.0,MkP,MkP,endpoint,endpoint_catalog
7127,7127,0.0,EryP,MkP,0.556401007104656,3.0,1,2,0.4423158373501973,0.0001095163898213,9.874593755302618e-08,0.556401007104656,0.0011679187738455,5.621635542329851e-06,Mk_union,ITGA2B|GP1BA|PF4|PPBP,4.0,3.0,MkP,MkP,endpoint,endpoint_catalog
4456,4456,0.0,EryP,MkP,0.5557868272450343,3.0,1,2,0.4432172917977214,0.0005537483792631,5.340344532624495e-07,0.5557868272450343,0.0004360957279433,5.502815584499712e-06,Mk_union,ITGA2B|GP1BA|PF4|PPBP,4.0,3.0,MkP,MkP,endpoint,endpoint_catalog
7028,7028,0.0,MkP,MkP,0.5551018712184406,3.0,1,2,0.0043898636661447,0.4143550283626626,0.0059333303810567,0.5551018712184406,0.0074843908142182,0.012735515557477,Mk_union,ITGA2B|GP1BA|PF4|PPBP,4.0,3.0,MkP,MkP,endpoint,endpoint_catalog
6836,6836,0.0,EryP,MkP,0.5535979624065981,3.0,1,2,0.4352605614477213,0.0004833976227731,0.0059273270933927,0.5535979624065981,0.0047299197409017,8.316886132084511e-07,Mk_union,ITGA2B|GP1BA|PF4|PPBP,4.0,3.0,MkP,MkP,endpoint,endpoint_catalog
7453,7453,0.0,MkP,MkP,0.5535366556337478,3.0,1,2,0.0002359477803464,0.4430280267859294,0.0023269431240688,0.5535366556337478,0.0005541796075823,0.0003182470683251,Mk_union,ITGA2B|GP1BA|PF4|PPBP,4.0,3.0,MkP,MkP,endpoint,endpoint_catalog
3438,3438,0.0,EryP,MkP,0.5531762097489612,3.0,1,2,0.443323455688716,0.0013748108770739,0.0006588382373491,0.5531762097489612,0.0014610329896819,5.65245821778864e-06,Mk_union,ITGA2B|GP1BA|PF4|PPBP,4.0,3.0,MkP,MkP,endpoint,endpoint_catalog
1156,1156,0.0,EryP,MkP,0.55279917629283,3.0,1,2,0.4440435156971536,2.4468695985526203e-05,1.5957498550096798e-06,0.55279917629283,0.003125156798227,6.086765948873951e-06,Mk_union,ITGA2B|GP1BA|PF4|PPBP,4.0,3.0,MkP,MkP,endpoint,endpoint_catalog
1678,1678,0.0,MasP,MkP,0.5517295826586293,3.0,1,2,0.0391813655908037,0.0010961362825182,0.4078809202547976,0.5517295826586293,0.000105433484275,6.561728976111427e-06,Mk_union,ITGA2B|GP1BA|PF4|PPBP,4.0,3.0,MkP,MkP,endpoint,endpoint_catalog
7438,7438,0.0,MkP,MkP,0.5494038212034147,3.0,1,2,0.0007258489328456,0.446307912392157,5.757266012356969e-05,0.5494038212034147,0.0032193844234307,0.0002854603880284,Mk_union,ITGA2B|GP1BA|PF4|PPBP,4.0,3.0,MkP,MkP,endpoint,endpoint_catalog
8334,8334,0.0,EryP,MkP,0.5490107652178644,3.0,1,2,0.447506594625398,0.0002767464538907,0.0001271183479419,0.5490107652178644,0.0030683088287137,1.046652619119408e-05,Mk_union,ITGA2B|GP1BA|PF4|PPBP,4.0,3.0,MkP,MkP,endpoint,endpoint_catalog
7751,7751,0.0,MasP,MkP,0.5449906795830679,3.0,1,2,0.0105063537028896,0.130017116856538,0.161216234587986,0.5449906795830679,0.026421090028799,0.1268485252407192,Mk_union,ITGA2B|GP1BA|PF4|PPBP,4.0,3.0,MkP,MkP,endpoint,endpoint_catalog
4841,4841,0.0,MkP,MkP,0.5411710257311968,3.0,1,2,0.399578732110794,0.027304111449227,0.0116722672202558,0.5411710257311968,0.020240069732885,3.3793755641118626e-05,Mk_union,ITGA2B|GP1BA|PF4|PPBP,4.0,3.0,MkP,MkP,endpoint,endpoint_catalog
2207,2207,0.0,EryP,MkP,0.5401729794974154,3.0,1,2,0.4594658695813166,0.0001219367005148,2.7823510947433368e-05,0.5401729794974154,0.0002109655365175,4.251732882495358e-07,Mk_union,ITGA2B|GP1BA|PF4|PPBP,4.0,3.0,MkP,MkP,endpoint,endpoint_catalog
7867,7867,0.0,HSC,MkP,0.5393386538855384,3.0,1,2,0.0023704657351228,0.4582110426194727,3.8369432231028026e-07,0.5393386538855384,7.145930255105693e-05,7.99476299265638e-06,Mk_union,ITGA2B|GP1BA|PF4|PPBP,4.0,3.0,MkP,MkP,endpoint,endpoint_catalog
5111,5111,0.0,EryP,MkP,0.538608394973079,3.0,1,2,0.4504088143994561,8.814061676194965e-05,0.0003069276343895,0.538608394973079,0.0105744426521852,1.3279724128058556e-05,Mk_union,ITGA2B|GP1BA|PF4|PPBP,4.0,3.0,MkP,MkP,endpoint,endpoint_catalog
1037,1037,0.0,EryP,MkP,0.5385317952338468,3.0,1,2,0.0515469315851945,1.2588628449166791e-05,0.4096809683988264,0.5385317952338468,0.0002212306161207,6.485537562363364e-06,Mk_union,ITGA2B|GP1BA|PF4|PPBP,4.0,3.0,MkP,MkP,endpoint,endpoint_catalog
4060,4060,0.0,EryP,MkP,0.5368936681811898,3.0,1,2,0.4567787249299735,0.0004093789510433,7.61494957256774e-05,0.5368936681811898,0.005839420251093,2.658190974532888e-06,Mk_union,ITGA2B|GP1BA|PF4|PPBP,4.0,3.0,MkP,MkP,endpoint,endpoint_catalog
1587,1587,0.0,MkP,MkP,0.534802687147422,3.0,1,2,0.4572586698706641,0.0001910591832808,0.00772329861431,0.534802687147422,7.803625761501122e-06,1.6481558561546367e-05,Mk_union,ITGA2B|GP1BA|PF4|PPBP,4.0,3.0,MkP,MkP,endpoint,endpoint_catalog
889,889,0.0,MasP,MkP,0.5321447612733772,3.0,1,2,0.1724915663692038,0.0013834664630587,0.2938500878432072,0.5321447612733772,8.029903732543708e-05,4.981901382748432e-05,Mk_union,ITGA2B|GP1BA|PF4|PPBP,4.0,3.0,MkP,MkP,endpoint,endpoint_catalog
3856,3856,0.0,MasP,MkP,0.5288510659685385,3.0,1,2,0.4435410811324776,0.0022770584081523,0.0001558718434193,0.5288510659685385,0.0250153538891044,0.0001595687583077,Mk_union,ITGA2B|GP1BA|PF4|PPBP,4.0,3.0,MkP,MkP,endpoint,endpoint_catalog
4179,4179,0.0,MkP,MkP,0.527030332232127,3.0,1,2,0.0011597817984082,0.3085475080337823,6.79300636552428e-05,0.527030332232127,0.1630312634346396,0.0001631844373874,Mk_union,ITGA2B|GP1BA|PF4|PPBP,4.0,3.0,MkP,MkP,endpoint,endpoint_catalog
4743,4743,0.0,EryP,MkP,0.526160334900963,3.0,1,2,0.4611837082033733,0.0002522786736234,0.0121291028548374,0.526160334900963,0.0002717807934742,2.7945737283795875e-06,Mk_union,ITGA2B|GP1BA|PF4|PPBP,4.0,3.0,MkP,MkP,endpoint,endpoint_catalog
7497,7497,0.0,MkP,MkP,0.5238870928222363,3.0,1,2,0.1479911584609531,0.0187293968993058,0.3090474228326866,0.5238870928222363,0.0003122295595735,3.2699425244565404e-05,Mk_union,ITGA2B|GP1BA|PF4|PPBP,4.0,3.0,MkP,MkP,endpoint,endpoint_catalog
3636,3636,0.0,MasP,MkP,0.5234726605487328,3.0,1,2,0.4018399701855731,0.0011585585393305,0.0603907631815122,0.5234726605487328,0.0128310452118824,0.0003070023329689,Mk_union,ITGA2B|GP1BA|PF4|PPBP,4.0,3.0,MkP,MkP,endpoint,endpoint_catalog
5736,5736,0.0,MkP,MkP,0.5233821906044464,3.0,1,2,0.084996837083061,0.0560965989160935,0.3339779002942633,0.5233821906044464,0.0015370329657043,9.440136431534106e-06,Mk_union,ITGA2B|GP1BA|PF4|PPBP,4.0,3.0,MkP,MkP,endpoint,endpoint_catalog
6498,6498,0.0,EryP,MkP,0.5233675965776616,3.0,1,2,0.4760520194210003,4.116284570935721e-05,0.0002729017924272,0.5233675965776616,0.0002606715060814,5.647857119994318e-06,Mk_union,ITGA2B|GP1BA|PF4|PPBP,4.0,3.0,MkP,MkP,endpoint,endpoint_catalog
3836,3836,0.0,MkP,MkP,0.5196549569977,3.0,1,2,0.1505932867247252,0.2511951808593244,0.0392805571078751,0.5196549569977,0.0392193847557031,5.66335546718938e-05,Mk_union,ITGA2B|GP1BA|PF4|PPBP,4.0,3.0,MkP,MkP,endpoint,endpoint_catalog
7922,7922,0.0,MkP,MkP,0.5182245030847965,3.0,1,2,0.0112666565380347,0.3992413097301366,0.0560754723805566,0.5182245030847965,0.0016018052766116,0.0135902529898638,Mk_union,ITGA2B|GP1BA|PF4|PPBP,4.0,3.0,MkP,MkP,endpoint,endpoint_catalog
1951,1951,0.0,MkP,MkP,0.5173175869898318,3.0,1,2,0.000971179805046,0.4748638864671166,0.0016469754319499,0.5173175869898318,0.002608045442027,0.0025923258640285,Mk_union,ITGA2B|GP1BA|PF4|PPBP,4.0,3.0,MkP,MkP,endpoint,endpoint_catalog
593,593,0.0,MasP,MkP,0.5157123128354092,3.0,1,2,0.0071415707763022,0.0144292854682816,0.461148360741572,0.5157123128354092,0.0002192461349079,0.001349224043527,Mk_union,ITGA2B|GP1BA|PF4|PPBP,4.0,3.0,MkP,MkP,endpoint,endpoint_catalog
5180,5180,0.0,MkP,MkP,0.5149608700454138,3.0,1,2,0.0085851642413479,0.0079963478205992,0.4681428939175446,0.5149608700454138,0.0002406078892719,7.41160858223553e-05,Mk_union,ITGA2B|GP1BA|PF4|PPBP,4.0,3.0,MkP,MkP,endpoint,endpoint_catalog
1590,1590,0.0,MasP,MkP,0.51423095085862,3.0,1,2,0.0052097677055154,0.0079664695040202,0.4593003723575609,0.51423095085862,0.0021034472633542,0.0111889923109292,Mk_union,ITGA2B|GP1BA|PF4|PPBP,4.0,3.0,MkP,MkP,endpoint,endpoint_catalog
4649,4649,0.0,MkP,MkP,0.5137097898817713,3.0,1,2,0.0006484645408566,0.2032706835908942,0.2808439018314046,0.5137097898817713,0.0003513127865862,0.0011758473684867,Mk_union,ITGA2B|GP1BA|PF4|PPBP,4.0,3.0,MkP,MkP,endpoint,endpoint_catalog
5481,5481,0.0,MoP,MkP,0.5119206525228531,3.0,1,2,0.0013254376900771,0.4797979419180516,6.421744572471034e-05,0.5119206525228531,0.0062640818869134,0.0006276685363799,Mk_union,ITGA2B|GP1BA|PF4|PPBP,4.0,3.0,MkP,MkP,endpoint,endpoint_catalog
7305,7305,0.0,MkP,MkP,0.5118842220944912,3.0,1,2,0.0833985176170393,0.0669642807256033,0.332792630136393,0.5118842220944912,0.0025821021104037,0.0023782473160694,Mk_union,ITGA2B|GP1BA|PF4|PPBP,4.0,3.0,MkP,MkP,endpoint,endpoint_catalog
955,955,0.0,MkP,MkP,0.509854556889261,3.0,1,2,0.0194906869558523,0.3697429794705295,0.0539594640366107,0.509854556889261,0.0438820629646681,0.0030702496830782,Mk_union,ITGA2B|GP1BA|PF4|PPBP,4.0,3.0,MkP,MkP,endpoint,endpoint_catalog
7410,7410,0.0,EryP,MkP,0.5096374185576877,3.0,1,2,0.476136262665877,3.071603616151323e-05,1.4087731864810052e-07,0.5096374185576877,0.0141914998818916,3.961981063403552e-06,Mk_union,ITGA2B|GP1BA|PF4|PPBP,4.0,3.0,MkP,MkP,endpoint,endpoint_catalog
4050,4050,0.0,MkP,MkP,0.5090622867750347,3.0,1,2,0.0033930050516622,0.454977919240615,0.024397968550329,0.5090622867750347,0.0055939355513997,0.0025748848309592,Mk_union,ITGA2B|GP1BA|PF4|PPBP,4.0,3.0,MkP,MkP,endpoint,endpoint_catalog
7324,7324,0.0,EryP,MkP,0.5090013570495261,3.0,1,2,0.4832336815238225,0.0003945371860927,0.0006235701587228,0.5090013570495261,0.0067298776931243,1.697638871141231e-05,Mk_union,ITGA2B|GP1BA|PF4|PPBP,4.0,3.0,MkP,MkP,endpoint,endpoint_catalog
2545,2545,0.0,MkP,MkP,0.5088094205895629,3.0,1,2,0.0001758368418239,0.4878860552033392,2.6346399360432444e-05,0.5088094205895629,0.0005945703710284,0.0025077705948849,Mk_union,ITGA2B|GP1BA|PF4|PPBP,4.0,3.0,MkP,MkP,endpoint,endpoint_catalog
5818,5818,0.0,EryP,MkP,0.5078666127663762,3.0,1,2,0.4596195913354775,0.029565278385678,0.000117909877754,0.5078666127663762,0.0027470457222663,8.356191244791063e-05,Mk_union,ITGA2B|GP1BA|PF4|PPBP,4.0,3.0,MkP,MkP,endpoint,endpoint_catalog
8024,8024,0.0,EryP,MkP,0.5074782051960719,3.0,1,2,0.4790423026039881,9.546818254861568e-05,0.0033524462392341,0.5074782051960719,0.0100138906314516,1.7687146705674253e-05,Mk_union,ITGA2B|GP1BA|PF4|PPBP,4.0,3.0,MkP,MkP,endpoint,endpoint_catalog
1411,1411,0.0,MasP,MkP,0.5033878680251068,3.0,1,2,0.0453586049657801,0.0421660076658456,0.4042552228428318,0.5033878680251068,0.004500392212873,0.0003319042875625,Mk_union,ITGA2B|GP1BA|PF4|PPBP,4.0,3.0,MkP,MkP,endpoint,endpoint_catalog
7143,7143,0.0,MkP,MkP,0.5030578415320723,3.0,1,2,0.0006888600447035,0.4863922532517513,0.0035532784496016,0.5030578415320723,0.0013815590074142,0.0049262077144568,Mk_union,ITGA2B|GP1BA|PF4|PPBP,4.0,3.0,MkP,MkP,endpoint,endpoint_catalog
2828,2828,0.0,EryP,MkP,0.5026625194701435,3.0,1,2,0.4963464357741008,0.0001499140293883,0.0001608571525407,0.5026625194701435,0.0006793910234048,8.825504217989092e-07,Mk_union,ITGA2B|GP1BA|PF4|PPBP,4.0,3.0,MkP,MkP,endpoint,endpoint_catalog
5313,5313,0.0,MkP,MkP,0.5017664852541162,3.0,1,2,0.0061898050349598,0.4045060316493979,0.0765914686479209,0.5017664852541162,0.0087306782709813,0.0022155311426235,Mk_union,ITGA2B|GP1BA|PF4|PPBP,4.0,3.0,MkP,MkP,endpoint,endpoint_catalog
2668,2668,0.0,EryP,MkP,0.496168024748397,3.0,1,2,0.10080071786895,6.166874072891877e-05,0.4028821003778844,0.496168024748397,8.657630803669204e-05,9.119560029422468e-07,Mk_union,ITGA2B|GP1BA|PF4|PPBP,4.0,3.0,MkP,MkP,endpoint,endpoint_catalog
3520,3520,0.0,MkP,MkP,0.4948428602110153,3.0,1,2,0.0086004797470809,0.0969900777248044,0.3955783046755283,0.4948428602110153,0.0013559847420214,0.0026322928995495,Mk_union,ITGA2B|GP1BA|PF4|PPBP,4.0,3.0,MkP,MkP,endpoint,endpoint_catalog
4381,4381,0.0,MkP,MkP,0.4932778536745903,3.0,1,2,0.0043305326363639,0.4875622675209734,0.0001134446542478,0.4932778536745903,0.0146101777750256,0.0001057237387988,Mk_union,ITGA2B|GP1BA|PF4|PPBP,4.0,3.0,MkP,MkP,endpoint,endpoint_catalog
6939,6939,0.0,MasP,MkP,0.4928455533859905,3.0,1,2,0.0065592744510607,0.0340719717927869,0.4624117665191262,0.4928455533859905,0.0007481808879804,0.0033632529630551,Mk_union,ITGA2B|GP1BA|PF4|PPBP,4.0,3.0,MkP,MkP,endpoint,endpoint_catalog
7633,7633,0.0,MkP,MkP,0.4925818765260563,3.0,1,2,0.0023188245565175,0.4792464868265345,0.0013850619225737,0.4925818765260563,0.0229671794752078,0.0015005706931099,Mk_union,ITGA2B|GP1BA|PF4|PPBP,4.0,3.0,MkP,MkP,endpoint,endpoint_catalog
677,677,0.0,MasP,MkP,0.4921418260051288,3.0,1,2,0.0055803858886753,0.0783233694747771,0.4213303908504109,0.4921418260051288,0.0010477059777204,0.0015763218032872,Mk_union,ITGA2B|GP1BA|PF4|PPBP,4.0,3.0,MkP,MkP,endpoint,endpoint_catalog
1099,1099,0.0,MkP,MkP,0.4911061507472885,3.0,1,2,0.0077074934810337,0.3905568486929312,0.0182251362344733,0.4911061507472885,0.0086897137065897,0.0837146571376834,Mk_union,ITGA2B|GP1BA|PF4|PPBP,4.0,3.0,MkP,MkP,endpoint,endpoint_catalog
5734,5734,0.0,MkP,MkP,0.4895757637094577,3.0,1,2,0.0006735786114291,0.4569131838911142,0.0461153497752484,0.4895757637094577,0.0017630173869158,0.0049591066258347,Mk_union,ITGA2B|GP1BA|PF4|PPBP,4.0,3.0,MkP,MkP,endpoint,endpoint_catalog
6950,6950,0.0,MkP,MkP,0.4863001283318134,3.0,1,2,0.0035862362602583,0.4812339946608173,0.0128124804821667,0.4863001283318134,0.0011998681383224,0.0148672921266215,Mk_union,ITGA2B|GP1BA|PF4|PPBP,4.0,3.0,MkP,MkP,endpoint,endpoint_catalog
2680,2680,0.0,MkP,MkP,0.4852979179862454,3.0,1,2,0.0170797590017933,0.0125373851530997,0.4838205236403506,0.4852979179862454,0.0011767443902573,8.766982825356964e-05,Mk_union,ITGA2B|GP1BA|PF4|PPBP,4.0,3.0,MkP,MkP,endpoint,endpoint_catalog
7781,7781,0.0,MkP,MkP,0.4809153519885472,3.0,1,2,0.0281246661782145,0.0145329551443476,0.4734775465086022,0.4809153519885472,0.0022528662212277,0.0006966139590605,Mk_union,ITGA2B|GP1BA|PF4|PPBP,4.0,3.0,MkP,MkP,endpoint,endpoint_catalog
1627,1627,0.0,EryP,MkP,0.4758349746625052,3.0,1,2,0.1274464857721174,4.984235258165559e-05,0.3965679052326959,0.4758349746625052,0.0001001737620842,6.182180155286791e-07,Mk_union,ITGA2B|GP1BA|PF4|PPBP,4.0,3.0,MkP,MkP,endpoint,endpoint_catalog
6345,6345,0.0,MkP,MkP,0.4757887129597203,3.0,1,2,0.0010126478905375,0.3702665181385774,0.1523793686455184,0.4757887129597203,0.0003784580205423,0.0001742943451039,Mk_union,ITGA2B|GP1BA|PF4|PPBP,4.0,3.0,MkP,MkP,endpoint,endpoint_catalog
5371,5371,0.0,MkP,MkP,0.4732776789183299,3.0,1,2,0.0056292784991342,0.0665369718279283,0.4532534528744316,0.4732776789183299,0.001135036804986,0.0001675810751897,Mk_union,ITGA2B|GP1BA|PF4|PPBP,4.0,3.0,MkP,MkP,endpoint,endpoint_catalog
5950,5950,0.0,MkP,MkP,0.4624798380529704,3.0,1,2,0.0005064907812339,0.2888287755931523,0.1810350734063976,0.4624798380529704,0.0123252590803495,0.0548245630858959,Mk_union,ITGA2B|GP1BA|PF4|PPBP,4.0,3.0,MkP,MkP,endpoint,endpoint_catalog
616,616,0.0,MkP,MkP,0.4378066771394032,3.0,1,2,0.0496907781400443,0.3275327355017769,0.184799931680731,0.4378066771394032,8.698814098499333e-05,8.288939705944777e-05,Mk_union,ITGA2B|GP1BA|PF4|PPBP,4.0,3.0,MkP,MkP,endpoint,endpoint_catalog
4237,4237,0.0,MkP,MkP,0.4362107197322378,3.0,1,2,0.0275700358131389,0.1094962410479162,0.4106810698564883,0.4362107197322378,0.0009439603277745,0.015097973222444,Mk_union,ITGA2B|GP1BA|PF4|PPBP,4.0,3.0,MkP,MkP,endpoint,endpoint_catalog
6781,6781,0.0,MkP,MkP,0.4358427728223708,3.0,1,2,0.0019892827487354,0.4190463768320349,0.0210167987975749,0.4358427728223708,0.0650712298270233,0.0570335389722605,Mk_union,ITGA2B|GP1BA|PF4|PPBP,4.0,3.0,MkP,MkP,endpoint,endpoint_catalog
6594,6594,0.0,MkP,MkP,0.4193418862630542,3.0,1,2,0.0002925572731373,0.3761503215541785,0.1048285453487995,0.4193418862630542,0.0015921049969235,0.0977945845639065,Mk_union,ITGA2B|GP1BA|PF4|PPBP,4.0,3.0,MkP,MkP,endpoint,endpoint_catalog
2603,2603,0.0,MasP,MkP,0.4150521855193614,3.0,1,2,0.0007195947227384,0.3738041150864792,0.1916307655351006,0.4150521855193614,0.0022814698774083,0.0165118692589117,Mk_union,ITGA2B|GP1BA|PF4|PPBP,4.0,3.0,MkP,MkP,endpoint,endpoint_catalog
5064,5064,0.0,MkP,MkP,0.4074315360045628,3.0,1,2,0.0022339418269034,0.3713400682212609,0.2182447684680228,0.4074315360045628,0.0006131189198776,0.0001365665593721,Mk_union,ITGA2B|GP1BA|PF4|PPBP,4.0,3.0,MkP,MkP,endpoint,endpoint_catalog
4709,4709,0.0,MasP,MkP,0.3955770328753855,3.0,1,2,0.0125502962946443,0.3741469940611616,0.2084211791605261,0.3955770328753855,0.0078701316882039,0.0014343659200785,Mk_union,ITGA2B|GP1BA|PF4|PPBP,4.0,3.0,MkP,MkP,endpoint,endpoint_catalog
6832,6832,0.0,EryP,MkP,0.3846997484330124,3.0,1,2,0.2595529550370158,5.181663835145093e-06,0.3555835726238666,0.3846997484330124,0.0001563542137557,2.188028514115703e-06,Mk_union,ITGA2B|GP1BA|PF4|PPBP,4.0,3.0,MkP,MkP,endpoint,endpoint_catalog
5881,5881,0.0,MkP,MkP,0.355939991084315,3.0,1,2,0.0005358419232517,0.2891430709925199,0.3441122295614787,0.355939991084315,0.0089054177505611,0.0013634486878733,Mk_union,ITGA2B|GP1BA|PF4|PPBP,4.0,3.0,MkP,MkP,endpoint,endpoint_catalog
7463,7463,0.0,MkP,MkP,0.3483244915133326,3.0,1,2,0.0004430478532929,0.3214289132822238,0.2215316754512576,0.3483244915133326,0.0011892144531588,0.1070826574467341,Mk_union,ITGA2B|GP1BA|PF4|PPBP,4.0,3.0,MkP,MkP,endpoint,endpoint_catalog
4654,4654,0.0,NeuP,MkP,0.3449012494658741,3.0,1,2,0.0059403156933571,0.2917318608177936,0.0382297078337773,0.3449012494658741,0.0508542121914138,0.268342653997784,Mk_union,ITGA2B|GP1BA|PF4|PPBP,4.0,3.0,MkP,MkP,endpoint,endpoint_catalog
3877,3877,0.0,MasP,MkP,0.3143253875912603,3.0,1,2,0.0005323373742327,0.1453538684692934,0.2715280652050572,0.3143253875912603,0.0006175396963727,0.2676428016637836,Mk_union,ITGA2B|GP1BA|PF4|PPBP,4.0,3.0,MkP,MkP,endpoint,endpoint_catalog
4881,4881,0.0,MasP,MkP,0.3045337750300482,3.0,1,2,0.0004596644266779,0.1514416699941785,0.2508635212711337,0.3045337750300482,0.008306679911464,0.2843946893664972,Mk_union,ITGA2B|GP1BA|PF4|PPBP,4.0,3.0,MkP,MkP,endpoint,endpoint_catalog
