samples,x1,x2,x3,x4
0.0,2.849671415301123,0.18617356988288156,0.06476885381006925,2.3340897779375045e-11
0.0,2.9523029856408023,0.17658466252766641,0.0,2.8517413187977405e-12
0.0,2.957921281550739,0.2767434729152909,0.0,3.282938468566688e-11
0.0,2.8542560043585965,0.15365823071875379,0.0,9.08955824399251e-12
0.0,2.8241962271566035,0.008671975534220222,0.0,2.4596504214893187e-13
0.0,2.7437712470759026,0.09871688796655763,0.03142473325952739,1.1741397390388979e-11
0.0,2.709197592447879,0.05876962986647086,0.14656487689215542,6.233631489805324e-12
0.0,2.777422369951346,0.2067528204687924,0.0,1.2931910464436361e-10
0.0,2.7455617275474817,0.21109225897098663,0.0,2.349955484614613e-10
0.0,2.837569801834567,0.13993613100811952,0.0,8.31492513590249e-12
0.0,2.73982933877706,0.3852278184508938,0.0,1.682088323619261e-08
0.0,2.6942289071044097,0.2822544912103189,0.0,2.929075489306532e-09
0.0,2.8208863595004754,0.004032987612022448,0.0,2.2611850522376683e-13
0.0,2.819686123586912,0.27384665799954105,0.01713682811899705,3.5696849298116405e-10
0.0,2.7884351717611757,0.16988963044107114,0.0,4.137947409782516e-11
0.0,2.728015579160529,0.15393612290402126,0.10571222262189157,6.749642737483663e-11
0.0,2.8343618289568457,0.023695984463726616,0.0324083969394795,3.2455152809658706e-13
0.0,2.7614917719583683,0.13230779996940412,0.06116762888408679,2.2794160576243205e-11
0.0,2.903099952249595,0.29312801191161986,0.0,1.3560224373292073e-10
0.0,2.7690787624148783,0.2331263431403564,0.09755451271223592,2.890243855167103e-10
0.0,2.752082576215471,0.18143410233361829,0.0,9.835455289771126e-11
0.0,2.680379337591933,0.28125258223941985,0.1356240028570823,3.457869762014698e-09
0.0,2.7927989878419663,0.30035328978920245,0.036163602504763415,1.0475364742748447e-09
0.0,2.7354880245394875,0.2361395605508414,0.15380365664659693,5.170619377061937e-10
0.0,2.7964173960890046,0.35646436558140066,0.0,3.6829780482808542e-09
0.0,2.8821902504375223,0.20870470682381714,0.0,2.3902651506267588e-11
0.0,2.80917607765355,0.00124310853991072,0.0,2.5173953241563473e-13
0.0,2.8357112571511744,0.34778940447415163,0.0,1.5892150565904874e-09
0.0,2.719150639710681,0.14982429564154637,0.09154021177020742,6.868290711683459e-11
0.0,2.8328751109659684,0.14702397962329614,0.05132674331133561,1.090008398355786e-11
0.0,2.809707754934804,0.29686449905328893,0.0,7.346574201553187e-10
0.0,2.767233785340223,0.16078918468678424,0.0,4.5136364225299875e-11
0.0,2.8296120277064576,0.22610552721798893,0.000511345664246089,9.187129892671855e-11
0.0,2.7765412866624852,0.05846292579495857,0.0,2.2717854267286578e-12
0.0,2.765728548347323,0.11977227307783811,0.0,1.5139893849760758e-11
0.0,2.8404050856814536,0.38861859012105304,0.017457781283183895,3.7016267097243997e-09
0.0,2.825755039072276,0.19255540842338328,0.0,4.1189924273018105e-11
0.0,2.797348612455078,0.20602302099410266,0.24632421124852863,9.272228066971332e-11
0.0,2.7807639035218874,0.23015473423336125,0.0,2.2363793792420604e-10
0.0,2.6831321962380468,0.31428228145150205,0.07519330326867742,7.369167786618307e-09
0.0,2.8791031947043044,0.10906125452052612,0.14027943109360994,1.7431449246874523e-12
0.0,2.659814893720772,0.25868570938002705,0.21904556258099786,2.6145636418071376e-09
0.0,2.700946367486931,0.14337022703972283,0.009965136508764122,7.468801266041547e-11
0.0,2.7496524345883797,0.04493365689338674,0.006856297480602733,2.3141738617424595e-12
0.0,2.6937696286273893,0.24735924306351817,0.0,1.2448489552900803e-09
0.0,2.9549934405017537,0.1216746707663763,0.0,6.145218887698759e-13
0.0,2.8813517217369666,0.07691356835660448,0.022745993460412943,6.780478777164833e-13
0.0,2.9307142754282425,0.039251676543877234,0.018463385853230423,9.356244976377379e-14
0.0,2.825988279424842,0.2781822871777311,0.0,3.578341120307943e-10
0.0,2.667954338691572,0.25219415656168975,0.029698467323318607,1.996591790136121e-09
0.0,2.8250492850345874,0.23464482094969757,0.0,1.230659754170351e-10
0.0,2.8232253697161003,0.22930724732986812,0.0,1.107660484696603e-10
0.0,2.9865774511144756,0.24738329209117876,0.0,9.090085154977752e-12
0.0,2.865655360863383,0.10253183297726787,0.07870846037424521,1.83722503408771e-12
0.0,2.91585955790074,0.11793176816482896,0.09633761292443219,1.1524704359634507e-12
0.0,2.8412780926936496,0.282206015999449,0.18967929826539476,3.0591612062968147e-10
0.0,2.7754611883997127,0.12462638356425104,0.0,1.489602979762154e-11
0.0,2.718418971503456,0.1922898290585896,0.03411519748166439,2.145845896412605e-10
0.0,2.8276690799330018,0.2827183249036024,0.001300189187790702,3.8874099214827217e-10
0.0,2.9453534077157313,0.1735343166762044,0.2720169166589619,3.00109844736773e-12
0.0,2.8625667347765003,0.11428424435837176,0.0,2.6878075985108437e-12
0.0,2.8482472415243185,0.17765372146741493,0.0714000494092092,1.9101951161789473e-11
0.0,2.8473237624573544,0.19271710873431275,0.0,2.883413573147888e-11
0.0,2.6485152775314136,0.1553485047932979,0.08563987943234724,2.0943721996096178e-10
0.0,2.82140937441302,0.0754261221288012,0.0173180925851182,1.8035919009488047e-12
0.0,2.8385317379728834,0.1116142563798867,0.015372510594552791,3.756608776094174e-12
0.0,2.8058208718446,0.0857029702169377,0.03577873603482833,3.1117568069411684e-12
0.0,2.8560784526368233,0.3083051243175277,0.1053802052034903,4.462820619229551e-10
0.0,2.6622330632042908,0.10621749600848773,0.05150352672086598,4.556765440453769e-11
0.0,2.8513785950912207,0.2515047686306048,0.38527314906547216,1.209240383965293e-10
0.0,2.8570890510693165,0.3135565640180599,0.09540017634932024,4.969674015253448e-10
0.0,2.86513912513058,0.16847307553596544,0.07589692204932674,1.1209084346316481e-11
0.0,2.7227174785462425,0.17631813932599913,0.0,1.3248625380709744e-10
0.0,2.808187413938632,0.4314658566673509,0.0,1.60217107092029e-08
0.0,2.868626019037451,0.038728412881034846,0.0,2.816086305883565e-13
0.0,2.9088950596967362,0.2064280019095463,0.0,1.3968903465247346e-11
0.0,2.728469629074003,0.2679597748934676,0.0,1.2678907199656854e-09
0.0,2.821645858958197,0.2045571839903814,0.0,6.023665445342748e-11
0.0,3.0143944089325325,0.26339190223180114,0.0,7.760642076070666e-12
0.0,2.8186454314769427,0.1338213535231612,0.0852433334796224,9.628974694990742e-12
0.0,2.72074792615673,0.18852635585331012,0.050498727898045714,1.880323819518462e-10
0.0,2.886575519417012,0.07997035929442238,0.0,6.743660563488306e-13
0.0,2.7525054688839043,0.13466707674262882,0.1765454240281097,2.7855666080866773e-11
0.0,2.8404981710960953,0.07391160456649548,0.09178619470547761,1.2578051327669988e-12
0.0,3.012215619701263,0.3032465260551147,0.0,2.1392229193090535e-11
0.0,2.751576592713375,0.3266911149186623,0.0,3.698971069647918e-09
0.0,2.8443819428146226,0.2774634053429337,0.0,2.585929515185763e-10
0.0,2.79404746439382,0.0,0.0,3.0909931647867384e-13
0.0,2.7747431848606836,0.07522168180351506,0.16324113039316354,3.7765788399749625e-12
0.0,2.6569858622039364,0.15599555133030163,0.013074057728609135,1.9080220282093824e-10
0.0,2.944127328906611,0.05641378488205606,0.11631637521549597,1.1977328429202741e-13
0.0,2.8010233061019587,0.10184913489520492,0.04621034742632708,5.29296897217933e-12
0.0,2.8199059695573467,0.13997831228412055,0.006980208499001892,1.1155952547274966e-11
0.0,2.761468640313824,0.21135173452512482,0.06621306745210467,1.8614625706037325e-10
0.0,2.958601681614535,0.0762184501173151,0.21330333746562669,1.604633451091268e-13
0.0,2.6047912200477494,0.18482149049644167,0.05883172064845765,7.934192725388046e-10
0.0,2.8280991867735032,0.13773004801794064,0.0,9.168230155212774e-12
0.0,2.7506999065341167,0.14106352430557886,0.08496020970210247,3.4070577076571995e-11
0.0,2.8357015485965045,0.13070904047393458,0.08995998754332507,6.669020611338584e-12
0.0,2.8307299520876605,0.281286211883896,0.06296288419236122,3.5683218796019415e-10
0.0,2.7171004989077927,0.14398189598030306,0.07472936051232619,6.039092687156161e-11
0.0,2.8610370265433462,0.19790984060358519,0.0117327383308782,2.6122203805091912e-11
0.0,2.9277664895788424,0.14084286111641703,0.054709738117003796,1.7340040990657858e-12
0.0,2.7797807347566104,0.178231879677278,0.10987768519871902,5.91295934297618e-11
0.0,2.8825416348988027,0.28135096360006384,0.1305478807154329,1.4710829311949184e-10
0.0,2.8021003841632757,0.2681952971294964,0.0,4.132044856390184e-10
0.0,2.832416635248844,0.18698569456323155,0.00969959649927182,3.187369006781633e-11
0.0,2.8595157025436913,0.11817793167665275,0.20923872756854603,3.1551195947169737e-12
0.0,2.6993982618500296,0.0785811387212268,0.11581108735000678,1.2618021087232555e-11
0.0,2.8791662693962934,0.2624119817052155,0.06283455092642799,9.804698408487225e-11
0.0,2.7987753227153083,0.11027456285141685,0.007580455819372634,6.939523051302527e-12
0.0,2.7322838288487885,0.29751197334177515,0.0,2.4622984289459088e-09
0.0,2.7174502803207488,0.16786141583470066,0.04129314542756243,1.1417587176541773e-10
0.0,2.7436275447196024,0.11777796044335687,0.02436872114919123,2.0001838551626727e-11
0.0,2.8244966571108723,0.14930568246288703,0.0,1.3320741687250367e-11
0.0,2.8232049937357635,0.055191565850267604,0.0,9.798482021421228e-13
0.0,2.728155577874756,0.1786552848288153,0.03109075655980046,1.3024236969471725e-10
0.0,2.947535621694955,0.28576596232020196,0.0,4.9856086713119016e-11
0.0,2.798098379209731,0.09974706353621912,0.0,5.229564610819105e-12
0.0,2.771134136107986,0.23227185603380895,0.0,2.740186273698085e-10
0.0,2.851934651424117,0.35327389130025777,0.0,1.3709880033341382e-09
0.0,2.840171172209894,0.26901439917111125,0.0,2.2562845349577495e-10
0.0,2.8224092481810414,0.2012592400781795,0.009767609854883173,5.46077484763531e-11
0.0,2.7226990216144533,0.20245101742589428,0.049799829124544975,2.628934286276462e-10
0.0,2.945114360779504,0.2959270826085207,0.21531824575115566,6.67326048924426e-11
0.0,2.723265243711195,0.2872320636720678,0.018334200573835176,2.1903887412351813e-09
0.0,3.018980293321767,0.11917017146448486,0.0,1.6217205822022144e-13
0.0,2.7400607354555975,0.0,0.0,7.075989463803203e-13
0.0,2.72408673384463,0.21503937864762077,0.034175597577715947,3.566543660089623e-10
0.0,2.9876170839215885,0.29504238381860504,0.0,2.8729299871762494e-11
0.0,2.710158532865164,0.2491919171506506,0.0,1.035418629328832e-09
0.0,2.9831458765854353,0.31794401207212875,0.0,5.4201001357076636e-11
0.0,2.628686547090912,0.3353872374165413,0.0,2.4718926970193292e-08
0.0,2.923781631197346,0.04055723412056328,0.0,1.1053359531567892e-13
0.0,2.8005243699718183,0.20469805937647423,0.0,8.516216589201072e-11
0.0,2.86228499323475,0.09323795706174057,0.0,1.5006113111186726e-12
0.0,2.8120295631711896,0.2514438834058749,0.07116148780888898,2.3233428970066096e-10
0.0,2.687535790816213,0.04658858292643778,0.1277676821898509,5.929376158795617e-12
0.0,2.833231401197959,0.12515134634434466,0.1551151975522523,5.9666595528477e-12
0.0,2.8115674634292858,0.3179297184063827,0.006751848141010895,1.178151699034407e-09
0.0,3.0060747924881985,0.37553408424432044,0.0,1.2966060141859397e-10
0.0,2.8971570950954355,0.26453759495851475,0.13686315575323488,7.507135343676309e-11
0.0,2.7035076539419896,0.268605145999844,0.10584244868495879,1.8417252732639406e-09
0.0,2.6241260513576883,0.08167414873342249,0.0,3.73079198445911e-11
0.0,2.773059316555544,0.2717542255795963,0.15023570520960283,7.12612092787642e-10
0.0,2.8074094780419774,0.3628615545571292,0.0,3.572718332013811e-09
0.0,2.6296617560644844,0.19444523011033812,0.03840654489393073,7.511078677521166e-10
0.0,2.7967305251905907,0.0,0.0,2.961840634979904e-13
0.0,2.6695530499495144,0.2669672548830039,0.03665982460968483,2.819488441220636e-09
0.0,2.7060120213672643,0.14861330826633065,0.0,8.016054745397826e-11
0.0,2.7937320902726825,0.29551423205012384,0.0,9.187877634012426e-10
0.0,2.8504046515517842,0.14697423816275593,0.0,8.103963639220544e-12
0.0,2.789296964004544,0.0964757677580626,0.0,5.4866695777645736e-12
0.0,2.680212210741115,0.39647251329163896,0.0035263551971728615,5.033245921086948e-08
0.0,2.7300274492007413,0.22139799107342223,0.0,3.850562308398267e-10
0.0,2.7779030400466773,0.26141667000434254,0.07575077100473052,5.122450200524412e-10
0.0,2.746949885238947,0.14241817593553202,0.0,3.7389716811182355e-11
0.0,2.5698078835264413,0.04848089378014478,0.13668742674445247,2.7526074454338926e-11
0.0,2.9644967713501282,0.17509639604436217,0.05765569630557665,2.1701261483305883e-12
0.0,2.8311250154543535,0.5078880808455237,0.11195749114345768,5.3128702690675314e-08
0.0,2.787208240851923,0.10444595593995742,0.0,7.08756664619854e-12
0.0,2.8203463635867223,0.12436492547156967,0.0,7.225532767314456e-12
0.0,2.7353427115757474,0.09184519963856051,0.1687141635072565,1.0965266250683908e-11
0.0,2.888163975694945,0.19920273586833828,0.14799441388900259,1.6809318663514697e-11
0.0,2.8077368307647617,0.11387157986717364,0.15231240772696575,6.640008656586562e-12
0.0,2.8538910043684655,0.09627538456735436,0.0,1.8875782963665144e-12
0.0,2.712438174661524,0.0617200269035664,0.09261775475316414,6.480818270315978e-12
0.0,2.990941664047013,0.060143242618085874,0.056296923669057086,5.39063219659012e-14
0.0,2.734935743087817,0.1512874616235304,0.0,5.67956955059319e-11
0.0,2.7136009230320184,0.2048521627944827,0.0,3.188367257423751e-10
0.0,2.8270456825779835,0.19497618905508632,0.0,4.2952894302919784e-11
0.0,2.70924363379584,0.14232286694316673,0.07553912258257561,6.457864729209815e-11
0.0,2.850091718762438,0.1022444755201449,0.009933230542922588,2.38037193504873e-12
0.0,2.8751387123371788,0.03305947188786282,0.054336019237993506,2.1292789907721097e-13
0.0,2.733737624105415,0.2570598668593159,0.0,8.963315337948371e-10
0.0,2.619511789933548,0.037245756211683745,0.0048084946661382,1.0985461975298652e-11
0.0,2.825972250172148,0.10956833748955914,0.06385924587773739,4.374172916447396e-12
0.0,2.6338479937731036,0.19339202013526835,0.0,6.930791410817823e-10
0.0,2.734816389219784,0.2047398671316414,0.0,2.33803668408994e-10
0.0,2.7615444455770173,0.3006292809214441,0.0,1.7140606304777019e-09
0.0,2.883569211206514,0.08702931453423819,0.05298041779152828,8.686752110157807e-13
0.0,2.94415686206579,0.0,0.0,2.2747485073158824e-14
0.0,2.857707212718054,0.17969546139570075,0.03711458733713088,1.715627064141563e-11
0.0,2.739601481328418,0.20865897874729,0.0,2.4112157633162495e-10
0.0,2.9167782061659806,0.22544208433012133,0.03376026620752022,1.97118409563576e-11
0.0,2.758812303387753,0.15123937759275066,0.0,3.9706219291423206e-11
0.0,2.8394452142378297,0.15790155191797373,0.028977485689641293,1.3092715350448226e-11
0.0,3.0075400798645435,0.2871124703431692,0.0,1.593773223823899e-11
0.0,2.9201213922163944,0.15919246269784487,0.0,3.2776897539554095e-12
0.0,2.6991913689082594,0.012920807897414427,0.0,1.8744029396505434e-12
0.0,2.801841837918955,0.3676437312275283,0.032692737376416266,4.3555692443503145e-09
0.0,2.7780899471191134,0.28294055811834895,0.0,8.664848346166816e-10
0.0,2.8235614558108564,0.2770865193886967,0.0,3.626044571161303e-10
0.0,2.9143754043206926,0.23384964074944142,0.0,2.550386459327954e-11
0.0,2.8632781866106285,0.4270692857804396,0.018186625505849516,5.806455913203752e-09
0.0,2.8248220586300334,0.15406391004597558,0.0,1.506338928979407e-11
0.0,2.8830335816544244,0.11439161740911329,0.007156623721939247,1.88595090685484e-12
0.0,2.752234255323488,0.2478979825746392,0.03336621052869483,5.417814799943024e-10
0.0,2.9037539944257897,0.1489983601145253,0.0,3.3576924989678024e-12
0.0,2.702123628421769,0.15557067399238886,0.03773004930448522,1.0213986441278905e-10
0.0,0.0756988616645352,0.0,2.086960592010566,1.4019494156886307e-26
0.0,0.13556378588049509,0.041343490322370086,2.1876795812558067,4.60257176860343e-25
0.0,0.0,0.0,1.8221279751095723,7.187781739060989e-28
0.0,0.1496044311489183,0.06543656563540577,1.9944415329089544,1.5568773982529144e-24
0.0,0.02799686263198203,0.0,2.244575197961683,2.1854762604082447e-27
0.0,0.012922118197522751,0.01093947946048929,2.0725766623898694,1.6686252587458568e-27
0.0,0.048100923173671324,0.022388402427913137,1.9209525544554689,9.368351218465648e-27
0.0,0.04714683571359957,0.18820244964750338,2.134542004615498,9.208660326495514e-25
0.0,0.1593186626639397,0.0,1.901039517974142,3.2659460269552177e-25
0.0,0.0,0.0055724912288694604,2.109419151847095,8.493038382642108e-28
0.0,0.0,0.1529550319460614,1.984199210142101,5.595210468202913e-26
0.0,0.0,0.0,1.834514332813423,7.187781739060989e-28
0.0,0.08231705839619147,0.007331796718840389,1.8710039100258946,2.25139521996365e-26
0.0,0.0,0.0,2.166902152528939,7.187781739060989e-28
0.0,0.0,0.0,1.9754256935914056,7.187781739060989e-28
0.0,0.0,0.0,1.9945705133482188,7.187781739060989e-28
0.0,0.0,0.06962063648134184,2.1848956094945344,5.5286644423624235e-27
0.0,0.11265650295477575,0.0,1.8893474091258329,5.734827429993908e-26
0.0,0.25733598032498606,0.005921843401448826,2.0013929291912946,1.3073247896881823e-23
0.0,0.0,0.019808476076785497,1.9855639588076057,1.2970961509048635e-27
0.0,0.0,0.0,1.9967246729784,7.187781739060989e-28
0.0,0.0,0.0,2.0106430227691896,7.187781739060989e-28
0.0,0.0,0.15039929885826886,1.734903019160699,5.22258187990604e-26
0.0,0.10915068519224619,0.1246085192497629,1.792660976759185,1.8074439512221715e-24
0.0,0.0,0.0,1.8592488305282178,7.187781739060989e-28
0.0,0.0,0.0,2.1752270443423622,7.187781739060989e-28
0.0,0.09356783931474612,0.12715550949941587,2.0721672064043237,1.0727081668258337e-24
0.0,0.0,0.0,2.048937456122792,7.187781739060989e-28
0.0,0.0,0.07129984301723881,1.9759674601841866,5.800569632405612e-27
0.0,0.0,0.07109599682034916,2.044426331148604,5.76687885492791e-27
0.0,0.0,0.11593298033642481,1.8918936672400102,2.0356135427056723e-26
0.0,0.061593560694426376,0.05931012579683838,1.969045356068601,4.6512874028896355e-26
0.0,0.0326133022242118,0.0,2.0924027019206903,2.621360151837143e-27
0.0,0.0,0.0,2.1049009225836888,7.187781739060989e-28
0.0,0.0,0.0,1.8443370826476095,7.187781739060989e-28
0.0,0.06060099513456396,0.0,2.1754794181984365,7.82334732861623e-27
0.0,0.0,0.16964563682900383,2.021101746720262,8.74765007780978e-26
0.0,0.0,0.0,2.039913611435207,7.187781739060989e-28
0.0,0.0,0.11033018820165215,2.0114227648662037,1.742621449435705e-26
0.0,0.01503017614618776,0.0,1.9943054376278933,1.3083221238045865e-27
0.0,0.03078017688920592,0.0,1.8651814577894288,2.4388592110334714e-27
0.0,0.0743264094022715,0.017086543812794185,1.981601666364732,2.213779990016012e-26
0.0,0.001843393306539316,0.03475817053616711,1.9460240319690638,2.168776262189826e-27
0.0,0.0,0.019584525509768157,1.9021627222384967,1.288524467078924e-27
0.0,0.04082527557144719,0.0,2.1029155637325645,3.6187964654214156e-27
0.0,0.0472597482413043,0.025602973431387566,2.0982690983945513,9.968066993800875e-27
0.0,0.1665474444462577,0.10143700650181305,1.8159125768668354,8.058883548477846e-24
0.0,0.0,0.0,2.0026091050210835,7.187781739060989e-28
0.0,0.05176590204691231,0.0,2.0186766764477078,5.549104184699671e-27
0.0,0.0,0.0,1.8593338903151777,7.187781739060989e-28
0.0,0.0,0.0,1.9024126747022667,7.187781739060989e-28
0.0,0.10536417966078396,0.0,2.263238206483739,4.3525570532070065e-26
0.0,0.049331790088088925,0.018483612369487392,1.9141642219818786,8.756749645433422e-27
0.0,0.07003098794089914,0.0,2.0122009814645363,1.1268301825775143e-26
0.0,0.2560084538268795,0.0,2.1149273326285676,1.0453920762464048e-23
0.0,0.0,0.0,2.177080063563551,7.187781739060989e-28
0.0,0.0,0.18124485579969288,2.0707751935455474,1.1894321653946514e-25
0.0,0.0,0.06324077390555209,2.097255444962673,4.604466327344533e-27
0.0,0.062180996221719645,0.0,1.9272862824175132,8.317590394135287e-27
0.0,0.0,0.0,2.062067209755068,7.187781739060989e-28
0.0,0.017770100093325383,0.0,2.0380197851005963,1.4585513979691917e-27
0.0,0.061058574528382314,0.055979044793103984,2.108078072555462,4.138397820191782e-26
0.0,0.08339221545489041,0.04591800792284367,1.9929834288541353,7.314173369440263e-26
0.0,0.0,0.04296182191325859,2.020768768716311,2.5604806296230925e-27
0.0,0.027157883719537347,0.0,1.8918943459591737,2.1143286800202875e-27
0.0,0.10531528533329036,0.0,2.0681500697372623,4.344500263412943e-26
0.0,0.0028318376130461176,0.002975613949574519,2.0938283805976,8.80003581195238e-28
0.0,0.0,0.009612077694098338,1.9537724711294957,9.581374084144762e-28
0.0,0.0,0.0,2.0222133771633715,7.187781739060989e-28
0.0,0.0,0.12557561255735208,1.9105392697780497,2.655912933125738e-26
0.0,0.0,0.0,2.1446977884353733,7.187781739060989e-28
0.0,0.019655477651157466,0.10318445394686349,1.8514439626963028,3.122492149731744e-26
0.0,0.026705026586925886,0.08896307956234371,2.0082283989275425,2.767736916137295e-26
0.0,0.10654803750653513,0.0,2.140934744018558,4.5521929101894005e-26
0.0,0.22988981236192504,0.0,1.9554497478599229,4.175113184754104e-24
0.0,0.1453384477117701,0.15795721457307124,1.947713997284673,1.7349420709439563e-23
0.0,0.0,0.0,1.8655549488965724,7.187781739060989e-28
0.0,0.0,0.0,1.923220243489587,7.187781739060989e-28
0.0,0.0,0.023421473253652077,2.1550500492814075,1.4433344894564965e-27
0.0,0.0,0.09843223984765838,1.978601115577449,1.2501837679400199e-26
0.0,0.0,0.06748194921666038,1.88772779784377,5.2003079897850594e-27
0.0,0.03824097461840506,0.01664522082130561,2.049245126400815,5.3730663747358715e-27
0.0,0.02891686439078181,0.24553001399108942,1.9362260015748685,1.9609038189175086e-24
0.0,0.0,0.0,1.9444522880839745,7.187781739060989e-28
0.0,0.0,0.11890165311075518,2.1420504247989856,2.2097645691158933e-26
0.0,0.0,0.0,2.0471415556386403,7.187781739060989e-28
0.0,0.0,0.06329318177555109,2.0202923020851298,4.611405519723037e-27
0.0,0.0,0.15475052013300616,2.179587767309552,5.872325879844444e-26
0.0,0.0,0.0,2.0285865390724904,7.187781739060989e-28
0.0,0.0334456789987025,0.06585442726728305,2.201020453876635,1.870336208724663e-26
0.0,0.0,0.0,1.8620680771985474,7.187781739060989e-28
0.0,0.0,0.0,2.1794557863517787,7.187781739060989e-28
0.0,0.0,0.022378795163889853,1.9983577103927248,1.3995535053810116e-27
0.0,0.1188393273448084,0.2526932425873622,1.946913122707968,7.493686788625086e-23
0.0,0.0,0.1044160877069072,2.068189148962631,1.4779675328442034e-26
0.0,0.18467073257360336,0.0583928185325964,1.964070790921294,4.5975616346281235e-24
0.0,0.05906548306923093,0.11087035805829078,2.0820482181197364,1.814024238493275e-25
0.0,0.05072740311072978,0.10666746895891539,2.1169295590445674,1.166765434565791e-25
0.0,0.13821589910375273,0.06487098875896427,1.9832881919683145,1.0036958722543697e-24
0.0,0.014671368643332284,0.12065089665083568,1.9183064329012764,4.161498325805373e-26
0.0,0.03686733088729012,0.0,2.002874482293482,3.0984399579828807e-27
0.0,0.12784518626072988,0.019109906801990335,2.004643654815615,1.794338046244176e-25
0.0,0.0,0.07462535660272207,2.0645484181141076,6.378090580056561e-27
0.0,0.21632547233054603,0.0,2.021915032766394,2.578206559623966e-24
0.0,0.024938368371075527,0.15774532797634744,1.9904704467613048,1.715092117204011e-25
0.0,0.027902152577033924,0.060789650971653925,2.0186609123156356,1.2998500767489932e-26
0.0,0.0,0.01940899928983076,2.107363174985977,1.281844936737268e-27
0.0,0.0,0.0132969674146876,1.9299879185060826,1.0692296542166367e-27
0.0,0.11950466289248425,0.0,1.9441078152728413,7.423014852537336e-26
0.0,0.03772118750645209,0.15655240292343406,1.9934249738927012,2.7476101138646344e-25
0.0,0.0,0.18811570694405902,1.8551986099583755,1.4250734285246618e-25
0.0,0.0,0.04400144500533324,1.949794577564739,2.6392098929051387e-27
0.0,0.0,0.07083564472993534,2.02438007137712,5.72412653270833e-27
0.0,0.0,0.0,2.0872457328280145,7.187781739060989e-28
0.0,0.0650201177958661,0.0,2.1846636996047666,9.284311734842434e-27
0.0,0.0,0.0,1.9308091930118756,7.187781739060989e-28
0.0,0.0,0.024333944932269185,1.9758763942143671,1.4827440368525413e-27
0.0,0.03520553965142968,0.0,2.144376460407326,2.9026519849308936e-27
0.0,0.0,0.11172958315881276,2.0342725346377706,1.8116987029705904e-26
0.0,0.045675321915378396,0.056976728023220395,2.0447708560017315,2.3401178924136854e-26
0.0,0.06427227598675439,0.13291525301324314,2.019652116970147,4.0755351176153434e-25
0.0,0.07090037575885123,0.0,2.1440117215449472,1.1652769864550104e-26
0.0,0.0,0.18009404329108158,1.9959842049355656,1.1538566950330946e-25
0.0,0.0,0.012810441491078928,1.931894834252512,1.0538706097755528e-27
0.0,0.08406435489887241,0.0,1.955381656678522,1.9330874816888405e-26
0.0,0.0,0.0,1.7576120673371043,7.187781739060989e-28
0.0,0.0,0.07604146561442975,2.078580015865083,6.640707004120041e-27
0.0,0.04254575617849648,0.0,1.995228864385802,3.871052153155944e-27
0.0,0.0,0.0,2.150339830176715,7.187781739060989e-28
0.0,0.08773622905756714,0.0,2.0026885838994533,2.224840263277056e-26
0.0,0.02083828079475525,0.0,1.9752822617479402,1.647050978682107e-27
0.0,0.0,0.0,1.9718899707114046,7.187781739060989e-28
0.0,0.17976865268495226,0.06408428612670099,1.9428821010217203,4.5316281090296246e-24
0.0,0.05725827813561586,0.13993554365860023,2.092463368291277,3.7600042664411227e-25
0.0,0.005963036992017413,0.0,2.069822331361359,9.120717784338545e-28
0.0,0.03934853854217496,0.08951932200277324,2.063517180168197,4.623321816551971e-26
0.0,0.10495527153193351,0.0,2.1317394065634327,4.285628384970624e-26
0.0,0.019759960469239966,0.20752608726252655,1.9310812181910433,5.187402198999355e-25
0.0,0.17359638031652494,0.01979107834626478,1.9348581996385552,9.943717925343106e-25
0.0,0.0,0.0,2.0424165946401915,7.187781739060989e-28
0.0,0.05228354880354996,0.0,1.9975645407739018,5.662150506660549e-27
0.0,0.21422703586118638,0.17275431701007116,2.0436323669674032,3.1620173355115815e-22
0.0,0.003800347816820029,0.012003132671826131,2.0613517972730415,1.197600803792117e-27
0.0,0.0,0.0,1.833141592612241,7.187781739060989e-28
0.0,0.03992231226052793,0.0647195939702741,1.9516813537700626,2.3346653429577168e-26
0.0,0.15739867632900328,0.0,1.853562511979018,3.0429606664216513e-25
0.0,0.022445181855997205,0.10470983026121546,2.168392769145787,3.638731938836439e-26
0.0,0.0,0.10786808334312957,1.9961491530499293,1.6272633607984676e-26
0.0,0.0,0.08836599374866724,2.065232287841342,9.418650645847711e-27
0.0,0.0,0.14765403497258958,2.138009135414745,4.849212528873487e-26
0.0,0.0,0.03958035334374091,2.049403018628274,2.3199417264268602e-27
0.0,0.026067376582390712,0.0,1.9328376632061948,2.025258796059625e-27
0.0,0.0,0.11727290192593648,2.054360015459443,2.112495901992229e-26
0.0,0.0,0.07716987106483447,1.7151457379369925,6.857491832400176e-27
0.0,0.11487657003721036,0.0,1.9637559058596867,6.235812952132758e-26
0.0,0.0,0.0,2.116082678737852,7.187781739060989e-28
0.0,0.0,0.03465038817307158,1.9953079421120816,2.0083282549020516e-27
0.0,0.04770408272231215,0.007682189106025536,1.871700777581143,5.9600539767272206e-27
0.0,0.09962668194471401,0.0,1.8443418101340248,3.500917013657984e-26
0.0,0.0,0.1500759790634311,2.0850221742113493,5.177197024371511e-26
0.0,0.0,0.0,1.9678364948782618,7.187781739060989e-28
0.0,0.2076747983560841,0.03819354522315534,2.043004164719107,5.864779204502081e-24
0.0,0.10302834540318423,0.023878915902651354,1.9740957854179297,8.108097755910017e-26
0.0,0.0,0.0,1.9962777763490158,7.187781739060989e-28
0.0,0.072762954363698,0.005194588580729943,2.073264007721558,1.462802237704442e-26
0.0,0.0,0.00786351903160906,1.8001799315467892,9.094499911493977e-28
0.0,0.09163276747024815,0.03464884758979927,2.0998010109859653,7.21395595673232e-26
0.0,0.0,0.20883747047807277,1.9860410371844825,2.4439621357121384e-25
0.0,0.11081828167375166,0.0,2.061277390506257,5.350215119029981e-26
0.0,0.0,0.0,2.1914031353866785,7.187781739060989e-28
0.0,0.0,0.021743287317972287,2.0870067730688753,1.3735085135168271e-27
0.0,0.049568188797260465,0.015041890514357642,2.0364961002466226,7.980085614605886e-27
0.0,0.24034155852382752,0.0,2.0201099046714965,6.0379462257445676e-24
0.0,0.1050654396007612,0.11055259329579839,2.118703030556038,1.0498333002851028e-24
0.0,0.06387302220291846,0.0,2.1633431532301097,8.881058668313051e-27
0.0,0.0,0.030263546523903326,1.9245724149980643,1.7656962421488667e-27
0.0,0.0,0.032876241030348044,2.0321357215450275,1.9065136681122916e-27
0.0,0.04219207542352848,0.16137112690586472,2.045353430151398,3.7256302445735974e-25
0.0,0.0,0.09640871682883573,2.118947048892464,1.1811960371004873e-26
0.0,0.0,0.059740006984985806,2.07011727423109,4.163304192490776e-27
0.0,0.0,0.13757068133116196,1.9849944412967473,3.687969125913681e-26
0.0,0.012557645347154226,0.0,2.0015579047581467,1.185928936514801e-27
0.0,0.0,0.0,2.1594505063224974,7.187781739060989e-28
0.0,0.0,0.0,1.7846609886396285,7.187781739060989e-28
0.0,0.0,0.0,2.164201516013637,7.187781739060989e-28
0.0,0.10098170893426342,0.0,2.225243580534431,3.685874164228382e-26
0.0,0.09817654869915943,0.0,1.7500594285126427,3.3131122971944746e-26
0.0,0.22909425725907417,0.0,1.8354601253043108,4.05913840318838e-24
0.0,0.10225704320096403,0.24397524063392728,2.138427281851052,3.219389922854552e-23
0.0,0.056390912005235966,0.0594754341665286,2.085341555878031,3.8188116994767256e-26
0.0,0.07589285897867652,0.02811914239693758,2.0104201103951875,3.25762019338878e-26
0.0,0.0,0.0,1.9719324923133226,7.187781739060989e-28
0.0,0.0,0.0,1.9011408892849082,7.187781739060989e-28
0.0,0.0,0.017989415115347848,2.13920022863446,1.2290527782693072e-27
0.0,0.0918316606002313,0.0,1.9010371863429663,2.6016563580231265e-26
0.0,0.0940771187988216,0.0,1.9775366850002976,2.83429187654474e-26
0.0,0.05500520990245519,0.0,2.010537550614596,6.294965429698657e-27
0.0,0.0,0.0,2.0319781934142536,7.187781739060989e-28
0.0,0.0,0.044047473796039904,1.9980362201073318,2.642749692319613e-27
0.0,0.05524899544171478,0.022391413406466144,2.1364140429973846,1.2378504518599413e-26
0.75,1.7608400172203582,0.8916950583579563,0.008183582137723865,0.013949327302885074
0.75,1.7316554389870857,0.9044776769908052,0.002284462630350273,0.014030013729665851
0.75,1.809171147465231,0.8769781879977995,0.0,0.014325440134921881
0.75,1.8397111056914373,0.8763750515341764,0.013195989287224787,0.015827504521432514
0.75,1.7821409186272956,0.8970646433792693,0.013649588525696182,0.016408820784996087
0.75,1.8953614848572087,0.856509296643504,0.016003745366042956,0.014260025987743223
0.75,1.7084825077456343,0.9109689669752276,0.023312347100280222,0.013307865047727779
0.75,1.7668051317928763,0.8891440375358913,0.012001786348732404,0.013908591526433764
0.75,1.6943022895558884,0.921135164111605,0.010964565845222766,0.013768720582063245
0.75,1.6954623893557352,0.91996114386523,0.009721336753146688,0.01367915265362654
0.75,1.6922786110411134,0.9049060248879087,0.01806529956976747,0.01123981465552003
0.75,1.7934307442792965,0.872879049094179,0.0,0.012784580984867705
0.75,1.7447492784026806,0.9011988041304992,0.0136970076984268,0.01444859601830758
0.75,1.6652961139642588,0.9221739750403639,0.009488753777063902,0.011572819643553774
0.75,1.6977357276667546,0.8988213490054185,0.010277986276516582,0.010804477932464812
0.75,1.8410849504176856,0.8572317242636223,0.0014159687972924316,0.012474727356563723
0.75,1.8563671449121981,0.8661748354168498,0.015093988562820033,0.01464513086108659
0.75,1.8173840100289067,0.8826953418495739,0.004390643151632849,0.01585712413068876
0.75,1.765552692262071,0.8865692351390662,0.0,0.013398286761289785
0.75,1.7618812231845808,0.8856975804116162,0.0034647368916432965,0.013027664477639032
0.75,1.9412508085495315,0.8600537593211681,0.011630749339091803,0.016085668084091717
0.75,1.8586195712018672,0.8655459063183293,0.008110139075965467,0.014622348135617698
0.75,1.6926006500966095,0.9126924860096862,0.028277968820779622,0.012348202622922497
0.75,1.7640410288695108,0.8919542945182248,0.003116925994322683,0.01420782854762039
0.75,1.610878335095665,0.9979564940550942,0.01221527727084102,0.017692162756220545
0.75,1.7212844938241343,0.8921505016986228,0.0051898904222401395,0.011428632385105629
0.75,1.7522202283668318,0.8892749832862926,0.04367636187977624,0.012987101417810848
0.75,1.8088248569543162,0.8732519592342092,0.0179475450161299,0.013655533986942355
0.75,1.8257601108155574,0.8498459844741817,0.001893487852480986,0.01077423299943017
0.75,1.845757576259486,0.8843048468089032,0.0018713010286707148,0.01779722968548372
0.75,1.9042687601152068,0.8321566017601945,0.01205710282596623,0.010548277013814597
0.75,1.6823319862491812,0.9318775424373871,0.0,0.014454334594425317
0.75,1.7776117308219177,0.8653792608886507,0.0033045784812100977,0.010867264692033972
0.75,1.8226982613749148,0.8608113942843042,0.009879897552674946,0.012277587883744152
0.75,1.9205624694295338,0.8401627360549718,0.0,0.012070928005477754
0.75,1.821562628014908,0.860147441518776,0.02835482188525823,0.012124683771992084
0.75,1.8131695847602598,0.869444023124043,0.014551356486432807,0.013232697349728399
0.75,1.821192338691235,0.8724053932171905,0.012902466338910177,0.01414390199700279
0.75,1.8017464230186462,0.8907336463336987,0.0016015072588862866,0.016488374783699102
0.75,1.6725651318790238,0.8978607659879814,0.017960750711786724,0.009114830197077144
0.75,1.737617034289886,0.9080131232294765,0.009974974430592861,0.015101928476604508
0.75,1.838193027240716,0.8756479096103568,0.0,0.01560802159503956
0.75,1.7668072971753215,0.916915247627427,0.012394946096254788,0.019377035503793764
0.75,1.7917402890218743,0.8894635061129397,0.005131774332560178,0.015587761749524245
0.75,1.7012806634035993,0.8957030073728155,0.052066318863121575,0.010629937422221916
0.75,1.6662457647274538,0.9394211732549074,0.011703934932047718,0.014173161958981067
0.75,1.7075660645284672,0.9119142047105223,0.0038460898813686114,0.013384939896714004
0.75,1.7574412290449606,0.8846774411381473,0.02107095501724568,0.012593605572177
0.75,1.593973827131991,0.9642651670959319,0.042639129771686525,0.010903290632627568
0.75,1.7578567739053923,0.9086285092861698,0.0016715019562216853,0.01684778946642447
0.75,1.844746595897904,0.8683536948473248,0.004279957083178407,0.014540655243776925
0.75,1.8131734278251752,0.8938889321316615,0.0192423762548903,0.017903698871246904
0.75,1.848425118762081,0.8562080576087422,0.01381595158271557,0.012595318305814104
0.75,1.858369339426463,0.8738435437401426,0.005877800056484805,0.016223223444971648
0.75,1.829244171317584,0.8872880857352431,0.007431264412860782,0.01749684974007727
0.75,1.7331255993502435,0.91789267274071,0.0,0.016560931829492743
0.75,1.7216533490650072,0.9127352205448739,0.006084307424349204,0.014646296227004574
0.75,1.7519264432217128,0.9122913650723773,0.01865315771924521,0.017087308373662378
0.75,1.8016496046824864,0.8940083955917736,0.012243257779305248,0.017151201674194743
0.75,1.9797916430399638,0.8368501582165311,0.014542571828348661,0.012255739715954847
0.75,1.8988240450065743,0.8737165670691307,0.021917867373247746,0.01786922852382351
0.75,1.8405458885243704,0.864090156988988,0.011548712442372742,0.013594779488848824
0.75,1.6927164443861926,0.8967839099350031,0.06859879208184068,0.010224910310922508
0.75,1.821976655550763,0.8875280798995913,0.007213913578519604,0.017109153936112315
0.75,1.7425775798163,0.9406916891395236,0.006373655771727153,0.02257480336291632
0.75,1.7766893163080377,0.8846299816295331,0.02169049711722194,0.013767022650848967
0.75,1.7659203475918048,0.8943735200026742,0.003532026445829141,0.014760993239055411
0.75,1.7172396153743053,0.920800805502474,0.023971697499377834,0.015697537592001584
0.75,1.8016707556830764,0.8803839320434117,0.006400210109720344,0.01451481237005322
0.75,1.823694360061011,0.8724637233709225,0.007226342102612163,0.014280581928609492
0.75,1.7443576241834478,0.9104070570353722,0.02645635743942797,0.016087243872817392
0.75,1.6992334076193703,0.9352269368630688,0.0031779382314518797,0.01666755007089162
0.75,1.7850625628748154,0.8759630570691418,0.0036215009378263016,0.012827011216704409
0.75,1.8049171331205267,0.8751779517086592,0.008031950236073657,0.013779143511255755
0.75,1.804391696139683,0.8810745801083664,9.745352547912457e-05,0.014797266084862096
0.75,1.7852489275443206,0.8739533163050839,0.012699636485350729,0.012518787877882418
0.75,1.6784769674850215,0.9336924623645232,0.0006268899082038202,0.014395885013294633
0.75,1.4280995655469118,1.048133634709098,0.18653093525392658,0.004929423720820786
0.75,1.7366746032649643,0.8791259501203056,0.010066324619669224,0.010585729020389253
0.75,1.840704887432573,0.9006626675466838,0.004035441078286871,0.021369262748782286
0.75,1.8133248168548897,0.8859863823070065,0.006624519493491773,0.01626721628829691
0.75,1.6605797876620747,0.9396732953035948,0.0036309818718285075,0.013681359878644574
0.75,1.6891556456514762,0.928273353866549,0.003400063639920893,0.01448045159090692
0.75,1.8395023785900375,0.8689044374982449,0.012031962657192922,0.014401672189422609
0.75,1.8426339655372164,0.8587364090715012,0.010313477749339533,0.01278055225492988
0.75,1.8328640315142333,0.8878782755781833,0.018556763826965576,0.01784067395658892
0.75,1.8046827184446876,0.8724260720657834,0.0,0.013300166101878293
0.75,1.8488927925591108,0.8611260385076703,0.01829028389456049,0.013434446069976515
0.75,1.7018587118230797,0.9174507371713527,0.003947513588058717,0.01380784025977764
0.75,1.7602887447804885,0.8825715581737422,0.025763342844599472,0.012440553904848429
0.75,1.7932164356456923,0.8922463672437521,0.041092089468511755,0.016224396607317032
0.75,1.8341013204892915,0.8793261917962971,0.005201134575512885,0.016121790408686134
0.75,1.8439440497556763,0.8806146015421853,0.025118043464832946,0.01690886371623779
0.75,1.7405336278300931,0.8923793796770209,0.0025162919818005254,0.012711398539094717
0.75,1.7836888241627533,0.8872941323654203,0.002278729758045594,0.014669422549816272
0.75,1.773312808009571,0.89326482804466,0.01911797181791857,0.015068534473707007
0.75,1.848843924422822,0.8534473274396223,0.0,0.012169953707770185
0.75,1.7715128198085186,0.8743087107892928,0.019665634671166075,0.011831854993972594
0.75,1.8160016041249178,0.863431613257244,0.011993599743729736,0.012391466771553549
0.75,1.6669750993790442,0.9316516188183306,0.026432640168986502,0.013046248363684579
0.75,1.8244651269746903,0.8649997932543371,0.002184072023901939,0.01303160729352915
0.75,1.8460147815488892,0.8539914315250475,0.0,0.01215049729449707
0.75,1.7665773279996968,0.8761514789561403,0.003514965866925043,0.011834560052614733
0.75,1.766295754782721,0.9083653930968056,0.00583137411780402,0.01748360274705775
0.75,1.7278173133617154,0.8792865425929651,0.046533569238431625,0.01011550270011571
0.75,1.754834855193967,0.9185457147693511,0.008205035950355936,0.018649231495657673
0.75,1.749343097348283,0.8830039679944583,0.01694895262587875,0.011853526466354024
0.75,1.7072209770220226,0.9052401811710465,0.0037535951250785553,0.0123439651903072
0.75,1.8125571617490581,0.8636942840284245,0.023885375723091247,0.012274911465714088
0.75,1.7799812216127915,0.8953340937672587,0.007408721825966855,0.015918215285495196
0.75,1.7224813871701545,0.9171922909654123,0.014435990054016235,0.01550156857528815
0.75,1.8805558064989971,0.8683833247157287,0.0011879936172512233,0.016049695547604718
0.75,1.780065371427874,0.9118718180622424,0.005651305848224592,0.019396551385558024
0.75,1.960706106073313,0.8565134328585601,0.006269067974778049,0.015667140496909388
0.75,1.7742604618576203,0.8868899203256448,0.004556659214592103,0.014001048087301965
0.75,1.7071125636262499,0.9034902428342618,0.006488913361774987,0.012081627028018726
0.75,1.7345130837953826,0.9266911622110418,0.017144212212451253,0.018468969830187813
0.75,1.6774732015477705,0.9284592684417782,0.004508300058544339,0.013476289978856481
0.75,1.8153346892969078,0.8821059076669017,0.02052446387330704,0.01562405034429058
0.75,1.68474333935077,0.9059997846569374,0.015188471292773741,0.010864766254649962
0.75,1.8162966174692001,0.8609879477206632,0.014424755465658957,0.012024207649255672
0.75,1.751666867313266,0.9047576092900966,0.007002191919660561,0.01561023508172515
0.75,1.6799120807423256,0.9069549941397539,0.010760067017488092,0.010656486083239365
0.75,1.8000856867098127,0.8847054259595368,0.014082211548487994,0.015214118173497031
0.75,1.8022536880261193,0.8791347350846891,0.0,0.014324659149347217
0.75,1.7589160556316166,0.9165004732573622,0.011120103691661165,0.01857513056352671
0.75,1.7452295033715242,0.8974241705020466,0.016411222736193252,0.013841881901775092
0.75,1.7654977984972844,0.8952647400328462,0.006076000942775838,0.014891567414532623
0.75,1.8306572511643067,0.8627597054234638,0.010148222935633031,0.012938840547165915
0.75,1.7045903428630866,0.8970151962308005,0.011518872203504497,0.011014139846511081
0.75,1.8276951838535345,0.8842602114461955,0.009883322012014376,0.016768647292304827
0.75,1.8397603117915209,0.8700013989751717,0.014520663979313477,0.014614370555954874
0.75,1.7610017628811427,0.8841411513133383,0.0,0.012727086155163292
0.75,1.7700993014882838,0.9271433230936783,0.016113241353083937,0.022143948294342724
0.75,1.7559465729123547,0.9108397069654128,0.022056068007924288,0.0171335069560607
0.75,1.7497569322709503,0.9127866211209467,0.0003956781633402103,0.017002218340694333
0.75,1.739985800008256,0.9007883886598272,0.0,0.014029130044146222
0.75,1.7400936623542893,0.8824925226725107,0.02251471226795923,0.011235600912260774
0.75,1.7575255247944142,0.8605928699045646,0.008307681924993102,0.009312911657408707
0.75,1.8701486242211856,0.8514283376034915,0.0032113475288090537,0.012587313837075693
0.75,1.78233070635671,0.9040476378214966,0.0,0.0178564338876828
0.75,1.7480227556413168,0.8945993991801093,0.00040366094352871227,0.013568230772690678
0.75,1.8448922940813928,0.8585225530889448,0.007956031840761662,0.01283579979110074
0.75,1.7480505266420108,0.8913269391285318,0.013437515275877419,0.013041557080999409
0.75,1.754469817177222,0.8836256185955996,0.0,0.012252509727191703
0.75,1.666866308183468,0.9134403260721405,0.004580376986615684,0.010564002192353091
0.75,1.6713443482328982,0.9279427594964604,0.0,0.012872780463088608
0.75,1.832215102148769,0.8733815870514687,0.009347490612051005,0.014875732665634672
0.75,1.8420896067117196,0.8667857802034699,0.010057030323850427,0.014137005661690993
0.75,1.831536417307577,0.8484852423479907,0.008964853369034586,0.010796701789875959
0.75,1.7274598351899084,0.8825233157550871,0.012056228194255664,0.010508656107961558
0.75,1.7914198399339856,0.8898896237636609,0.00038730721101932336,0.01564813491835058
0.75,1.7908685461738347,0.8839667408133974,0.022734896453533212,0.014518531456859883
0.75,1.7785021161875032,0.8760489092341758,0.009743120140149372,0.012478317235730157
0.75,1.756574079105536,0.8895916801565202,0.021753558954226114,0.013319249504349196
0.75,1.8410663285736824,0.8886500853252554,0.010615847797061921,0.018498117647495156
0.75,1.8051900053771779,0.8959361438097269,0.03688047265365605,0.01780206595370749
0.75,1.7007727208280565,0.9189614722157734,0.0014433770191581644,0.013961840439418175
0.75,1.6674829666747075,0.9500365071454976,0.008986340169633098,0.016078469353167122
0.75,1.6711142831002799,0.9455949716991805,0.008300861057465735,0.015680968461220447
0.75,1.7276805310177425,0.9084901371041505,0.0203004193577569,0.014401569131110787
0.75,1.7302618647854473,0.898944329213517,0.013686114089315419,0.013033063427821824
0.75,1.6993517715402073,0.9082795177044866,0.01030350027568358,0.012213359755734269
0.75,1.7965647245630667,0.8865199610146781,0.009273020234861422,0.015337772606389577
0.75,1.5725970055339529,1.0083612505744357,0.0,0.014352662754967637
0.75,1.7566804875211703,0.8885438931140952,0.015204778702516545,0.013156628775066898
0.75,1.6814797350144783,0.9106286901218265,0.0016598928929125252,0.01124156734042453
0.75,1.6078189239327707,0.9646967228134681,0.011833262487484005,0.012233759827440602
0.75,1.8579520124215283,0.8811943056543138,0.02027718691725667,0.0177568986665599
0.75,1.7581742096875952,0.8498174203917952,0.013762083588178346,0.00813018990731427
0.75,1.85213529595152,0.8587450150851377,0.012721540621281464,0.013158079954873116
0.75,1.8152573419387752,0.8844494561191414,0.004074300014141261,0.01607768138994713
0.75,1.6392087037483554,0.9467448331742895,0.026851819192948063,0.01274499809400057
0.75,1.6392087037483554,0.9467448331742895,0.026851819192948063,0.01274499809400057
0.75,1.7703603392990572,0.871486701117409,0.024860090283319584,0.011360266500750305
0.75,1.8194628521147915,0.8481660975015787,0.014787411753635757,0.010308247436856786
0.75,1.8530933420626843,0.8762669560773038,0.002356949956608289,0.016469505454808867
0.75,1.7512501138019598,0.9005781208494411,0.004979119222173702,0.014819210237085994
0.75,1.5938420753862865,0.988792284103959,0.019014843341689285,0.014080338530503373
0.75,1.6863193989841696,0.9106621387256684,0.0022071153389950776,0.01159540544277564
0.75,1.8352590387325558,0.8921660823565185,0.012969698833483053,0.018948764308559067
0.75,1.7987078501570752,0.8795977254439123,0.0075639491867838145,0.014204803191776612
0.75,1.8656829880545098,0.8539133291313311,0.005761973089642816,0.01284641545182118
0.75,1.7213599781995608,0.9087458334713584,0.01703444827115708,0.013950812734638515
0.75,1.6676683500890777,0.9243486178628592,0.028760504404237115,0.01205605334513042
0.75,1.740656430194398,0.9055950211905422,0.013932650689866453,0.014909396006279812
0.75,1.8400781740792158,0.8764143184491809,0.006250166278382903,0.015853881383301672
0.75,1.66386779621615,0.9321343355432039,0.017570275131267996,0.012848056645444274
0.75,1.8858226398988422,0.8672787975465014,0.0010785319759764511,0.016023067184863276
0.75,1.7216983916961224,0.9195753758239454,0.014485967686622248,0.015868086972518843
0.75,1.6738502093001861,0.9391267370367707,0.008965137379690359,0.01485342158060117
0.75,1.701961706874646,0.9296378485625063,0.006064604907493912,0.015900605644778628
0.75,1.7755891947457623,0.89530077252686,0.018777325997930614,0.015604223686863363
0.75,1.8169371862618966,0.8823904656437467,0.012137934945732459,0.01577174380095833
0.75,1.7048316476594103,0.9090822633586388,0.030279264612410414,0.012739074495933261
0.75,1.7663258615616657,0.912115647269485,0.022859981810948487,0.01827692120084162
0.75,1.9056535624817819,0.8463548009467647,0.003984806879909583,0.012758813833070638
0.75,1.6372023520968808,0.940162762690458,0.0037714388118178692,0.01167391216721344
0.75,1.7328345201031436,0.9007334736987013,0.0,0.013501187533832329
0.75,1.7721412600164774,0.8978226745660094,0.0017327346958972054,0.015837553321749173
0.75,1.758978911814784,0.8800767619692137,0.024944850709350274,0.011986672636522266
0.75,1.6446647142813904,0.9325682701568697,0.004481088467804655,0.011306026994623436
0.75,1.6175249765170372,0.9397579758912235,0.0003317202379006059,0.01003593937090108
0.75,1.7843969320500437,0.8895359809067451,0.007977513414634717,0.015123431012311863
0.75,1.905942796604507,0.8517775872418916,0.008997848472110475,0.013699574032834849
0.75,1.851414975706163,0.8585854431701795,0.024550780588996117,0.01310316556772036
0.75,1.6608596410520058,0.9471244942425802,0.0022606644009571953,0.014892834625165595
0.75,1.7857762140110287,0.8722374287276113,0.008538632268926191,0.01228008095645478
0.75,1.7997404070502085,0.8817093302791112,0.0,0.01464183307387109
0.75,1.8515934845161661,0.8629604330448407,0.003324476180621614,0.013864286842529846
0.75,1.8567083538952875,0.8726497785669276,0.022812448730192753,0.015906809965148174
0.75,1.7391327926128135,0.907355107258458,0.005936036967308538,0.015103984620401535
0.75,1.7864635847338401,0.8881700444337536,0.00792316281182352,0.01500552290876257
0.75,1.8010036692704345,0.8870770729777422,0.004422391565683415,0.015721272598830213
0.75,1.7429244608794034,0.9044541370876323,0.023369598498322514,0.014881639466267626
0.75,1.8450564031365608,0.8795687712931838,0.0042821500172804325,0.01674887348438573
0.75,1.7960222745442718,0.8690273241319063,0.0,0.01231011124650725
0.75,1.8330153392038078,0.8802615234861573,0.0,0.016251069416442387
0.75,1.8973005942086634,0.8455888925571544,0.0,0.01242542310398454
0.75,1.8419793941408509,0.887175058374914,0.015062245435063064,0.018219748157822034
0.75,1.8025039690187745,0.8870417069270188,0.0,0.015808215385053545
0.75,1.7927404625146608,0.8803785960000066,0.01351298116730456,0.013997563478885209
0.75,1.8148397049230116,0.878216301884634,0.020927201962236415,0.014861325846683395
0.75,1.8738288104136314,0.8599915491223435,0.014355470747914718,0.014188835404190017
0.75,1.6863825278454838,0.9186287637059702,0.016994685852463807,0.012733940979077357
0.75,0.06335094622527672,0.07092421231043632,2.01870935562171,6.948603981119259e-26
0.75,0.0739157227605785,0.15558599257441247,2.0610266971346793,1.093677168799907e-24
0.75,0.10859773543942342,0.029611682728712507,1.9633093926641325,1.1855229975006597e-25
0.75,0.07032882070189464,0.08402431622539304,1.972439823844774,1.3210770519021755e-25
0.75,0.05684808648351307,0.07573806927201936,2.0134750011227904,6.194106990235238e-26
0.75,0.08799389281354757,0.0673779795652797,2.001847033887695,1.6207601236423784e-25
0.75,0.05099634338576619,0.09515473861526966,1.9810011955398192,8.5433892652628e-26
0.75,0.11397310245249057,0.11105519027022462,2.039739699512466,1.490916161332112e-24
0.75,0.13778752846125056,0.1183705689167796,1.9650888576090266,4.4579565658971514e-24
0.75,0.07696497890440679,0.10615831305092226,2.0088313368181914,3.177338569300069e-25
0.75,0.05114931371806341,0.08892473271871483,1.99361221458555,7.211581997085367e-26
0.75,0.05599104608435404,0.12351267542703386,1.9815745212953042,2.283582881286769e-25
0.75,0.09394424904691222,0.1265409167853432,1.9656610835074948,1.0699997788539557e-24
0.75,0.04225184618931026,0.13460158340639314,2.031011103180976,1.8107128852618268e-25
0.75,0.09585304029684609,0.1293036794010574,1.9878385421831095,1.2413528057953898e-24
0.75,0.06912635684257243,0.07918527925230924,1.9955687233007604,1.0993865687924648e-25
0.75,0.10251353300871364,0.04029323305409409,2.0553825377604684,1.2874196528096636e-25
0.75,0.09637004711138442,0.021731876854156146,1.9361998507284013,5.90840553157899e-26
0.75,0.0848345153043508,0.08687844676088224,2.00500412788158,2.5015580177633063e-25
0.75,0.08649700330879626,0.07808354233603683,2.003976248158349,2.077626249117356e-25
0.75,0.05560366562054787,0.12929817998114768,2.001669820174382,2.6369461318286313e-25
0.75,0.08938501982326809,0.09905732571195934,2.0193263381132778,4.194304500489606e-25
0.75,0.06462842755057538,0.09090121875834908,1.931469177053152,1.2871137871766608e-25
0.75,0.12909780150568403,0.09084546259023638,1.9230234611785866,1.4950008352276686e-24
0.75,0.057211727370245,0.05857614974792004,1.9534108247569313,3.8417290335510325e-26
0.75,0.056401948780871417,0.07036696663370183,2.029049241293997,5.222480444110852e-26
0.75,0.13607082149283312,0.09087067251266435,2.016783415832655,1.941125173142045e-24
0.75,0.08446016112360721,0.049659438253331516,2.0108961172778,8.494392366048265e-26
0.75,0.01596612926227735,0.1282245556298953,1.9892988298337428,5.395847723718745e-26
0.75,0.0789392428482273,0.08201815195366582,1.9980063343032293,1.7387349077524275e-25
0.75,0.13694960075476084,0.09776592766515611,1.9683795121221301,2.434814065328543e-24
0.75,0.05790913561835613,0.10411709081541136,1.990139561423806,1.4370136531046681e-25
0.75,0.05638333482801887,0.10866158929087215,2.0368258216442046,1.5371717198599453e-25
0.75,0.10905440095352903,0.07159892371217429,2.0340005976428244,4.0738088284184606e-25
0.75,0.0770739524904915,0.10385926942204901,1.9523465766905495,2.992448914595943e-25
0.75,0.07034636919368581,0.08655856859879232,2.047534653337952,1.4202446933042846e-25
0.75,0.029365556018594554,0.07924247374088941,2.005197979675644,2.334252743177642e-26
0.75,0.06401536730478433,0.08704985130760459,1.9975244804529502,1.1274755619701675e-25
0.75,0.03800375556514801,0.09127570248759967,2.001860214137393,4.608388925478495e-26
0.75,0.11771730281000559,0.08682894685660662,1.9874915070407986,8.707820666215258e-25
0.75,0.08481381961874385,0.10267392673867647,1.9636526988475806,3.896367541346152e-25
0.75,0.10527782918851798,0.10213454370527106,2.0077684609774367,8.36978284888616e-25
0.75,0.07523700545503169,0.07770226731589701,1.9742741748425814,1.3340148363998548e-25
0.75,0.14485077180635558,0.12155604928905707,1.9949490040085522,6.329228765037222e-24
0.75,0.07572309870431673,0.12840264710209062,2.024098133583435,5.603651346832525e-25
0.75,0.07009244659660137,0.0882024984940952,1.9998538542787283,1.4732543913186665e-25
0.75,0.12341826299472522,0.12520508471683728,1.9605597216242436,3.145086784965696e-24
0.75,0.12076069809109463,0.10540398920259249,1.9835173720578516,1.6448650759361926e-24
0.75,0.0804109839657909,0.1094455258023424,1.9976776931445528,3.974861731400947e-25
0.75,0.10884144106741157,0.10688653718628809,1.975061823746171,1.0937192881493537e-24
0.75,0.12770871472089296,0.0927492387098014,1.9680018639574395,1.4974274628722807e-24
0.75,0.04896077257360168,0.10272631184704162,1.9793231821588528,9.75650412388411e-26
0.75,0.03193932751532226,0.057124744167091575,2.058134656000518,1.3712109754394182e-26
0.75,0.08848470985394263,0.1344926503880317,1.9603084910256277,1.0800766045854475e-24
0.75,0.07416769116647187,0.1143359939746558,2.01917755783262,3.5811326442078557e-25
0.75,0.08398127461790666,0.05800044650394793,2.022815906198707,1.0615420783899928e-25
0.75,0.06189555027147325,0.09437612195874831,2.0346877096479843,1.276796081973234e-25
0.75,0.08100692612583092,0.11425080146464474,2.0058163852439526,4.647245770362666e-25
0.75,0.122422107514082,0.08699689172838378,2.0090178724928998,1.0442270727935594e-24
0.75,0.08533675313408201,0.13453695395011234,1.9834481625698699,9.586736557523961e-25
0.75,0.06236320218610986,0.07001558115805653,2.035828767623437,6.516219875530843e-26
0.75,0.07803781231498845,0.07504592551048407,2.0169707057534936,1.3775405126695222e-25
0.75,0.03442969496415973,0.10418121304641903,1.9968712754067766,5.751411582747865e-26
0.75,0.10976825182316445,0.10185132303293128,1.9795115714573643,9.842103688015584e-25
0.75,0.01798885869261967,0.09800732600090482,1.9909367791816428,2.5286768853059962e-26
0.75,0.08782324913530257,0.08931962578491683,1.9639380850233852,3.0048777273344487e-25
0.75,0.08633221985000167,0.08022284466652597,2.0070181503062305,2.1939682466603465e-25
0.75,0.04499086128072762,0.09279005213215714,2.0410484762102388,6.323081821590031e-26
0.75,0.07403067217750066,0.023116697464047407,1.9787515153371313,2.6163782329893444e-26
0.75,0.0741699949551486,0.10118573792382601,1.99843271814136,2.483333581518064e-25
0.75,0.05537212762875824,0.08572346359023206,1.9950433970042323,7.765226173062124e-26
0.75,0.11421785303177732,0.05068160485562778,2.0230404862557956,2.711890956722928e-25
0.75,0.07875908839339248,0.05198060228442479,1.9673977900628552,7.3005103153951e-26
0.75,0.11331504875936009,0.08936481112005869,2.001037069563783,7.924109213856379e-25
0.75,0.10462591511176526,0.050514035544519977,2.029376556333914,1.8778030379361494e-25
0.75,0.08950322425442608,0.1143206979272112,2.0126316270549025,6.446753956558366e-25
0.75,0.050093643562839865,0.08991373652282351,1.9681909643728686,7.116611680865042e-26
0.75,0.06905659898284142,0.06945906232286023,1.999420250823523,8.308794189809829e-26
0.75,0.1304027586901777,0.14067842915772188,1.9948401643327438,6.237331552819217e-24
0.75,0.0740521903339276,0.13778022366055911,2.031349032007121,6.789996857604754e-25
0.75,0.045013410375563584,0.109547403339808,1.9815144353165608,1.0113817175757992e-25
0.75,0.06653788698327473,0.10885749771272248,2.010836980709384,2.291244875091901e-25
0.75,0.07976105261056861,0.1126065539850297,1.9975505323673812,4.232722629684799e-25
0.75,0.051436583288191805,0.08069184875929766,1.970331433483934,5.776871346412622e-26
0.75,0.09078103800680838,0.1090419155451198,1.9850110755991455,5.846323191682902e-25
0.75,0.054982521582849386,0.06716436685055707,2.042440041031041,4.5091243991484443e-26
0.75,0.13498951629034597,0.01957529532477019,2.006591212930178,2.3759876870157596e-25
0.75,0.06129448503646284,0.08289332389698573,2.0177287446154977,9.020577584542774e-26
0.75,0.08333101579966115,0.08641111399418501,2.0256104884432533,2.3305213280722097e-25
0.75,0.09744925045940592,0.04917790201765853,2.0286536394680876,1.375457192018237e-25
0.75,0.07115535283946199,0.09820409516568993,2.0705293661951965,2.0337736493939995e-25
0.75,0.08857415259337338,0.0732145729849479,1.9421485328363957,1.9580969860112886e-25
0.75,0.06416959115763292,0.06419049841083697,2.030158481446409,5.914041574913483e-26
0.75,0.04770419813955485,0.10135982534473383,1.9954104765885785,8.941291632241644e-26
0.75,0.06556737131152722,0.09047617470697183,2.022958461916658,1.3188461622405227e-25
0.75,0.10773512972131134,0.08892488964768185,2.0174418058128722,6.338450014711315e-25
0.75,0.09505821933008159,0.12111197756474036,1.997849787711788,9.614512380307668e-25
0.75,0.04262860068780289,0.13283841158835152,1.9759887479389666,1.7511825246664736e-25
0.75,0.1024258882899426,0.08193471905627497,2.021296581594938,4.253153978728742e-25
0.75,0.11175567670460498,0.09137114320763536,1.9808128138278365,7.905893692861015e-25
0.75,0.08577351702156041,0.11953139344815589,1.9897975700064505,6.456331690501342e-25
0.75,0.10652781446426884,0.03254071790526929,2.0314715748304897,1.1946947397184445e-25
0.75,0.08593178674132901,0.08536327873505828,2.019517957201529,2.4994870811051876e-25
0.75,0.07475165086111396,0.10098406390368098,2.012015772790092,2.5252987478695614e-25
0.75,0.11686704286808958,0.126244714809966,2.006478650667704,2.5297210850977425e-24
0.75,0.12060864530339954,0.08446506006976415,2.0002081900536246,9.08038890038557e-25
0.75,0.1018712498329918,0.07900484721781598,2.0173294863135034,3.832155966846997e-25
0.75,0.10145607736028764,0.08842417094705546,2.0267572355276284,4.925736720049454e-25
0.75,0.10853610307009326,0.09026144592017084,1.9831744131259526,6.784514137309682e-25
0.75,0.11402011339550955,0.07793764261772276,1.9818930623406381,5.887388467699128e-25
0.75,0.05748929744097134,0.13135783872097384,1.9827676424954483,3.002170037407706e-25
0.75,0.09777075867061284,0.13771226905195452,1.9752759749797668,1.6803510791303157e-24
0.75,0.08387675096358747,0.08105751013317308,1.9766088452676618,2.0449357570950384e-25
0.75,0.06806736165351633,0.04131120806273578,2.002309524970807,3.5460890123665374e-26
0.75,0.07349052140389048,0.05257048294370638,2.0020704711181962,6.063593664006832e-26
0.75,0.06576121388383736,0.06128539648496251,2.0292087911107766,5.785868604068447e-26
0.75,0.07402083637420724,0.14568350991965204,2.00262278661852,8.405938199530403e-25
0.75,0.15354810352924742,0.1069700525989949,1.9898298778440486,5.829153709427276e-24
0.75,0.0899614508348312,0.07800923841965723,2.026024398347831,2.3668914545933873e-25
0.75,0.09167675022785063,0.1344307543449438,1.9996150138225715,1.218075712710379e-24
0.75,0.0410225237949813,0.12187687966339443,2.0282496261016485,1.2170944915443216e-25
0.75,0.11673852923805934,0.06508494904010287,1.9847289506493213,4.51803704562216e-25
0.75,0.09259305692660875,0.08463941066054896,2.0297552746491396,3.1586947278292285e-25
0.75,0.10075372606410737,0.12495631522946618,1.9883930262039036,1.3274061714426286e-24
0.75,0.11184985531311309,0.06691245824823949,1.9859151021660064,3.9595033977697954e-25
0.75,0.05071579854248974,0.08444039280669485,1.9874874938473783,6.246575678457284e-26
0.75,0.13987984432876285,0.06002752621993304,1.9236306348498915,9.290107618200544e-25
0.75,0.0526686516479051,0.11179885939048653,2.0505514307810184,1.4515173451297275e-25
0.75,0.08607618768316298,0.13203532259783415,1.9921324600996946,9.21018691746214e-25
0.75,0.11797729212500234,0.03632551650092578,2.032046055010842,2.0566997989445586e-25
0.75,0.09794475645810063,0.06656859459980896,2.010805599623793,2.3145838064005133e-25
0.75,0.09604500160937167,0.07501206488261794,1.9830117313498383,2.7408684249147486e-25
0.75,0.04596655693561186,0.08293209529511825,1.9991624917504258,4.972541045728782e-26
0.75,0.11714575383737486,0.05292377763511106,1.9923254788364237,3.231447788642246e-25
0.75,0.09878672178584275,0.034879608276732886,2.025450278408688,9.538302196836122e-26
0.75,0.04353875528408072,0.08034863861182237,2.004702027339658,4.202613182740803e-26
0.75,0.06383460654196454,0.1037140388381233,1.999448051769692,1.7880366301965693e-25
0.75,0.0478392791180225,0.05621686020907608,2.0391695841936497,2.491288555656919e-26
0.75,0.0811160460523255,0.08212878926884522,1.983541578527759,1.8962596401605763e-25
0.75,0.10048549254518885,0.1093362153041989,1.9825056876399916,8.530227774428763e-25
0.75,0.03765325966178915,0.13782595624500094,1.993574169643098,1.6510290775932283e-25
0.75,0.10559093026923695,0.09913153740993505,1.992655501223302,7.786921497157049e-25
0.75,0.15446526341232142,0.10294801140534021,2.014055879414563,5.389836249197895e-24
0.75,0.1288180856630792,0.008273275791375583,2.005812093678874,1.3484065503753692e-25
0.75,0.07906426019707105,0.0698156790447755,1.9516129449453206,1.2341892061813764e-25
0.75,0.06125298295735883,0.1461940280627495,1.9697777684645197,5.203446879344089e-25
0.75,0.059992697636468965,0.08120859109255753,1.969227036437985,8.17628969920778e-26
0.75,0.07473484454751668,0.058197411779457545,2.0714192260158373,7.484290290861062e-26
0.75,0.11461059564326494,0.1234890831535574,2.002835921152336,2.153915027543805e-24
0.75,0.09151587580760752,0.039688401877299516,2.0238924902877677,8.322779377010396e-26
0.75,0.1341971898545465,0.10246184127426974,2.0250072058437665,2.506060297519887e-24
0.75,0.027476982932030138,0.08317321741228487,2.030069279045561,2.422404327321963e-26
0.75,0.10309595460524698,0.059527818290909564,1.9726110541382753,2.2992355260902563e-25
0.75,0.05172507302181055,0.11461240665866242,1.9881109090185205,1.5126870551333167e-25
0.75,0.028013184340940352,0.1101130604990881,1.920560746638522,5.27002633956917e-26
0.75,0.11001071709771523,0.09228674834651848,2.005184192946674,7.594820039672658e-25
0.75,0.09408705338364441,0.10526884286154047,2.0279596604133303,5.970530098164003e-25
0.75,0.07952234712371668,0.08785635979250002,2.0049583796483756,2.0975847569366708e-25
0.75,0.043078830721186005,0.051741481247885045,1.9751851173739603,1.8171701324660116e-26
0.75,0.11746962639859454,0.09270554522719791,1.9584559112437776,1.0182233880270747e-24
0.75,0.0903706347598695,0.12428280294368033,2.0252545248043856,8.774116988627553e-25
0.75,0.12246121254168016,0.0457009084300142,1.9888238274105396,3.2003169869887446e-25
0.75,0.0863572044238409,0.09218133619246614,1.992216224486787,3.0796191372349927e-25
0.75,0.10757749697235791,0.07790655375865771,2.0197715418051874,4.611256256744485e-25
0.75,0.1057050824888795,0.09038028801879301,1.9959556011711461,6.11544571760394e-25
0.75,0.11147209911670863,0.09685201042283499,2.0139651708688544,9.124911439491381e-25
0.75,0.04072247149432814,0.07118120097827904,1.9357656343148377,2.898798893066009e-26
0.75,0.11054349098687959,0.05584355719245074,2.019737451446727,2.7409100966318757e-25
0.75,0.09724259222892287,0.10456951803811071,2.019759010538889,6.602890427278481e-25
0.75,0.141211459026162,0.07356399847768753,2.004643462092292,1.438926237319857e-24
0.75,0.10207324688247556,0.05591742670959973,2.033478714876926,1.9929639206847875e-25
0.75,0.06717289935582488,0.11300968013835336,2.027483016009442,2.6353074146937956e-25
0.75,0.04494394955082813,0.09281425254415086,2.016521441851812,6.315794348349239e-26
0.75,0.14412821438280674,0.09223786335192999,2.0209196975935,2.7223597287974517e-24
0.75,0.10030233003856301,0.07386875121608111,2.018686885839512,3.119309192676211e-25
0.75,0.11444080087467165,0.09941391224260686,2.036179221286685,1.0966865488551668e-24
0.75,0.0065982930184039,0.14539826380849946,1.9819075232207393,5.937274127443901e-26
0.75,0.07268829969786295,0.10930547846149294,1.9920759002070838,2.941768412182335e-25
0.75,0.05699453915914164,0.11835462385706133,2.0111560217937,2.0595461893601427e-25
0.75,0.11978698038909975,0.1290855544298657,2.0228048577469258,3.0525218040313276e-24
0.75,0.10182910792226493,0.06496826392823571,2.0330184187704763,2.562386713721564e-25
0.75,0.049567847304817926,0.05199848674492957,1.9874469167080857,2.3590824976972075e-26
0.75,0.12618384826177553,0.062333180792934734,1.962495987614646,5.953020806008344e-25
0.75,0.11185326862646378,0.08661472054308283,2.039404244106409,6.938371210156061e-25
0.75,0.020682640295175254,0.09793565809339444,1.9392303884622686,2.8077855863098673e-26
0.75,0.11176640877479962,0.10240333016763319,2.0124332507106892,1.0779022231433038e-24
0.75,0.14196878884119243,0.07348210520995618,2.058073017543782,1.4765516070727783e-24
0.75,0.05393993929819978,0.08572040952402805,1.9536890677627228,7.343732430429525e-26
0.75,0.030748029504986424,0.11149724273099877,1.9583658495065472,6.099947200121851e-26
0.75,0.0762128424965216,0.034383467018637044,2.055037018332908,3.964278719198035e-26
0.75,0.11030968186776594,0.030380915046743322,2.0160920196151104,1.293730353008226e-25
0.75,0.07136978005287964,0.02968471924985106,2.007414199175947,2.8656549183581703e-26
0.75,0.08305095669449963,0.032139081183972025,1.9824968458966232,4.826489064927892e-26
0.75,0.09433338217661505,0.11717599192570871,2.0002651157472773,8.389260441020186e-25
0.75,0.11253559360432647,0.00436315835916282,2.0184280852512435,6.505825088245346e-26
0.75,0.09695774836275386,0.058028208108082416,1.9775050178984115,1.7438629236368853e-25
0.75,0.10128902846976627,0.0735156102270009,2.0069324211836177,3.205976256164956e-25
0.75,0.07952415971760762,0.06263471827184341,2.022805218243615,1.022410692265805e-25
0.75,0.10410457585806637,0.11667236975075229,2.006771757312971,1.1994874168627119e-24
0.75,0.11490356864366398,0.08454825306587783,2.0072523114960856,7.34269022202687e-25
0.75,0.07780760853408492,0.09216524422334825,2.002392567928976,2.2175532113869188e-25
1.5,1.1076162600343231,1.6886062563661832,0.0,0.00024378823643673864
1.5,1.0076854551282377,1.784934431844498,0.024022726459810826,2.3494179128726113e-05
1.5,1.070751931012956,1.6970433916756018,0.0,0.00012056992062195987
1.5,1.0545033126601662,1.7217555001746863,0.014970859238716541,8.016729844688897e-05
1.5,1.070343293320894,1.741093990073172,0.02458096608891351,9.865525643569643e-05
1.5,1.1302999102687097,1.597931996663894,0.008196444654526534,0.0004714539062437624
1.5,0.9233071004317094,1.8427403910394071,0.019333706766221568,2.852297476563426e-06
1.5,1.039392924992158,1.7035347486889203,0.006820530659606032,6.49480093167634e-05
1.5,0.983501534608107,1.787934398747334,0.015464174493668109,1.4207316476010305e-05
1.5,0.971597290029761,1.8143406695196993,0.0,9.499970127064571e-06
1.5,0.9664371663481529,1.8732139234185254,0.002333621351032437,5.697929826654503e-06
1.5,0.9454027534453926,1.8529063952147777,0.01164756299187187,4.255991673929159e-06
1.5,1.099833707787097,1.7033466392028564,0.00266333263635309,0.00020014026882577568
1.5,1.0011883983139291,1.7302959570260674,0.0,2.7355076473636016e-05
1.5,0.975120635147427,1.824586199479778,0.012466940572779563,9.56558177188313e-06
1.5,0.967216762013996,1.8404791523522699,0.0,7.314347713801494e-06
1.5,1.1937150339463194,1.556916220123793,0.016736281382594524,0.0014541277742603997
1.5,1.1560311273618349,1.5966572322284567,0.006964101770940607,0.0007345439075983907
1.5,1.097108855661653,1.6115594050863753,0.0010488767973733458,0.0002544059867689572
1.5,1.0791227631767661,1.6573374488082306,0.001460597412872709,0.00016203477569797466
1.5,1.0129702091957768,1.807049801063966,0.010956042083671728,2.2883970225040463e-05
1.5,1.071133635968986,1.683456336875313,0.005146356058216149,0.0001278708870963625
1.5,1.1180148912716192,1.650598775036078,0.0016677502667091187,0.0003335301704412141
1.5,1.1188693557160379,1.6845539488590504,0.0,0.00030217213384182474
1.5,1.0903270102221578,1.6874869619155886,0.002571256460255314,0.00017927975551148585
1.5,1.0357716231178533,1.821030881424878,0.026167973479849213,3.2705349632021203e-05
1.5,1.049481910752916,1.737420811560433,0.007664562967652602,6.782818119867254e-05
1.5,0.9923815665308128,1.88121886127037,0.004806356525636661,9.109185330409717e-06
1.5,0.9065720023332531,1.8720263553595384,0.003048545710529796,1.6090221051053434e-06
1.5,0.8930117535376336,1.8207370287280873,0.0002063044143283243,1.7032843604536633e-06
1.5,1.0378963958934981,1.778299162238164,0.01879912227565244,4.401686564522388e-05
1.5,1.0034440354960361,1.7636247322211267,0.005100699251522895,2.4271253334066237e-05
1.5,1.1434248174754094,1.6086113143542204,0.0172878357878664,0.0005784406501610319
1.5,1.0500296403609966,1.686838249983829,0.012296438617632586,8.494367582256133e-05
1.5,1.0503014012743865,1.6750383638863828,0.006816097053762607,8.910825558238193e-05
1.5,1.1271004310055341,1.5822731908129772,0.017904218218690888,0.00045864899612443557
1.5,1.034477368899158,1.7173842618276458,0.0,5.573519827985885e-05
1.5,1.061016347329275,1.6958994196688788,0.004646654459865724,0.00010097184664241861
1.5,1.0901647825252772,1.6746275386842249,0.012871063774468134,0.00018727189704534323
1.5,1.0928114030847884,1.6521351051878423,0.004242977242241309,0.00021148374757764857
1.5,1.1694389991726126,1.5630911119251027,0.0008667648599202203,0.0009700910305004206
1.5,1.0766402606233643,1.6935902772859586,0.010721264356392883,0.00013629293734166033
1.5,1.1113828220971462,1.6589954740875967,0.006482887348164115,0.00028896629688032635
1.5,1.0235897481459302,1.7018944881219555,0.0037894013446959705,4.814064907656395e-05
1.5,1.0366326900396028,1.7145684119558053,0.018598675427183717,5.8812168740878995e-05
1.5,0.99827159235266,1.779552584491171,0.0,2.0073811520859164e-05
1.5,0.9556812341406291,1.9005837201031779,0.008784079649097372,3.687027369937218e-06
1.5,1.0204583580290716,1.82200166759248,0.0018815714173875586,2.4134480281960744e-05
1.5,1.0196531933138857,1.7562418856223099,0.004956597533545422,3.474768338799409e-05
1.5,1.0871277820546554,1.6775895386061024,0.010680159520720574,0.0001753481195900477
1.5,1.066390032902575,1.6883151856852077,0.01869624257610802,0.00011496281861928258
1.5,1.070701583879443,1.6863492457195248,0.007990213576430077,0.0001254986099130124
1.5,1.0187419231617725,1.7969440690708856,0.0029152094172621356,2.7250684029602314e-05
1.5,1.0379850904590542,1.774035940245898,0.0036676741725743863,4.514261635950764e-05
1.5,0.9986793646876817,1.8679478589105776,0.0,1.141837776656331e-05
1.5,1.0310799543003806,1.8217385163855397,0.0,2.9734062647460397e-05
1.5,1.007430877541054,1.8053352365399196,0.01137505117353092,2.0723739163028197e-05
1.5,0.8884946458983418,1.9032059495418834,0.005760453952008599,8.481639357095861e-07
1.5,1.0452998642413778,1.6891389732869055,0.004294108975041129,7.695736395514222e-05
1.5,1.053084400944458,1.7091941265616364,0.011901059188282607,8.238449195212617e-05
1.5,1.0982260898857203,1.6824805031010615,0.017702008942103158,0.00021072571695775576
1.5,1.1156087715759626,1.6234474840949775,0.0,0.00034434335877360516
1.5,1.0797764529310736,1.603014164093635,0.002660348497697384,0.0001889113036639535
1.5,1.1307415600270614,1.5900405757670564,0.016583321190640602,0.00048218851641388863
1.5,1.0413056712835524,1.8083589591001237,0.010838993977314994,3.9397797836229336e-05
1.5,1.031147648060958,1.7881041653729675,0.0,3.6551479286571886e-05
1.5,1.0035042608734832,1.7266886982572378,0.015357037425488825,2.9124953572741508e-05
1.5,0.9772186120893607,1.7781817855264923,0.0,1.3208252523461481e-05
1.5,1.021386384348897,1.789965346666612,0.028266723791526647,2.9900208329439283e-05
1.5,1.1014977251402833,1.6713368351117173,0.028452422499802447,0.00023249856850074643
1.5,1.1952191936981502,1.4622624817703687,0.001351708009483795,0.0015170878578937674
1.5,1.1267964141625257,1.6503399738242723,0.02002797997038879,0.0003894145500225777
1.5,1.0245472113754202,1.695609642179474,0.011703723511665383,5.0289575468190454e-05
1.5,0.9846570022335573,1.8395923841174233,0.013203978505588595,1.0517774687480207e-05
1.5,1.1248875952125945,1.669443825812504,0.002073351293705385,0.0003543131925724907
1.5,0.9955967742872442,1.845213256726192,0.004561674942086003,1.2623122276773536e-05
1.5,1.019123688420174,1.7191806215791745,0.013834850755824695,4.101450247329947e-05
1.5,1.0181436512254378,1.7589097080555824,0.013443037417201991,3.3273100988038534e-05
1.5,1.0191270931429781,1.7811464659993148,0.003531047486624611,3.0083011501115564e-05
1.5,1.0470356168135821,1.777085154480775,0.0,5.279083380213052e-05
1.5,1.0633018081529926,1.7007063887256089,0.005343970677571146,0.00010340413867223595
1.5,1.1031584135976171,1.6122334972258952,0.021258725631274823,0.0002832411536892076
1.5,1.1309140445826533,1.5785670067637734,0.0009180618143256544,0.0004930836491634522
1.5,0.9967540459233897,1.842910361526881,0.01904708779666371,1.312620946345088e-05
1.5,0.9872606425927306,1.7456795373319736,0.0,1.9211636187881065e-05
1.5,1.0575963493687055,1.7187471924514974,0.0016564933535387623,8.612164802376885e-05
1.5,1.0219673915911,1.7558225283745292,0.0012204478527775506,3.64368660842184e-05
1.5,1.0039188584524539,1.8445563570507881,0.007224611461532762,1.4977413814929217e-05
1.5,1.0184496910315917,1.7333059064800687,0.011874048125397073,3.796953044218715e-05
1.5,1.0016388962931457,1.861500283671434,0.009423132819354803,1.269790568370852e-05
1.5,0.9112480520037328,1.9272276541602285,0.025911498828495482,1.1462180039398888e-06
1.5,0.9971623433130891,1.7969121458406794,0.015613148473846114,1.7762840765657464e-05
1.5,1.0455731839658597,1.7298564005941255,0.018004062932626783,6.522647451584177e-05
1.5,1.1026969833438702,1.629441743524603,0.009907564780823264,0.0002694632106263442
1.5,1.0485590418832331,1.7417201355568634,0.0016703208858204737,6.528911634552198e-05
1.5,1.004873410004959,1.7949392491651792,0.015565112586103054,2.0964900819196432e-05
1.5,1.0468154090513841,1.7735448586241784,0.008391276464850324,5.3604553452915005e-05
1.5,1.0829720496844886,1.6874005090068163,0.011543995479545816,0.00015679174088558182
1.5,1.0670927406576047,1.6754198829937808,0.006128610728481341,0.00012207427355625448
1.5,1.1248683185142334,1.6100479042433118,0.0,0.00041815431802829793
1.5,1.0885232277810073,1.68463262867562,0.0014687144317522994,0.00017533868024526548
1.5,1.0699831203977157,1.6689269676639997,0.0017932088356307334,0.0001317404093508694
1.5,1.0897932730326612,1.6315563622837341,0.005391780263951512,0.00021223134617437924
1.5,0.9670236103511742,1.811740050283546,0.006792376125310138,8.78714407479671e-06
1.5,0.978155632130625,1.8066588830513761,0.016356122185902943,1.1398191824764221e-05
1.5,1.0467874435261928,1.7432364433283256,0.01105011937589578,6.266036472090894e-05
1.5,1.0977888731812195,1.6833136350582416,0.0013702886429970368,0.00020843401085122296
1.5,1.0688321995769585,1.640018402749287,0.008424879612711973,0.00014099498204799636
1.5,0.9982256270284166,1.79020339583751,0.005336088359489828,1.8874494342632963e-05
1.5,1.0712979758212433,1.677571263867424,0.002455244054491549,0.00013101614020878186
1.5,1.0271272934767215,1.7095530486107051,0.010008365782284178,4.997749105486875e-05
1.5,1.0645264568884711,1.7156847337460903,0.011797376684870138,9.940515919011579e-05
1.5,1.0712300127573193,1.7186956723405382,0.012462149590948974,0.00011117390588051496
1.5,1.1096929851490447,1.6844727412446923,0.00020204219453024905,0.00025691436735362036
1.5,1.0167242765988689,1.7699534351683543,0.0,3.052208451564083e-05
1.5,1.0944454060816036,1.699711305695782,0.0052701978399203415,0.0001842646936022176
1.5,0.9932425383858007,1.7523923287592664,0.02216304109596705,2.096565906646888e-05
1.5,1.068501421723044,1.662174029258578,0.014141851926341051,0.00013105412253291103
1.5,1.1132168332346037,1.6488587355776376,0.011384404992934012,0.0003079931300837412
1.5,1.1080672973385568,1.7020341982409508,0.006786966922457074,0.00023319917683573
1.5,1.0234896164513947,1.7564133506594655,0.009761355242800293,3.742381259514378e-05
1.5,1.023081866992637,1.7761286126707543,0.0,3.342653563444423e-05
1.5,1.0414528495394153,1.7831319260008573,0.011274712703011199,4.586706338581011e-05
1.5,0.9981304452459017,1.7664140460203113,0.007279276446541837,2.1505744196147565e-05
1.5,1.0111944604420813,1.783385320625057,0.009362057053580246,2.540825720236002e-05
1.5,1.0651006339598472,1.7487755503301234,0.01162459746428127,8.616375101182397e-05
1.5,0.9964393136848237,1.7324559422075119,0.0037359092621770404,2.4626236429054165e-05
1.5,1.0498004122913256,1.753283340378445,0.0,6.312983558663656e-05
1.5,1.0414082739627604,1.743869785487917,0.007326145709887868,5.636254617259054e-05
1.5,1.055452896368886,1.7176960228631943,0.0050617796144873176,8.308819753186164e-05
1.5,1.0399745595249021,1.775010577274964,0.022431066690890504,4.6651912266813026e-05
1.5,1.0920522282206517,1.6532809703408926,0.006899349407994135,0.00020786076083690184
1.5,1.0205030650114673,1.759087584257301,0.021808138447441224,3.4816950038847864e-05
1.5,1.1872771163185418,1.5445855996466995,0.0025166662599874576,0.0013266960324933915
1.5,1.0200159014794319,1.7401180923934265,0.004542710555809135,3.7911528257121406e-05
1.5,1.0450925621841256,1.6810366114582396,0.001830107512681283,7.898720387808464e-05
1.5,0.9864144703887936,1.8511250605267506,0.004638260010941699,1.006502173238233e-05
1.5,1.0096586734760815,1.8241462860802413,0.0,1.924099155354367e-05
1.5,1.1254461338054453,1.6687319664589315,0.0026917501846179513,0.00035865507908749934
1.5,1.0204047482615397,1.7952169535053146,0.012891366015448942,2.844326749929294e-05
1.5,1.0181831560698433,1.7548666249151403,0.004411026445686729,3.399785528447598e-05
1.5,0.9950651843023349,1.7387817230207134,0.00023315144101923065,2.3252289666495272e-05
1.5,1.113900451282769,1.7169398995158411,0.00544914702522915,0.00024302328348862795
1.5,1.0181897287470851,1.7953948413979297,0.006209610815339399,2.7205396309114674e-05
1.5,1.0785372996150047,1.7176594571942019,0.0007166794408307482,0.00012784506267642058
1.5,1.016304642585336,1.7538158279381502,0.0,3.294107142728566e-05
1.5,0.9975799720051108,1.8134431718388646,0.016320651852601196,1.6193099796084332e-05
1.5,1.0699012444244664,1.7288222310017878,0.0,0.00010365597392013789
1.5,1.1227586944610928,1.6565761983495777,0.017065113305607414,0.0003559628664305165
1.5,0.9499985345765318,1.8536232111616051,0.0041409558063459214,4.664525103980392e-06
1.5,1.0917184676485125,1.6988431509963307,0.0017577499522349856,0.00017598014054783884
1.5,1.0537165160032054,1.6709404655253335,0.0038893047038532275,9.642637941564902e-05
1.5,1.0535011376246683,1.7084201460148338,0.0029078292290437542,8.33059537774694e-05
1.5,1.0767475759257064,1.7624467324528297,0.0,9.97609973306682e-05
1.5,1.0435589256610103,1.782443022637304,0.0,4.794117127316348e-05
1.5,1.0151805991305225,1.7808378089608408,0.0,2.788584703129309e-05
1.5,1.088859448553274,1.6886285822131148,0.012887733990731697,0.0001738046717979679
1.5,1.0045306799284315,1.7820146092994689,0.0,2.2434422259423217e-05
1.5,1.012210026862184,1.806605321321906,0.0010437392677873014,2.260456816436566e-05
1.5,1.0468950909104273,1.7127220936470724,0.0011893122228894114,7.216202870932378e-05
1.5,1.0738897658228945,1.736282324264532,0.014974827315719225,0.00010781486377878982
1.5,1.1215010589585053,1.6361383947741996,0.0006655810558661383,0.0003696549631515863
1.5,1.048968868758123,1.7343533164056861,0.012275670681033569,6.814880771297574e-05
1.5,1.0679651901534344,1.6612849054146241,0.017770299253613942,0.0001301247340541621
1.5,1.1566031580685034,1.6260873942615184,0.010168582574282884,0.0006946081810035553
1.5,1.0380833921870591,1.761650958558021,0.018543312246494137,4.833049427829081e-05
1.5,1.0041003814460747,1.7243830125960264,0.0,2.9781062120650473e-05
1.5,1.011058247416701,1.7492303124339212,0.02114609569085208,3.0395518250694447e-05
1.5,1.0097495846089186,1.8407924989617586,0.002134525995677057,1.725594001081656e-05
1.5,1.1409999952327043,1.5986036816280367,0.008201303558343646,0.0005664980372440762
1.5,1.1083691114648837,1.6410548602990707,0.005624020188925495,0.000289018126594321
1.5,1.1565601820910525,1.6013719730017406,0.0068837503537225835,0.0007342433583276845
1.5,0.9995615865081923,1.829915964864154,0.005304029362767843,1.5154460746683137e-05
1.5,1.0041171543471368,1.7974106996076853,0.010339452030352785,2.0351464866231364e-05
1.5,0.9829432519864183,1.7968921728310971,0.023864066296990796,1.3329993522825729e-05
1.5,1.06548061708572,1.7469228784527084,0.0,8.757860285900391e-05
1.5,1.1029949204162575,1.688406077246653,0.0070655192958505595,0.00022460895907622745
1.5,0.9721551874532891,1.8478441719121186,0.006430704986491535,7.697574597016024e-06
1.5,1.1633585300628164,1.5840071619642997,0.013204073501790902,0.0008500107811967459
1.5,1.0550631864318147,1.6402657289144709,0.004799743028750448,0.00010882161636589845
1.5,0.9671696305625822,1.8460952193992548,0.005614431916213495,7.030837483932385e-06
1.5,1.0201230496063887,1.8908455669752027,0.0,1.467755720771607e-05
1.5,0.8924020218654974,1.8967303843886338,0.0029277466442284845,9.741672917120627e-07
1.5,0.9915092672432543,1.9120393581593866,0.01377200927349542,7.0091094334907575e-06
1.5,0.9599882294068472,1.8144992046204136,0.015663328512858312,7.464573015565613e-06
1.5,1.0621353722599562,1.7608459790339146,0.0,7.664648224469711e-05
1.5,1.0204328774606275,1.7786904710929412,0.009832566543900047,3.1290335990781537e-05
1.5,0.9833564657175776,1.7731894636938603,0.014076363743068344,1.5387338089541616e-05
1.5,0.9718100778918793,1.8613868317281377,0.0020354446948827047,6.943187598791625e-06
1.5,0.9991909331786623,1.8034410989584917,0.0025264230730235593,1.7788597644619618e-05
1.5,0.9243913747624485,1.9121661296348356,0.015422983816636354,1.7286871142869643e-06
1.5,1.0212142589629982,1.7497968133461,0.008891587964301327,3.701454005139627e-05
1.5,0.9487275748273841,1.8190827422379852,0.0070430050411085755,5.729541297557805e-06
1.5,0.9146903318844919,1.8313155992810075,0.0,2.557012379325989e-06
1.5,1.0812179468855758,1.7449442262305366,0.010891362686067847,0.00011838348253197048
1.5,1.055971082219846,1.7475237447029588,0.009758370158469774,7.30339601125826e-05
1.5,1.1039056989401066,1.6404693766049767,0.0005125057355932118,0.00026729265289572135
1.5,1.0519000870281925,1.7156358021289153,0.007312268492903924,7.838151461591932e-05
1.5,0.9971301464191933,1.834358613493353,0.004508465172190995,1.4014244849590794e-05
1.5,0.9989440415146462,1.795314332469295,0.0,1.85835111113447e-05
1.5,1.079818554055985,1.6817905741589299,0.0,0.00015106247528225792
1.5,1.079818554055985,1.6817905741589299,0.0,0.00015106247528225792
1.5,1.0352507362244465,1.76755284114778,0.011477251465890584,4.435626273272516e-05
1.5,1.0596784175914713,1.6496091343772674,0.005097314018666366,0.00011554208589563267
1.5,1.107517634750332,1.608224952061494,0.0,0.00030893670961331873
1.5,1.0481129764836055,1.6938369012250727,0.007535278879100166,7.974978612234444e-05
1.5,0.9102928144079657,1.9001128700414334,0.0,1.4049334946928791e-06
1.5,0.9616220014959137,1.824960372967022,0.01099466413666263,7.222704304619201e-06
1.5,1.0745646304282117,1.732403890153891,0.0,0.00011117312198507875
1.5,1.0514810393793634,1.6861094273682482,0.0023054088773612905,8.755447594273667e-05
1.5,1.1070620937384525,1.6420998664957682,0.003841309723383925,0.0002815206474917429
1.5,1.035698100805087,1.7651144818318618,0.013483052152692321,4.532560684437129e-05
1.5,0.9954728602108509,1.7636119055918593,0.0054402149157879425,2.0694137436638464e-05
1.5,1.014465534582141,1.768033837953833,0.02272380678060361,2.9497554152299666e-05
1.5,1.0847062691746323,1.691728825806157,0.007896692878857919,0.00015921969763697864
1.5,0.9878215363727558,1.8200099516512678,0.005626161951418334,1.2761010200456885e-05
1.5,1.104832265938532,1.6428568004518973,9.759917750267431e-05,0.0002699339184504656
1.5,1.058035740703917,1.7474667128660037,0.003563489802552028,7.595538741899137e-05
1.5,1.0505971318335263,1.806986677736185,0.027864773367456016,4.7438981918757446e-05
1.5,0.9972719273961455,1.7207041021498253,0.004521366719601124,2.6410764546740837e-05
1.5,0.9870239144928054,1.7942842920770739,0.0,1.4706250599175239e-05
1.5,1.0894834554630728,1.693396883098736,0.006190291029794534,0.0001726183753936588
1.5,1.0506638796532408,1.785527166433577,0.0002659617435666877,5.393945621129419e-05
1.5,1.0584060916336058,1.7566827439920067,0.0005957560760577263,7.301459587128296e-05
1.5,1.1287198475590001,1.6325447338717678,0.012657350772692425,0.00042349362159793013
1.5,1.1005623074983562,1.7306510821698136,0.01675167510681736,0.00018012115611168032
1.5,0.9833516184107873,1.8201196972680551,0.011841079066435143,1.1646492180605855e-05
1.5,1.0118274662411229,1.7934872153727308,0.0,2.4271760065944284e-05
1.5,1.0127715243398001,1.7950321376033536,0.007673146084383096,2.450483155005036e-05
1.5,0.960832298936887,1.829477158044658,0.009077372629919221,6.898220445597443e-06
1.5,1.0589690329652535,1.751233434889701,0.0026534754812199872,7.586347632282456e-05
1.5,1.0351520262928966,1.7919420223214906,0.010430175822392421,3.862473947941405e-05
1.5,1.045492192523736,1.825601463862106,0.012370465144964374,3.826347860158106e-05
1.5,0.9629840942063423,1.8408656971421498,0.017130997986540393,6.683196789599072e-06
1.5,1.007731725759272,1.7685401513902261,0.0031399730157258623,2.5749343927222436e-05
1.5,1.1065902373453294,1.6446290211012116,0.0,0.00027714060604487465
1.5,1.130333595867178,1.6897813075452544,0.009665699078219249,0.0003621811736252162
1.5,1.0315793280637804,1.771003650423551,0.0,4.055644851578784e-05
1.5,1.0217100991846968,1.7518870987146276,0.015235669032687986,3.698558168851257e-05
1.5,1.0249839293469065,1.7351671476935366,0.010405467340296036,4.2773181430656704e-05
1.5,1.136153181756306,1.6859680003806126,0.003735060176752991,0.00040640749251913785
1.5,1.0764439398465002,1.6245897015189232,0.0032294353169926146,0.00016913998036316932
1.5,0.9776905340558985,1.789983521176962,0.0008040619670962711,1.2471420802267219e-05
1.5,1.052400302731811,1.7692583774968549,0.013341155115218219,6.1011230684808884e-05
1.5,1.0020724770244032,1.8221140217963225,0.0036493892268274087,1.6765827147597207e-05
1.5,1.010073269778634,1.778878590753328,0.0,2.5488530383355667e-05
1.5,1.0698792593770072,1.7657266538253151,0.0018091099767173777,8.632835360023021e-05
1.5,1.0730420844974766,1.7638812815861025,0.009633659885906917,9.244995574309246e-05
1.5,1.0318399409011207,1.68130630625857,0.0015763521643387493,6.115745638823258e-05
1.5,1.0947705721060002,1.6765530630551584,0.0038109980191761914,0.0002022283583917452
1.5,1.0904175043504367,1.6896660197781936,0.006015574855564988,0.0001781053810455762
1.5,1.1723541269156976,1.501560256579282,0.002193071525303245,0.0010594543618711347
1.5,1.1511674796567533,1.5373170155833509,0.010318167382337658,0.0007324671441782781
1.5,1.0325082034430617,1.7704751635716778,0.0,4.14106731360286e-05
1.5,1.061724535332718,1.7196381528243732,0.0010185456525933414,9.271153516221448e-05
1.5,1.0828993825652935,1.702643768860222,0.0123987831837671,0.00014754454975200718
1.5,1.0518386195897644,1.692274506897813,0.016945843669496728,8.611776025682711e-05
1.5,1.0911684997663211,1.6359893422040375,0.004174333608871393,0.00021504183441270022
1.5,1.0641667737886153,1.6536763412241526,0.006379590898059492,0.00012415218439843975
1.5,1.05220260470632,1.7426925777137128,0.00845826014800794,6.963829697714321e-05
1.5,1.1141635614915344,1.659743486972337,0.006337405353004892,0.0003028594340282771
1.5,1.1763721831152512,1.6062100469773815,0.030404288272360497,0.0010113860640818021
1.5,0.9915493488417713,1.7810065339432972,0.016551952663643895,1.739419758641954e-05
1.5,0.08555037004040107,0.08893390179064893,1.9954793186406938,2.7247539573801493e-25
1.5,0.0454332342962725,0.08410506744375729,2.011906082785894,5.034505966650708e-26
1.5,0.08390005422704043,0.11326708790495083,1.9868388773362862,5.052866005078845e-25
1.5,0.022074615503908754,0.07575392889331165,2.0121147120220075,1.584954088837679e-26
1.5,0.062724596400453,0.059977281237856415,2.010376278977802,4.954014303947559e-26
1.5,0.08063826788924897,0.09280879923703408,1.9965951437281582,2.517489016880285e-25
1.5,0.09384458873430451,0.10192558739159052,1.995008741155415,5.3882581744930065e-25
1.5,0.12609583921421982,0.0018247845965504179,2.0163874992142694,1.0041782308252023e-25
1.5,0.08708848157911217,0.10162678847473271,1.989337244917296,4.128219353233389e-25
1.5,0.1055976217001918,0.10035724394040933,2.0040102456632494,8.060899653823132e-25
1.5,0.08764272717525412,0.14313379087478378,2.025147013375816,1.3232353334241374e-24
1.5,0.10458144496559925,0.0714751440928487,2.00606181859155,3.4269809967422494e-25
1.5,0.07707311632973007,0.12064091148495347,1.9643231320031178,4.767558718081262e-25
1.5,0.08062239309676641,0.0540194935263845,1.9980054018249183,8.318751537730439e-26
1.5,0.11400533790475753,0.14703981690237766,1.9880560211879137,4.003908491271873e-24
1.5,0.09971863157771554,0.07695922461960411,2.014797181711313,3.3317045475515926e-25
1.5,0.07918257238236273,0.12488094260225363,2.0190412290398077,5.810735775055644e-25
1.5,0.0694840233121669,0.06536879133452253,2.000178231907705,7.512933534426114e-26
1.5,0.093416252956976,0.12163207288077453,2.0160425659917474,9.161684460573215e-25
1.5,0.08061290884559288,0.07746347682865166,1.9908663742519639,1.6291488009021893e-25
1.5,0.10219880150665878,0.08100136196445185,2.0120073616583025,4.10646305463456e-25
1.5,0.11537625152773322,0.10157742456601994,1.99850524233946,1.2069765383822696e-24
1.5,0.11028090283976028,0.12206071014462291,1.9885662025232254,1.7585554497778303e-24
1.5,0.09405248047397471,0.07888810271598815,1.982110374152786,2.8368026967133265e-25
1.5,0.09618977215419858,0.07758688218806466,1.991179094439634,2.9656692127492567e-25
1.5,0.1003734753361973,0.09383721280780702,2.0232470737189323,5.50622985401635e-25
1.5,0.11930799710812666,0.06186248232629703,2.0042475935468067,4.536736994775479e-25
1.5,0.10368726891560641,0.08009944961860663,2.0085300026119848,4.235205513806587e-25
1.5,0.056057641442818516,0.09513027831502079,1.9653933166482414,1.0396863091629922e-25
1.5,0.034932232142029236,0.09785701056931273,1.9857686327209674,4.914792165788498e-26
1.5,0.027183336367460217,0.049448924738217055,1.9835543862582423,9.104396314502743e-27
1.5,0.07735609739665747,0.12404145496337847,1.9983018848768905,5.293143935586938e-25
1.5,0.032433681953826204,0.11260098856395384,2.0184622238829517,6.72128992614817e-26
1.5,0.1336431568530878,0.08347089386701063,1.9987603223141384,1.4385224163421662e-24
1.5,0.034477202835956795,0.09057015299437325,1.9827277577524272,3.933339536295294e-26
1.5,0.09883815555436763,0.10945384544118171,1.9970403099196374,8.038782629688925e-25
1.5,0.05365357039113367,0.056233902219758033,2.000581812875189,3.126651821249421e-26
1.5,0.058550108071224606,0.0907426922916515,1.986742073840296,1.0123647216798729e-25
1.5,0.07067026513733862,0.0773257465972675,1.9793937484741944,1.1068019753276627e-25
1.5,0.05028029151703334,0.1007173919210554,2.000384447454452,9.710665607878325e-26
1.5,0.09369537368893165,0.12290277129980878,2.0193532911227545,9.589668000604003e-25
1.5,0.07781832875853535,0.046281983484044144,2.026131444105125,5.968095888307536e-26
1.5,0.10958501077306021,0.08851914349108823,1.9819872317994298,6.720462166862642e-25
1.5,0.05988218596567035,0.14329549007297127,1.9944546595925903,4.5611953573997e-25
1.5,0.06293976607226502,0.05447872919461294,2.022136693282515,4.2625666365483744e-26
1.5,0.09743160788075775,0.05333062912994943,1.9983832658215013,1.5502865298328046e-25
1.5,0.135333337471961,0.11456715282107793,2.0055974500116798,3.661902671731939e-24
1.5,0.1300672525743199,0.06642945630936975,2.0188486204041705,7.743838450638358e-25
1.5,0.11519870880689789,0.08346426993298987,1.9912521311449372,7.200377869029444e-25
1.5,0.07238944946723341,0.11315495627174557,2.0056619577682158,3.2362369721100894e-25
1.5,0.053493994718019425,0.1020850098906234,2.005398793710454,1.1435161333634596e-25
1.5,0.12510940432470613,0.11613268835513633,1.9822748623982667,2.6091054208466006e-24
1.5,0.07930462446631344,0.09527563539605186,2.0049128081208423,2.5636054941048743e-25
1.5,0.10978120578477771,0.11651660749599699,1.9958627863432388,1.4806902415324457e-24
1.5,0.04412031404007655,0.0442872945010911,2.0083233151788744,1.5243439927606906e-26
1.5,0.08710864183511116,0.141894985225401,2.0263817012616583,1.2535962728260457e-24
1.5,0.08773333606141256,0.062171096146126315,2.012965511840733,1.3819144455451875e-25
1.5,0.06786260275185099,0.10496712162391861,2.0040956233370646,2.1638970564585202e-25
1.5,0.10268720884973918,0.08023616507228296,2.0136951368697513,4.0933986081518305e-25
1.5,0.10036155199832134,0.09791846257929876,1.9980776973327568,6.172096798259496e-25
1.5,0.06470042081127024,0.07828162430249892,2.0000436433868596,9.029855885746595e-26
1.5,0.08555179481823376,0.11070989190162456,2.0147774016107567,5.014019942112687e-25
1.5,0.015747576108143084,0.13163478597643,1.980378022228042,5.87321398430408e-26
1.5,0.11648830090843329,0.06311548966800051,1.9842168688155706,4.229539654374506e-25
1.5,0.09127780895324068,0.09951024831853426,1.9870120000151223,4.566321024608708e-25
1.5,0.08971485834759635,0.10154206003350465,2.0056346718062934,4.553462816692628e-25
1.5,0.09595411972295907,0.12676910921857795,1.9644652248949426,1.1624202987267929e-24
1.5,0.09274287494096432,0.09671720049648878,2.0035287886881474,4.4651542497237185e-25
1.5,0.1106455046221451,0.07254181286125179,2.0137340790111637,4.444442647706712e-25
1.5,0.10242745143706608,0.09338944514377608,1.988343021219782,5.878367127413976e-25
1.5,0.08477991544601726,0.07601730484355618,1.9978296407858398,1.834332107268812e-25
1.5,0.09526299403175788,0.10528955409160956,2.0012384231902525,6.247768915778713e-25
1.5,0.1516493588411526,0.07512611730603098,1.9926607938065148,2.2152948046701906e-24
1.5,0.10995672235260454,0.15064919134236815,1.989313920590955,3.78834886996253e-24
1.5,0.06169339622993361,0.1405685572035903,2.014853177514213,4.543801270735977e-25
1.5,0.10350694750433954,0.10777480480295051,1.9873290810138622,9.160111964348066e-25
1.5,0.06068211971912619,0.06123528230288183,2.0000299184783525,4.7456807148574184e-26
1.5,0.08803630724679441,0.08363371643394782,2.0334298186423307,2.579617697162e-25
1.5,0.09303592132099456,0.10761256969932617,1.9861584376058221,6.123169107603334e-25
1.5,0.06335485219746331,0.11036815912785446,2.024352666801314,2.1125938559682597e-25
1.5,0.11752555977965726,0.08041918248486774,2.0101092713137665,7.209720388327053e-25
1.5,0.059851122295700554,0.09637641649331785,2.0140825965617566,1.2476465373032219e-25
1.5,0.08140437709992261,0.11826380662973993,1.9938046369752767,5.272932197544777e-25
1.5,0.07984437580469927,0.14961694597602662,1.9520986865240946,1.1696705109983434e-24
1.5,0.08525660645110383,0.0972331223880475,1.9899043049745397,3.402993768054642e-25
1.5,0.10276463352746949,0.024796047380932495,2.0045042661441173,8.247623033442831e-26
1.5,0.06279205531633858,0.06252377371159185,2.0082467462012064,5.34460262722201e-26
1.5,0.11235266802231791,0.10142300902471144,2.012980091266812,1.0722312265280089e-24
1.5,0.04839091385822626,0.1176575410901347,2.0205964912728858,1.4450448175516827e-25
1.5,0.08627787418523011,0.046648491914288465,2.0184790662590983,8.344332859367369e-26
1.5,0.1029647103106298,0.08575522572828206,1.9967969075364254,4.8371011533368695e-25
1.5,0.09801482873885982,0.10876947023229795,2.00882978580426,7.644049777303165e-25
1.5,0.08546365728031836,0.05267244868943237,2.026185528482961,9.632549478003112e-26
1.5,0.041048924909659314,0.11041458635045787,1.9999617945479755,8.871492567566717e-26
1.5,0.06079884878265523,0.06977397192896144,1.9932668142118835,6.090538218872049e-26
1.5,0.10151086735078763,0.1431647914023894,2.003671863127257,2.2465922916117875e-24
1.5,0.06544214097022723,0.09822784174755875,1.998198096742037,1.6320459128100699e-25
1.5,0.103347822771447,0.11006187004075027,1.9979469823825593,9.703168288386908e-25
1.5,0.12483382797425782,0.08451819436863228,1.9942051252162778,1.0657439330891703e-24
1.5,0.05740357374350783,0.08562641033112987,2.003220489757172,8.38024502454341e-26
1.5,0.1371801967217683,0.036994349590812214,1.9970075383024208,4.3050803355962e-25
1.5,0.05584232166253916,0.10347614054536915,2.0137545969996284,1.302580949712462e-25
1.5,0.05307335272151985,0.040347485411509544,2.0239371122071903,1.9273077590306553e-26
1.5,0.06144077203848717,0.07497702283568228,2.0014469024070682,7.244110256070034e-26
1.5,0.07241766392637977,0.08053631923220679,1.9750803002660444,1.2970848082822777e-25
1.5,0.06652196949294575,0.11404382167691911,2.009985772226956,2.644571631149741e-25
1.5,0.10638053114815714,0.06965356962907268,2.004724681138351,3.482572650177342e-25
1.5,0.08715628192311957,0.14590486064150732,1.99707449576823,1.4001716967711599e-24
1.5,0.098107693939232,0.0896013677041333,1.9871250849989857,4.48366533251077e-25
1.5,0.06002414282091016,0.02135637091543647,1.9823783829070531,1.4452456905073936e-26
1.5,0.06713501958650858,0.09448108002666805,1.9907784859544768,1.5685045597679832e-25
1.5,0.07859957885380858,0.10992781766315517,1.9835172096401978,3.757766706787475e-25
1.5,0.08162524373371134,0.060594003840420095,2.012210697481289,1.0451015442763026e-25
1.5,0.07097601484875816,0.06355668304292891,1.9954885623035101,7.554799348863333e-26
1.5,0.11721693984452339,0.13302435413375246,2.018711638742028,3.0866845442857656e-24
1.5,0.09842276051033723,0.08052819283811984,2.000622183529351,3.5101726844821e-25
1.5,0.08851593965422648,0.062498684843506506,2.010330631300999,1.4373683178579896e-25
1.5,0.1116815608028968,0.07062440732430886,1.9824100254306682,4.375479865613064e-25
1.5,0.03289274416963145,0.12951415797111426,1.976509249802451,1.0911185180348359e-25
1.5,0.12988193739342735,0.08110261699720725,1.9985758098964443,1.1687428875245615e-24
1.5,0.08811635847345746,0.08275038492566479,1.978442303983382,2.523563583920274e-25
1.5,0.1564020491825688,0.09001338179375636,1.9861938062105196,4.026451850654083e-24
1.5,0.06384663728829301,0.0418701513945286,2.0138465018734033,3.061446217781371e-26
1.5,0.10033924978582995,0.07827550628092234,2.0041657081567537,3.541365210204024e-25
1.5,0.0012515240697947168,0.03691862751847583,2.010307886230067,2.256402623288026e-27
1.5,0.0673969091633154,0.14815815757876885,1.997354285991941,6.960954380131004e-25
1.5,0.1190424801167923,0.06377304268873829,1.9586483004431778,4.745214705012335e-25
1.5,0.08854865352454258,0.035968714685996335,2.014639620492092,6.665026133545448e-26
1.5,0.07578779459267006,0.06382613085840455,1.9805954463280053,9.164455597909088e-26
1.5,0.09005519567675066,0.03118712052458404,2.0212146317189914,6.136215064665189e-26
1.5,0.11536670522445347,0.12158613831653792,1.9777552252228334,2.1030063858955074e-24
1.5,0.16420944502952736,0.07008286649167944,2.003310827203998,3.046954379618633e-24
1.5,0.1443706572846208,0.05795672001197503,2.005739627959337,1.0341206404273136e-24
1.5,0.12559519952592946,0.13229754597260732,2.0109384459655435,4.145438793616166e-24
1.5,0.07929758991885158,0.10289359808680831,2.0271583096288235,3.1727123763557773e-25
1.5,0.08763980538362866,0.042430590423945265,1.9994137080997563,7.774984317291498e-26
1.5,0.06850027793475635,0.07266488174987203,1.9780000897198728,8.912415071610835e-26
1.5,0.07856738014069672,0.08919581098211457,1.9859500268163004,2.0999417384581168e-25
1.5,0.10169902471778683,0.055285068232170866,1.9894316823246205,1.9292842062767663e-25
1.5,0.05928590257741494,0.11122050783622639,1.9958660822479624,1.8474946295407982e-25
1.5,0.10679559457235217,0.08328461148536744,1.9757884530524026,5.215177879122953e-25
1.5,0.07496977119246115,0.07009522564133078,1.9955097899113519,1.0628318147377905e-25
1.5,0.0501062789220365,0.10959608753468322,1.9950771939087455,1.2355814782570812e-25
1.5,0.08143803771943234,0.11274700481497031,1.9797859401310791,4.531797080111668e-25
1.5,0.06837300363615148,0.06880971572642865,1.9955003563088929,7.943290332975327e-26
1.5,0.06363006660376883,0.0870046891931082,1.9675758397520944,1.1093615299813142e-25
1.5,0.13830013190859297,0.1505278394218852,1.9722912893750109,1.0935639360355897e-23
1.5,0.08347683255342983,0.09697031418707988,2.0000301443836785,3.1553323101152228e-25
1.5,0.11562128263983625,0.12402793514817025,1.9852128002020968,2.270998255437176e-24
1.5,0.03398237859377132,0.10445651462221842,2.0007406159047996,5.694742297651773e-26
1.5,0.07222044309621659,0.10374382059344235,2.0111469438693432,2.474340607667282e-25
1.5,0.061355236183812466,0.0642070803972231,1.9852910853568728,5.305606731709914e-26
1.5,0.10666391917077944,0.035473517885726565,1.9962906698049094,1.3086996452562749e-25
1.5,0.09492977521194834,0.09673850179708256,2.017293070509908,4.85628327800606e-25
1.5,0.1031693111970417,0.05858038985046455,1.9815501994327267,2.2435418042738764e-25
1.5,0.03036577004165036,0.09966168500951034,1.9887091638493701,4.319538013875777e-26
1.5,0.06505908996684642,0.05219915735379689,2.0030624843527027,4.3317705653201554e-26
1.5,0.06148249334126608,0.07541027084001986,1.9844915388009317,7.345972599050308e-26
1.5,0.0721112172175239,0.07945474929959953,1.9759697197650834,1.2430743729819696e-25
1.5,0.049417532663524465,0.056959165483182715,2.004372421119376,2.706954759853247e-26
1.5,0.1191929545949818,0.0974045864437598,2.0014447652813954,1.2398022239922569e-24
1.5,0.09794580029699544,0.07230105556518446,1.9996050114899928,2.727220010980738e-25
1.5,0.10218931168780752,0.05912182452086798,1.997120066011816,2.1956410904167957e-25
1.5,0.08390395474626326,0.10522017821450777,2.000193842476196,4.040139681004119e-25
1.5,0.1368759026927003,0.1175837549024934,1.9915057528499205,4.216399079525839e-24
1.5,0.1110881244174371,0.05346499585814639,1.9897134619381212,2.611987447259344e-25
1.5,0.1344751617870841,0.0801637613730524,1.9936594300515498,1.3510250042726839e-24
1.5,0.06031366172344846,0.07919952979469132,2.011152849788403,7.81966525614911e-26
1.5,0.048811281078355036,0.055988923271753366,1.9996910904007357,2.5706488869575349e-26
1.5,0.12043566650395274,0.09947976208462853,1.9911482476050708,1.3769240006490862e-24
1.5,0.10958543636007148,0.0916855757415007,1.9899989200549546,7.348233358060608e-25
1.5,0.052924812541935144,0.0837138380208605,2.0051484686518126,6.669398230620063e-26
1.5,0.12610586969976148,0.08943371115751826,2.028180445535427,1.2843818652971574e-24
1.5,0.12394398348058212,0.08043767469514831,2.0268837020357413,9.181527631194851e-25
1.5,0.07179664635717843,0.09107987950230673,2.0046584922067856,1.7064011044669944e-25
1.5,0.07854719733689665,0.12678694771597032,1.9823625293102476,5.97555945816523e-25
1.5,0.09374522708876798,0.09898851147150692,1.9899333387901927,4.944237823683838e-25
1.5,0.02777285732589971,0.07127471542343071,1.999037441393491,1.746919597581285e-26
1.5,0.05869489989390223,0.10950203328077582,1.9920151490573943,1.721380273102264e-25
1.5,0.03802122068263435,0.06260063303035458,2.0175602331177926,2.0389515125221886e-26
1.5,0.0927589831256862,0.0915735148273795,2.016456313028382,3.866279669713697e-25
1.5,0.08822665267487373,0.1007875072883902,1.9964823254345052,4.211833282019629e-25
1.5,0.11321226791998677,0.10380780883488167,1.9892228997705816,1.1839264633503032e-24
1.5,0.06060982015710738,0.11660386695812427,2.0171896442769595,2.2579018993945588e-25
1.5,0.0885097789261305,0.08499938594723887,1.990018470603089,2.730299457420211e-25
1.5,0.1156932900256569,0.07076513096517875,1.975281990875592,5.110955860939582e-25
1.5,0.06065029322234635,0.07663795363766113,2.0186900652260387,7.365776060716118e-26
1.5,0.04581348099232477,0.14575252197842986,1.9941149109611347,2.818811935921652e-25
1.5,0.08708668704936443,0.1354176747890902,1.9687584913524752,1.0500308875375698e-24
1.5,0.08720552707091675,0.1233196353466127,2.0368843446442177,7.570901159935277e-25
1.5,0.13512027900867435,0.14034569647750605,2.0220745686761457,7.371935152710534e-24
1.5,0.10022948270666146,0.012177796742244527,2.0086721981022846,5.154051729810339e-26
1.5,0.048920215228695066,0.045642506598458345,1.990506871086105,1.9127308135894158e-26
1.5,0.07778571868131934,0.08766808098711157,2.0110416312311865,1.9517675485591832e-25
1.5,0.121764952933984,0.0987754866172698,1.9934643654181479,1.4191696435890323e-24
1.5,0.121752598390853,0.09850403649953877,2.0109695808000665,1.4077600979797395e-24
1.5,0.055453360047686986,0.07691667876425023,1.9923936289869604,6.067427299253402e-26
1.5,0.09029741663566235,0.09961365322663904,2.021140269744623,4.411296130743145e-25
1.5,0.051086187185577545,0.11783013065549497,2.02042209845906,1.6129121756402885e-25
1.5,0.05491028901503308,0.11201051246502643,1.992386633929012,1.5931916192387738e-25
1.5,0.10364707343900062,0.080985226418086,2.005653023577775,4.336440401751274e-25
2.25,0.663154049593801,2.13583132467462,0.0016211161542094756,3.0388077299396214e-10
2.25,0.7566762003262326,2.129293789955546,0.019526461681365233,3.6862820951417073e-09
2.25,0.6784351436108679,2.185042460978635,0.004495424937559745,2.3813855926702767e-10
2.25,0.660790997622977,2.0813652619664014,0.019001877121267996,5.535532299370488e-10
2.25,0.7465152044896175,2.117975781658071,0.011256453670104884,3.2939381138147737e-09
2.25,0.693527895730225,2.1637358036220395,0.002502308739179296,4.71951088180482e-10
2.25,0.7252895390551162,2.0568680390795753,0.0030289963159450426,3.948667242592587e-09
2.25,0.7156416002954511,2.102609866270363,0.016696837721514923,1.8150524017111937e-09
2.25,0.6710624879507725,2.166363040514934,0.009272213265089481,2.521123922235184e-10
2.25,0.6969041814503354,2.1019716305822422,0.018866361489761743,1.1263476991395215e-09
2.25,0.6802561344312613,2.1159465967614217,0.014660158768230456,6.139296274135793e-10
2.25,0.6997470714908502,2.15089813929077,0.0009594797571260343,6.570502224448677e-10
2.25,0.6440789593013224,2.169054476450592,7.013630213670656e-05,1.1785599587342377e-10
2.25,0.6373636349478436,2.141039634554357,0.019694170120641362,1.4173007262649075e-10
2.25,0.6445905231757253,2.098331173962394,0.007273734810462763,2.928529716782539e-10
2.25,0.6526410779750286,2.1386018689142943,0.005749104757325049,2.212154245636182e-10
2.25,0.6926699315873062,2.078886996356245,0.001484075969889955,1.3245134887150773e-09
2.25,0.7099719345402276,2.1176435048681426,0.008446190095771397,1.3056575050107233e-09
2.25,0.687096821437261,2.176201565737606,0.005293747199895662,3.3744008818548716e-10
2.25,0.6729124511822736,2.09330022499096,0.00980821250644176,6.647133691573816e-10
2.25,0.608999522161907,2.163275338301159,0.006694934925038072,4.856271612096592e-11
2.25,0.6794208728669958,2.0855758977438024,0.0030703888182576156,8.650069015324486e-10
2.25,0.7531055310959361,2.0396048427063693,0.0029115036353485305,9.622208463966074e-09
2.25,0.7160837966533374,2.0793330505536733,0.000626211378630616,2.4171516193603543e-09
2.25,0.7159873920117595,2.060254489658597,0.017399795918250093,2.996758277896701e-09
2.25,0.6878520188172855,2.094593149238124,0.0,9.70962395072522e-10
2.25,0.6653628545435173,2.174849283056261,0.0038778395200567304,1.9329982235283615e-10
2.25,0.6612046565093561,2.107848906809041,0.013564956219477193,4.084985902757632e-10
2.25,0.7234695976325948,2.175683198709531,0.0,8.7152502905692e-10
2.25,0.7027601287991178,2.1736316686177557,0.0,5.257953307340344e-10
2.25,0.67070414584984,2.1186608795674973,0.00604408673453322,4.609702919282503e-10
2.25,0.6892815846009225,2.1441981677422617,0.01860535841966557,5.452697781897384e-10
2.25,0.6753307974664144,2.1753090515076443,0.004883684007831258,2.5041336290532915e-10
2.25,0.6615834053343757,2.1886786026968457,0.007643769592990776,1.446980458980164e-10
2.25,0.6865646582893802,2.183398800435825,0.0030209283991023896,3.0173765355832116e-10
2.25,0.6275437331166787,2.180867704266439,0.0,6.399793157680743e-11
2.25,0.6547068630477175,2.147214073851632,0.016461493082294068,2.0935351841549438e-10
2.25,0.7154098193399008,2.0750030630422494,0.0,2.49742771800811e-09
2.25,0.6627600289296819,2.154800269820442,0.003153870617209009,2.353984899730896e-10
2.25,0.6880762624008907,2.1108581829098103,0.0027220534894272404,8.027994942100269e-10
2.25,0.7143154631352178,2.1142909589781076,0.0,1.5217861304260937e-09
2.25,0.7187184649742128,2.1641760110666324,0.002041110283932914,9.004545210072599e-10
2.25,0.6421854243548806,2.136195474229017,0.0018067912886119445,1.719098279589109e-10
2.25,0.7003505232315395,2.1045620128294025,0.0005393341323885249,1.1941396151401439e-09
2.25,0.6085905180309068,2.1699280062227677,0.0011122761643321318,4.393812154455846e-11
2.25,0.6561064345810452,2.1263584625173912,0.0,2.8351718213583516e-10
2.25,0.6991048647785986,2.123309648946376,0.011301093973579535,9.18360856091086e-10
2.25,0.7007672079824542,2.1015626858776724,0.003934139598258146,1.251609981791561e-09
2.25,0.7276589235213217,2.0655176029536815,0.0,3.806256253736092e-09
2.25,0.7003661587994102,2.134416402446369,0.029615136844905646,8.252597514817336e-10
2.25,0.7193725807471743,2.2080744724350363,0.010119635570337005,5.013280420505207e-10
2.25,0.7249131726757383,2.0879108336002616,0.0038982916420759756,2.741239477437081e-09
2.25,0.677651073089713,2.120438825740068,0.00717857589718476,5.421327545615831e-10
2.25,0.644581628990751,2.0952288716363583,0.013014986279262755,3.0382668233931425e-10
2.25,0.6716692267091305,2.139915122211453,0.016673793673370435,3.6194093910243774e-10
2.25,0.6030559030940607,2.137577767618775,0.011256070877866915,5.7480106815000425e-11
2.25,0.6503784620215948,2.177688216581665,0.014468348905720739,1.2441527588136587e-10
2.25,0.6878382172099442,2.1431295679904405,0.006861164487074473,5.322851071816517e-10
2.25,0.6854040073481286,2.13814586637037,0.0,5.322394112765802e-10
2.25,0.712246851178864,2.108222742646702,0.009944076811446689,1.5540043749616665e-09
2.25,0.7128596503869904,2.142195082533756,0.0007129089979208689,1.0323293983949138e-09
2.25,0.7045096557186756,2.1314053668025927,0.00793995551999015,9.546467935617768e-10
2.25,0.708819864255171,2.1571780956587965,0.02571157949852995,7.656530979102054e-10
2.25,0.6263870790172708,2.1243345139781917,0.014562045842555708,1.2966584207062953e-10
2.25,0.5959665791957146,2.151628484973564,0.018808759799902174,3.931970624162615e-11
2.25,0.6465086269405285,2.149045719660079,0.0,1.6386266760680839e-10
2.25,0.6783411241534757,2.160643856741564,0.019445906206834437,3.298692026833373e-10
2.25,0.6790104157696388,2.111947956156393,0.0015845197887346982,6.239581439008314e-10
2.25,0.5649567791043175,2.1966866174345148,0.00964566588918291,8.880059242358056e-12
2.25,0.6713656890186261,2.104960048054277,0.011987709270591054,5.547753157772849e-10
2.25,0.6539209308387081,2.1351259677652634,0.0011300151043087741,2.393393842134976e-10
2.25,0.687084446903315,2.118126883284973,0.003921732824408487,7.15327286916852e-10
2.25,0.6773289130571458,2.115914715926903,0.006877150301937277,5.684558789711905e-10
2.25,0.6952477260811945,2.121534074947065,0.007564835791023366,8.491111443045215e-10
2.25,0.7734521736384112,2.057599282281964,0.004958551999119434,1.3064524944814221e-08
2.25,0.7199404204991159,2.122840941321981,0.006657226963514276,1.5815923948691036e-09
2.25,0.7177580714779165,2.1652298688005227,0.014910418389628574,8.663332934051041e-10
2.25,0.6840511735310069,2.092023351832236,0.014999412647406897,9.058660848760951e-10
2.25,0.6520671367567531,2.1401114748967998,0.0,2.136553226820857e-10
2.25,0.622090889244428,2.127881514185214,0.001849776664448316,1.1020408691137661e-10
2.25,0.6283115983835605,2.0959303208364393,0.011543733358672788,1.9333045594446164e-10
2.25,0.6120321923432864,2.1725570547063793,0.0,4.6672020234003335e-11
2.25,0.6458947595295141,2.1613750275447976,0.01509128458699037,1.3711799364521273e-10
2.25,0.6805919118649136,2.113226340713587,0.013481787968977026,6.404548558070671e-10
2.25,0.7391033513922963,2.010123517626669,0.0018809468238422857,9.22947548666916e-09
2.25,0.7322137534108091,2.111187826139634,0.005722350640018258,2.4966268937487287e-09
2.25,0.6889352711255118,2.197040975820856,0.0003769804801920509,2.6598839053082376e-10
2.25,0.6792922645182001,2.152967619680328,0.016622278949687565,3.7415298583278104e-10
2.25,0.7104502635555073,2.155729141523581,0.010253352885003427,8.138929268510377e-10
2.25,0.640366526357398,2.1712729045189185,0.012825178866581752,1.0343218349568436e-10
2.25,0.6658725722722935,2.139013155729755,0.0042731858815700146,3.1377715917841505e-10
2.25,0.7184596835768798,2.0969848548363443,0.003680877267721908,2.087361528161817e-09
2.25,0.651517678115014,2.1776346933548223,0.0,1.2839193980543121e-10
2.25,0.7415380514441762,2.096506884520744,0.009816532992193105,3.772720821642607e-09
2.25,0.7142078410761722,2.0893234248995958,0.020915116408813564,2.0495701456048863e-09
2.25,0.7090858158402666,2.1003835711108003,0.0059290350268704555,1.5747038198437262e-09
2.25,0.6793517913316055,2.147813859398969,0.0,4.007253344181119e-10
2.25,0.6958759291378946,2.0924806956284785,0.0051772705056980445,1.2281834010993326e-09
2.25,0.7029306547418811,2.0930443183692984,0.006055746341353646,1.4657416166667201e-09
2.25,0.7838186350128233,2.0745890524177537,0.012656638376786569,1.3884441822884047e-08
2.25,0.6878132877282844,2.0808714188136617,0.028535082847603026,1.1397513292507367e-09
2.25,0.711665416994557,2.163988481686956,0.003713813772258219,7.530669238315694e-10
2.25,0.6814360356810686,2.1715226749668095,0.006937271708951425,3.0966306087711195e-10
2.25,0.6488359245430637,2.097127584681653,0.013140305618183636,3.332736765667327e-10
2.25,0.6670950184730299,2.124630366007906,0.005903155778016444,3.8878763797255446e-10
2.25,0.6800906771744487,2.166033026145875,0.010954345533407612,3.2163423763308065e-10
2.25,0.6102630736816401,2.223205519501004,0.0,2.1912815270246254e-11
2.25,0.6052817333841217,2.228290966092403,0.005848375039225225,1.771750919517616e-11
2.25,0.6547878902813165,2.1607274210770178,0.00970437618174149,1.7581945856960275e-10
2.25,0.6222467787660129,2.1309140388242467,0.010327951087792261,1.0653317999394791e-10
2.25,0.6350631031631135,2.121941578330734,0.014864210371291563,1.6941994661454753e-10
2.25,0.6466224066481684,2.1746690919631835,0.0,1.1708827969072642e-10
2.25,0.6430411578681107,2.1802885267312733,0.013152645823918278,9.846718323184905e-11
2.25,0.6807599005180519,2.137302541161972,0.0046564802351631365,4.76054062947169e-10
2.25,0.7001672391531489,2.0961152196850033,0.0007576953512857612,1.3153203180502637e-09
2.25,0.6640603547424664,2.089419253463031,0.01677731514321576,5.497827469749111e-10
2.25,0.7078477993077786,2.0824790325006934,0.020483777873322,1.8848995048078023e-09
2.25,0.7232245894018166,2.1105460670709464,0.013041915858142489,2.001799139034062e-09
2.25,0.6763385390037623,2.0948036259357528,0.006470518613073789,7.150203103671175e-10
2.25,0.6872089383238342,2.144261090340508,0.01757200616550322,5.159933482926726e-10
2.25,0.6757845909054064,2.1944528751308883,0.00683120069227202,1.9498227584250536e-10
2.25,0.6952743051679882,2.1084523325273405,0.020139619432756814,9.980339749820249e-10
2.25,0.7518023888015689,2.076751517547159,0.004540392164930724,6.1525703709693645e-09
2.25,0.6731477869020817,2.133754474008811,0.006871824007851267,4.0715983715807095e-10
2.25,0.7277104547765039,2.1417479807142943,0.0,1.5183956144329301e-09
2.25,0.7783984034179138,2.1214446134375424,0.014307452072504445,6.946425102652058e-09
2.25,0.6992438437678528,2.126319388888301,0.0,8.876660187148644e-10
2.25,0.7188149468627992,2.0847896646512574,0.007200585587993373,2.432999636251951e-09
2.25,0.6303789593755407,2.160772517917816,0.012772224320957202,9.057696781584205e-11
2.25,0.60610327122218,2.1888537700136745,0.007057452789493637,3.170089919750897e-11
2.25,0.6945104531904164,2.0971586665999458,0.0015467320968381797,1.1210340717559578e-09
2.25,0.6809041318716142,2.155022952676932,0.0,3.800608370699522e-10
2.25,0.7273550527174267,2.104065914439031,0.01293891065174376,2.4062221107211783e-09
2.25,0.7546655745682919,2.0841016692574796,0.016107143234551737,6.067459143903183e-09
2.25,0.7490404687575625,2.0853944010755745,0.01208762310717195,5.193471212983907e-09
2.25,0.7124331050433703,2.050067940197974,0.0,3.0625054600031417e-09
2.25,0.6527334364138695,2.109156651026207,0.026582309355127873,3.2022725879342544e-10
2.25,0.6873211379472193,2.1285436390655597,0.017553350905495577,6.321281262633378e-10
2.25,0.6779820924513068,2.146744022854034,0.019447412132897062,3.9186967632529664e-10
2.25,0.6580677469932426,2.1039160265162082,0.0,3.9388292816198024e-10
2.25,0.7374956738431007,2.11253535261261,0.016785552803129305,2.806950097359713e-09
2.25,0.7198626040664273,2.1413173442239537,0.0028933378060346203,1.2496567982881743e-09
2.25,0.6374382296503408,2.144699123299703,0.018604117231871567,1.3549107078877118e-10
2.25,0.7025421966315037,2.1164960892527636,0.0054479792668880546,1.0926697801541126e-09
2.25,0.6640094721193697,2.151969143591675,0.007961355330390704,2.5256700203376443e-10
2.25,0.6838325940490485,2.0888197922075182,0.004493027044598526,9.353934417531938e-10
2.25,0.6400096436528427,2.1214331327315104,0.01792955504264449,1.9509605710041316e-10
2.25,0.6553058389476394,2.1576393469201687,0.00898627800090888,1.856943684935077e-10
2.25,0.7424771014819882,2.115120038548046,0.0,3.0829928068683507e-09
2.25,0.7254373992454622,2.1075263600844387,0.0,2.197421928547625e-09
2.25,0.643474787107287,2.19392594129478,0.02094804347157201,8.260601211498595e-11
2.25,0.6260773291989652,2.1335108636372464,0.013881840513944733,1.1455166215025244e-10
2.25,0.6709317764808392,2.0839241729822824,0.025650421041432486,7.042428755316621e-10
2.25,0.7040930706939761,2.162381984729929,0.004520951112775874,6.325596248822868e-10
2.25,0.6900095684932369,2.158219412917402,0.001801532784651491,4.6300777848212965e-10
2.25,0.6624191108094564,2.107783869870093,0.01891421346081012,4.2232807457919015e-10
2.25,0.6706281725288127,2.167710106169129,0.0021493784324343344,2.4477971909788406e-10
2.25,0.7229189439560512,2.0897530902312123,0.006804311959010239,2.5492992704638433e-09
2.25,0.6724764188607226,2.1582395893531303,0.0,2.9149969550267307e-10
2.25,0.6519613752730165,2.1650064707734717,0.0027640591597694266,1.5394628096608098e-10
2.25,0.6519613752730165,2.1650064707734717,0.0027640591597694266,1.5394628096608098e-10
2.25,0.6064145179336277,2.189472661061754,0.01243519342119001,3.17055154323478e-11
2.25,0.7216295444008121,2.0551777327263614,0.005499957697897047,3.6646486714951718e-09
2.25,0.6898122496580872,2.1346218031332063,0.00411809728686791,6.249385809003557e-10
2.25,0.6804504536809516,2.1301053978461724,0.011013667025920151,5.172792893066655e-10
2.25,0.6367467369041209,2.1613636227805846,0.00954645889069955,1.0695499164516419e-10
2.25,0.6782110552664729,2.123152943331202,0.0034207031840831894,5.319582793050037e-10
2.25,0.7184236365206486,2.1432401185309082,0.0071803105205789424,1.1750463360799698e-09
2.25,0.6604112263628522,2.085407655316885,0.010482003327986648,5.22705946596638e-10
2.25,0.6103931434319396,2.2084948435803535,0.0,2.7147895346776163e-11
2.25,0.6975126022841959,2.101296315171495,0.008305178667740089,1.1536825440998835e-09
2.25,0.7405349392864566,2.1413038395294572,0.018923119164446743,2.112849054316886e-09
2.25,0.7564117344444568,2.128151574030856,0.0029827196902378174,3.715094425086869e-09
2.25,0.7402397116490177,2.0735481533916706,0.011051200420344458,4.776610302920023e-09
2.25,0.6706823205747694,2.1040939163090187,0.006515068034308317,5.505245716894135e-10
2.25,0.6749618177959337,2.1082296848692654,0.007518256560778794,5.865898054715558e-10
2.25,0.7219464938213074,2.129452817322849,0.023210686689793338,1.5325755682197045e-09
2.25,0.6482942436928133,2.1533297937409093,0.01892536127258368,1.6263987580379017e-10
2.25,0.7346981994819208,2.105535643707449,0.008787279829504585,2.8480803758289045e-09
2.25,0.597118940639827,2.155602639806092,0.005623418661628629,3.85563279465643e-11
2.25,0.661906768797195,2.179339678274419,0.012225688102334167,1.65846419643628e-10
2.25,0.6296081297481527,2.137799471099639,0.007108126146408022,1.195100755514266e-10
2.25,0.6817133489009628,2.127732251970313,0.0,5.51006369860904e-10
2.25,0.6987042740696965,2.0964936163533947,0.005810697584684613,1.2605067595153103e-09
2.25,0.7225303717319337,2.1786780248898783,0.0025649759619266127,8.170464844644473e-10
2.25,0.6963349531349058,2.138995542244483,0.025917261390758513,7.009541943943905e-10
2.25,0.662372335780205,2.153037400325949,0.0020485975814976865,2.3840358499832105e-10
2.25,0.660301341697876,2.1707453198721955,0.0,1.7841339904123153e-10
2.25,0.6744976900265243,2.125097857152292,0.002650543166203158,4.705885137453604e-10
2.25,0.6662483875812569,2.113289840537956,0.007836329397973973,4.373978507612947e-10
2.25,0.6553511059728725,2.141136414904703,0.0015345845816748926,2.3036283483630009e-10
2.25,0.6807981753682738,2.138822303535503,0.0013614914347289298,4.673821446154737e-10
2.25,0.6200772937866186,2.1673534612504404,0.014906745537280672,6.252384114130285e-11
2.25,0.6794794361688254,2.111659820252276,0.008990651182157486,6.3396779955885e-10
2.25,0.7252988734711787,2.112914378497956,0.005932084335806881,2.0503199692108776e-09
2.25,0.6197743275753325,2.106280547594994,0.003264844387058038,1.3496709713495645e-10
2.25,0.6602090836047743,2.1346712283524747,0.009275234089441427,2.8501688906572e-10
2.25,0.7284992905386809,2.1239413855742275,0.015331459737837158,1.9407932262501334e-09
2.25,0.6809647791406914,2.1537723625047556,0.006302700233361493,3.8695134341067413e-10
2.25,0.6620588352361025,2.1725899688887638,0.021674158134764795,1.8243297581016965e-10
2.25,0.6039324389469691,2.0708744340739083,0.0,1.3189400015947694e-10
2.25,0.7165399399832634,2.0827948706483266,0.012011906343120212,2.3491885433519624e-09
2.25,0.6248665945810896,2.130223167257064,0.021599188580985862,1.1550223535103695e-10
2.25,0.7146618981644982,2.1505274732068984,0.0,9.708974225377412e-10
2.25,0.7145200048411969,2.067282757033009,0.006326609981914935,2.666003122915355e-09
2.25,0.6629329209502276,2.142831071911169,0.0022712603444508352,2.762260375024364e-10
2.25,0.7639940664425295,2.042343466734906,0.012218569570580212,1.2241046844682093e-08
2.25,0.667279033471448,2.1067744698267554,0.0,4.867822010830381e-10
2.25,0.6482023723817035,2.114719421068011,0.004027934214642228,2.6471484478405e-10
2.25,0.7017310575756811,2.091348712147892,0.011942620963652225,1.4496329329878013e-09
2.25,0.7231845988708211,2.187715811869179,0.006647500849257939,7.342980812145522e-10
2.25,0.6311647227568556,2.1652564067463524,0.010336116218217518,8.720486202297008e-11
2.25,0.703915117499351,2.0927608452987227,0.0041620664113769,1.5087046172668648e-09
2.25,0.6905195541783057,2.170524024478488,0.0023300201906314294,3.9845957971487604e-10
2.25,0.6912473924062505,2.1522432723003893,0.013688175681595697,5.172231336244493e-10
2.25,0.6623515995991508,2.1557074793132602,0.010474263826730097,2.3008888728149332e-10
2.25,0.7189014332078275,2.0558826175342513,0.0202342198369697,3.39083299962085e-09
2.25,0.6681602165240621,2.117753693215727,0.0,4.356559265977386e-10
2.25,0.6861453838320933,2.123503572429494,0.00978332787902884,6.528285538993654e-10
2.25,0.7170188485548256,2.096854251441748,0.007998965984936006,2.0147790014211824e-09
2.25,0.5967139364157753,2.1734135940575947,0.0058446252344660264,3.008554027559771e-11
2.25,0.6115670598562708,2.1423672236671827,0.0,6.852538926142837e-11
2.25,0.6143779832711672,2.1577270803306248,0.0026022512909829364,6.067236129414362e-11
2.25,0.6095203995470058,2.0722101832139446,0.005146018192754901,1.517813480334138e-10
2.25,0.6997002888443734,2.1388349855413824,0.014150624893417686,7.667235760294674e-10
2.25,0.6365934554975464,2.153448463408687,0.0025389512951117057,1.1819054576384834e-10
2.25,0.7564835641190054,2.089024675067721,0.009451190452577968,5.992051826730476e-09
2.25,0.6564308468423288,2.099411684957507,0.002684919290702009,3.9793821005926275e-10
2.25,0.6600553745361794,2.088016672095604,0.007559192615367618,5.021350242882748e-10
2.25,0.6689956993715704,2.1361325041928554,0.007824271482967297,3.537714220331338e-10
2.25,0.6506503474756163,2.1195249000483116,0.008922816254452473,2.6652425442842136e-10
2.25,0.6308484057910596,2.1633280750915556,0.014826393190355693,8.86963629592308e-11
2.25,0.6237486059483425,2.15016505701935,0.001784198873134199,8.676437454851173e-11
2.25,0.6224583754155493,2.189927506351267,0.0019517164298087795,4.914682277671281e-11
2.25,0.6657657448553386,2.175532270261533,0.019103682579401548,1.9359573763795643e-10
2.25,0.7388886271857679,2.115842206204001,0.010514414333147964,2.791643976280116e-09
2.25,0.6974057502007914,2.127438850665351,0.01190615897002562,8.343960807487925e-10
2.25,0.6779730536366387,2.092051571988621,0.019495143848401175,7.714084562134636e-10
2.25,0.6675985291134883,2.1300782354671894,0.01112208575145886,3.680057237177003e-10
2.25,0.7166440220373217,2.174003573819216,0.002094815654919462,7.485868872794478e-10
2.25,0.7149170267943646,2.146760106768588,0.02609828702376965,1.0262352404333232e-09
2.25,0.658350602508075,2.1912374402200623,0.0022481000311933303,1.280855077781799e-10
2.25,0.6681899870441377,2.0711251513236477,0.00929016256979138,7.590006433995501e-10
2.25,0.5827885881088513,2.236364265441149,0.0,8.362989357230374e-12
2.25,0.676912289105518,2.1706269241372733,0.01991115513904001,2.781068785299338e-10
2.25,0.6966678723122051,2.140241481183571,0.028989538791133248,6.958841692654221e-10
2.25,0.6445708796165402,2.1633759909458368,0.022883597121814946,1.2882605176325334e-10
2.25,0.7394729856468049,2.087301533342816,0.0,3.9938328631553396e-09
2.25,0.7255197406072235,2.094467984062683,0.014365767074168482,2.5762753173185116e-09
2.25,0.6947694578401135,2.1783243603240607,0.00798503440630667,4.008206442156123e-10
2.25,0.6938164955803647,2.148421753596806,0.001170321011507007,5.813540422910382e-10
2.25,0.6659930192418552,2.0932675102351066,0.010287977630344506,5.531401923653953e-10
2.25,0.6678458817376306,2.1212272135744916,0.036963320624988125,4.138247847668356e-10
2.25,0.6861738870599925,2.1345787854819207,0.0066217151191301764,5.683447652524845e-10
2.25,0.718496649862333,2.0689309729899263,0.004957099467428166,2.897745302016225e-09
2.25,0.610064281274053,2.1697719772052175,0.0035945793519975883,4.5872374793730843e-11
2.25,0.6864944743142816,2.0830520208787044,0.008195078103851708,1.0733682338510235e-09
2.25,0.6976015730185183,2.0816963849706425,0.01198315472662897,1.4581118831096465e-09
2.25,0.6925149448344378,2.1070971498198436,0.023278140540286915,9.440507524811277e-10
2.25,0.6482230341848039,2.1397957281416957,0.0028191629621097903,1.9337392028718787e-10
2.25,0.6433477884928683,2.144803025856182,0.0017936995305737875,1.588975197462513e-10
2.25,0.6580713021628144,2.1428496920989897,0.0,2.4243594928274346e-10
2.25,0.6229056106410406,2.1820228411529543,0.0055402385060949345,5.545544942517386e-11
2.25,0.6968801761623399,2.164696922339676,0.01750766821319441,5.085626317209414e-10
2.25,0.7092516745030096,2.06430227506161,0.0,2.4074855505325e-09
2.25,0.6388727783108461,2.1509102011430365,0.009384642954903545,1.299964419122844e-10
2.25,0.765291920085231,2.0821022374303406,0.019522749692857694,8.083260049751554e-09
2.25,0.6367350790933138,2.105731202593911,0.01148698524383557,2.163734331750956e-10
2.25,0.642900297655792,2.17941157895582,0.00534343707004868,9.926808888299166e-11
2.25,0.7222474339024424,2.233280536927117,0.011417700800797787,3.752158483123274e-10
2.25,0.7098331796800925,2.0892807617008606,0.005805388367024277,1.8320644271560017e-09
2.25,0.6477589261805291,2.1054997752151694,0.012075504493118939,2.927040764993818e-10
2.25,0.6676733205246458,2.1266786382655534,0.01376146682437564,3.8483556952943696e-10
2.25,0.6550626082063324,2.0831981316345667,0.0012937018820925131,4.64636151804333e-10
2.25,0.647764775546443,2.1851620208195244,0.001361220896535738,1.0470534274566437e-10
2.25,0.6942125508596544,2.2174289692852276,0.0033984489790337704,2.2887345050152022e-10
2.25,0.6376407980164545,2.173999667911318,0.019192624161466387,9.257689904662847e-11
2.25,0.6894849461906563,2.118858513842983,0.014478655180615098,7.54960516428256e-10
2.25,0.708138292403719,2.1365497650746117,0.007353916753550807,9.823998121989788e-10
2.25,0.6539307593872459,2.1360846623659557,0.0,2.365028204653201e-10
2.25,0.7606527047246221,2.1076487378470916,0.005842356389323472,5.317901484909331e-09
2.25,0.6967238984215357,2.0878170799357405,0.009833789550045564,1.3266947156427358e-09
2.25,0.7251544225748279,2.0649621802060163,0.020922187484320395,3.5935146097039893e-09
2.25,0.7005804826140283,2.1175799211542814,0.00026377309422701955,1.0246032097266675e-09
2.25,0.7507014207959424,2.1236439808011536,0.011974090173142818,3.4092021456575434e-09
2.25,0.7477156159298249,2.1456266276616573,0.021309061107838825,2.3935236904492756e-09
2.25,0.7443251489223741,2.1539103823097085,0.0018296900811806277,1.9740448077870533e-09
2.25,0.5933095291061338,2.1278514269747144,0.016388497186583507,4.94650402929903e-11
2.25,0.6752368140830908,2.1553434014275,0.01857372402258113,3.2580413579913605e-10
2.25,0.6434743113169115,2.1527883774742387,0.0054023366088882105,1.4374990484117146e-10
2.25,0.6633671291537406,2.2168518479659896,0.0025459464869784345,1.02143744635374e-10
2.25,0.6839012453138347,2.1908794325887953,0.011841585667119195,2.5384348881278966e-10
2.25,0.7083663436717655,2.1696392225995096,0.017536735270412586,6.41416626993149e-10
2.25,0.6620695566614995,2.138692039040914,0.0009333064030910814,2.8462348354557103e-10
2.25,0.6752303518545764,2.1394050249277474,0.018350600282252633,4.0040921050130993e-10
2.25,0.6601369016203712,2.1081421535360003,0.0,3.9556736557699385e-10
2.25,0.6458907015427953,2.190213730990621,0.009703281700177282,9.284683962244784e-11
2.25,0.6812660163530302,2.076440827856719,0.02206064871105561,1.009880856961976e-09
2.25,0.7187013231710698,2.164691595916378,0.011502091640229162,8.939134395124966e-10
2.25,0.7371070298710959,2.1452408619689605,0.012142347370136143,1.842128317376472e-09
2.25,0.6722045573821694,2.120837238841219,0.015045375770961503,4.669513003109993e-10
2.25,0.6684732349015524,2.1728299717889032,0.011089284666806157,2.158069255635596e-10
2.25,0.5940528886660243,2.1500897107770682,0.013681972437989368,3.8015044781032016e-11
2.25,0.6843620314512912,2.0777133620022776,0.008720654631643576,1.0797244910545283e-09
2.25,0.6671315273184142,2.155226772319971,0.006063488470843877,2.630689669617241e-10
2.25,0.7312068988940239,2.097133972679008,0.013570165490258215,2.884110949926657e-09
2.25,0.6884841346098179,2.1587172585698866,0.00021946869335246649,4.419506378853431e-10
2.25,0.6023100070919198,2.1363100458110256,0.00751978193004738,5.721082960215668e-11
2.25,0.6201748670580043,2.132492178763882,0.016056870574069106,9.86307993011395e-11
2.25,0.7379842011351484,2.0968401425532233,0.0035335508181333383,3.4357852888353633e-09
2.25,0.6810288972997619,2.0978801285861928,0.0085791157074964,7.802129823947343e-10
2.25,0.6922350256592573,2.1137359473414863,0.0,8.642056006518507e-10
2.25,0.7308713072132709,2.1027433235668833,0.0010623342112049286,2.6735155917630367e-09
2.25,0.6174363231551547,2.1390493681363494,0.008373366359729935,8.412947333975336e-11
2.25,0.740804547341732,2.134845156254812,0.023777915366277512,2.3100062560847675e-09
2.25,0.7250093686564419,2.149249612309603,0.0018592675012531253,1.286601371479661e-09
2.25,0.6511275066350809,2.060592790690423,0.00905296628886598,5.412105082177608e-10
2.25,0.7060464464644477,2.180793864183232,0.013122617623139517,5.196005138658985e-10
2.25,0.713903540265184,2.145708218204723,0.005826140505926995,1.0135244074424763e-09
2.25,0.7670888465281855,2.064247721846004,0.018859079454840944,1.0368908874872537e-08
2.25,0.7291096869070287,2.110656323503202,0.004988446537176115,2.3224728542225922e-09
2.25,0.6600203202401671,2.1394071320896115,0.015353204719891662,2.6697389673014213e-10
2.25,0.6708261498402935,2.142619246597808,0.0011291762357266344,3.418578185768675e-10
2.25,0.7242076893712814,2.164161077666103,0.0,1.036351391680111e-09
2.25,0.7379775108536418,2.1125724399401666,0.025434678136687004,2.8400119618754737e-09
2.25,0.6696603061225164,2.103977785262406,0.0028320494545911413,5.365138911802206e-10
2.25,0.6856463905311011,2.1078603311762314,0.0017882589557744527,7.811953030569452e-10
2.25,0.7066046497516643,2.0986272628004925,0.0,1.5083321724335447e-09
2.25,0.6786360373194902,2.1257643756163263,0.003333617957428142,5.207048420885609e-10
2.25,0.7598246771687778,2.0936394592142844,0.0,6.16469984191904e-09
2.25,0.695815127680061,2.125434236729324,0.0016165973846694126,8.208656542302195e-10
2.25,0.7031990972229392,2.1377801636592135,0.0,8.51040679920644e-10
2.25,0.6982422135969102,2.1362223628523216,0.009290766746320431,7.631837449669835e-10
2.25,0.6984507156322908,2.142136188259357,0.0022718067817909062,7.114654641266839e-10
2.25,0.6836707267098818,2.138628086381681,0.003236814148915978,5.053924375614316e-10
2.25,0.75655125955189,2.129344061804736,0.02443241535651469,3.6725221282444756e-09
2.25,0.6909984861680042,2.09186377401715,0.006771743616458919,1.0891405890782073e-09
2.25,0.6850689870902079,2.1459831262758833,0.01289749866263986,4.770605559353965e-10
2.25,0.06946725319308111,0.0948772217323135,1.9968372464846813,1.7356122618896498e-25
2.25,0.02703040896127335,0.053637075437008686,1.989320702309179,1.0216972864610237e-26
2.25,0.10040543863973236,0.10814480426297018,2.0075255275146633,8.227016965470542e-25
2.25,0.07543493585140369,0.07856696971274717,2.008571192362911,1.3776812984746364e-25
2.25,0.06350290701140482,0.09698309648084494,1.9968707745526444,1.4620697922620968e-25
2.25,0.114782226915878,0.0708305592059296,2.011622680843875,4.947655857796622e-25
2.25,0.12613422769188926,0.12190739367976022,1.9908048306305866,3.180125271702326e-24
2.25,0.08788218491206255,0.05945269329145688,1.9880317515792063,1.285202776256733e-25
2.25,0.11195408669133951,0.1231765159333802,1.9838023699642777,1.9317753710693996e-24
2.25,0.12138667120116389,0.11152246178714992,1.980403635623026,1.9966346718875963e-24
2.25,0.0851262111485641,0.13814936969765332,1.995471020519078,1.0494377735548259e-24
2.25,0.10107021381435875,0.11866105865708329,1.999929599850085,1.129444811264176e-24
2.25,0.07488201343190945,0.09453923842186085,1.9902533153999333,2.118345118586557e-25
2.25,0.04964465230901807,0.08070813833057486,1.9831520726284884,5.389532837929621e-26
2.25,0.08498611415911313,0.049981253775123594,1.9973405600320855,8.748541004953325e-26
2.25,0.08524157758999039,0.07658480285574748,2.0310707023605574,1.8974690673033287e-25
2.25,0.08567404341287913,0.08375840125391569,2.00122165557049,2.365018830409876e-25
2.25,0.05271476237492678,0.08113232435963325,1.9940609287556146,6.148201754064797e-26
2.25,0.10227553359989244,0.1036873821635135,2.026936762253025,7.800256001184165e-25
2.25,0.11395049189620343,0.08161916641198311,2.0020323830349365,6.519241036818784e-25
2.25,0.0479283040286459,0.0537161400042826,1.9938405156683918,2.3256587189244167e-26
2.25,0.12122358045127264,0.1199661912136735,1.9923247288746062,2.5070349283304773e-24
2.25,0.07965798035421436,0.08598184768141816,1.9847506965347654,1.9997441548737675e-25
2.25,0.10981020149025457,0.10224789507603343,2.0129172823000983,9.967632693036285e-25
2.25,0.06959827774145927,0.06147186779696682,1.999749769414151,6.746827898484484e-26
2.25,0.03172589875961994,0.061968925601913506,2.0080740059982713,1.5633787309626957e-26
2.25,0.06546838246535047,0.05690580154840782,2.0269122326247504,5.0423788732440926e-26
2.25,0.06938202900615806,0.08640016754568822,2.0067461262024975,1.3622325878013955e-25
2.25,0.04655108171665777,0.10741266363291045,1.9845587548620347,1.01207802462763e-25
2.25,0.04491104763288219,0.10515534775794813,1.9890702301272905,8.913511417072041e-26
2.25,0.10534546233244568,0.050641009479235624,2.004750611314644,1.936833299946642e-25
2.25,0.015085151567248623,0.07836751419858956,1.9919924487512901,1.294278783014069e-26
2.25,0.07232076900707723,0.13109993657502422,1.996079125720829,5.292450189132746e-25
2.25,0.06433874469489281,0.13757617837565825,1.9999975171550959,4.640377286429079e-25
2.25,0.06361428322691362,0.14809085540627448,2.01378042293303,6.0023288240359e-25
2.25,0.13357611817606604,0.08207657609076312,1.9754191328054276,1.379323007778783e-24
2.25,0.07839519051587497,0.0409690784497039,1.9730036825821995,5.227063662059976e-26
2.25,0.04064885950969316,0.10039380060059616,1.9923553187850251,6.603952718225095e-26
2.25,0.05892644768494781,0.08705426637984941,1.9721891177409365,9.257097932510406e-26
2.25,0.08890579849264289,0.09362136243762381,2.0235353002450327,3.535335251378863e-25
2.25,0.07775792672109301,0.14647922183289744,2.000095340734845,9.917456356234102e-25
2.25,0.014350207197876478,0.04180052692031372,1.9915824646128766,4.3854378885157565e-27
2.25,0.09410581448207317,0.1329224748813326,1.9966858383956803,1.2823651817579934e-24
2.25,0.10113144000693204,0.15144259964313145,1.9949726975942454,2.770294216724701e-24
2.25,0.1386427382625318,0.07182816088632431,2.0091935553567155,1.2445644797506606e-24
2.25,0.08188367087369107,0.10588918795978888,1.996064803254961,3.8094135056603616e-25
2.25,0.09653776290838198,0.0741639102534568,2.011583995182257,2.726058781375588e-25
2.25,0.12207697120947646,0.13906395171373787,1.9981719404262617,4.369392292731398e-24
2.25,0.11548291633323682,0.1365040666710543,1.98602125245567,3.179691703452916e-24
2.25,0.056925486737026514,0.07941339894509486,1.999702105044617,6.897533376029276e-26
2.25,0.11629176623072439,0.1013470787621796,1.9969683574759396,1.2413198283677952e-24
2.25,0.10972319144656177,0.10183400735141268,2.0065172740999295,9.820595531776692e-25
2.25,0.03753422391826149,0.03777125887603866,2.002188531717973,9.737158833498028e-27
2.25,0.0834596438208631,0.07668268209628386,1.9712451841278478,1.7771946500899417e-25
2.25,0.1300302864646259,0.049679690812296534,2.0196104298755233,4.770590238784857e-25
2.25,0.05173709727186909,0.10416559381988275,1.9909268487383176,1.131797468049016e-25
2.25,0.1255305638863616,0.0939582713288474,1.9857228580216388,1.4278247538167327e-24
2.25,0.06830447179560403,0.10482204941341366,2.006699002310764,2.192266740732379e-25
2.25,0.08746834349930117,0.046757813212547523,1.9994516457949953,8.761004016044387e-26
2.25,0.09652908478495514,0.09110249500780554,1.9946673669197181,4.4047798393497805e-25
2.25,0.14260641109156946,0.039266738310237824,1.9926036989501759,5.629953966211898e-25
2.25,0.1049706504635262,0.07005967770593127,1.9986033501061233,3.340003034697228e-25
2.25,0.06769429308047892,0.06561391034560964,1.989567323609546,7.060560405945343e-26
2.25,0.06309921409084171,0.09664624407950445,2.002376813291962,1.425842885904391e-25
2.25,0.03773187924961137,0.08929792821964043,2.005957068695777,4.312196001463812e-26
2.25,0.07577150690171854,0.12978886966869796,2.0008246302794777,5.831585807372082e-25
2.25,0.04490509996486886,0.13555572733000693,1.9945631948615765,2.0618113884203268e-25
2.25,0.1276055709702258,0.10176490953489883,2.0004985562408835,1.9209494541101474e-24
2.25,0.04689802832814835,0.04604516971244617,1.9996039234948058,1.7883489415827925e-26
2.25,0.07231237589370491,0.09003152157388827,1.9953132042982578,1.6899863668891935e-25
2.25,0.12620032989357305,0.09893208647883504,1.9959359138115789,1.6835037918238025e-24
2.25,0.12455110199481999,0.10515891509123851,1.992362949946781,1.8835155802336593e-24
2.25,0.0834480170645486,0.08897929447500617,2.0176380989255174,2.517126511519141e-25
2.25,0.13987747412218324,0.12769735047341765,2.0067842470257133,6.2297643067391286e-24
2.25,0.10080397241704442,0.06240272249833107,2.0003885341930894,2.289452005863926e-25
2.25,0.08745321220727388,0.09117934276686829,1.9841008817364163,3.1221401975794046e-25
2.25,0.08490718576281978,0.08840481570317758,2.0194662203007323,2.61905302113609e-25
2.25,0.14404367289144906,0.07992732141404305,2.0369129064142135,1.9159991307164803e-24
2.25,0.10970041755827886,0.13172992981008538,1.9936122076547014,2.2436124511989114e-24
2.25,0.1123613812842249,0.09002225478005675,1.9949734369469956,7.787028651767504e-25
2.25,0.04899584806521144,0.08315411086733347,2.0022966916914484,5.632298812561668e-26
2.25,0.11879661584572651,0.10075024758974564,2.0154083293980367,1.3414911719355722e-24
2.25,0.1359110373947662,0.12728957486235146,2.0022314177073275,5.314433994230571e-24
2.25,0.12172134962746012,0.10430021202170686,1.9808348895577454,1.6536027059404403e-24
2.25,0.09916984999739303,0.03565616326052581,1.980320728210114,9.900953882701289e-26
2.25,0.06476012849317843,0.06942485261288729,2.0231450209481268,7.030278295851992e-26
2.25,0.1203979532976133,0.10863948915030919,1.9954501705835328,1.77564365664965e-24
2.25,0.11334012907280197,0.10750744583593624,1.9952985187790488,1.3189453133202724e-24
2.25,0.09868185849050128,0.056807769536684524,1.9866022576167126,1.7976539107137971e-25
2.25,0.06911113412308213,0.1335321932426603,1.9866640497408123,4.99764365391319e-25
2.25,0.13952390955319977,0.12462525532135758,2.0171647962861132,5.6506609330437615e-24
2.25,0.05462585095895828,0.10367702750601787,2.014140162732403,1.24937458253735e-25
2.25,0.07790166662837288,0.07156469358926114,2.0042691989205976,1.2407711076429225e-25
2.25,0.06261061392217833,0.07132695727292926,2.0142753693243725,6.830305862732917e-26
2.25,0.09104585584888975,0.08537277086310474,2.014633862607908,3.040026115416811e-25
2.25,0.07294961480371477,0.03507008388712549,1.992444967997774,3.567210635400805e-26
2.25,0.10264892353737269,0.12274250465409155,1.9874159061695664,1.3421181480414639e-24
2.25,0.11819314310698263,0.11896630150181774,2.0146566051226302,2.17609285732369e-24
2.25,0.12205417777547964,0.09702301339122069,1.9963636519808878,1.3658717510031632e-24
2.25,0.09451595236172775,0.10543206615075482,2.003237131259928,6.096626257311256e-25
2.25,0.12161955844103707,0.022221127400345833,1.9885637079099991,1.5576722033551243e-25
2.25,0.03752506849893644,0.10280398845498767,2.0156310026137794,6.249908998305804e-26
2.25,0.10096150597017939,0.02270893234371113,1.9903081018785593,7.241666894929631e-26
2.25,0.1311829303064031,0.1041582780836445,1.9875555505205835,2.3479173605077855e-24
2.25,0.06004761152020174,0.08326274077290173,1.9771173851719348,8.685153774881835e-26
2.25,0.060359941770569046,0.0711022116275535,2.014257793893945,6.219490354420784e-26
2.25,0.11545752885678962,0.07821624674820211,2.0067478974289634,6.264718525949329e-25
2.25,0.06756212028971324,0.10970702490373437,2.0123498439547207,2.4407861241370472e-25
2.25,0.06355123005131946,0.08028308702228186,1.9841602239002498,9.142308288323383e-26
2.25,0.09436129861829307,0.08770278936483629,1.9849755245745946,3.6847571130489837e-25
2.25,0.1390911384153848,0.09578552297765296,2.0201945000259522,2.4943828548075097e-24
2.25,0.13099345093527434,0.12103786182077167,2.007608011283859,3.724086705618957e-24
2.25,0.03165038552907045,0.15042864284059246,2.010148847540471,1.835279518972781e-25
2.25,0.08729352228262445,0.05571546960083687,1.9980587514034374,1.1281606671253748e-25
2.25,0.10328381720130476,0.10318396075762609,2.0113364486796095,7.991304948026225e-25
2.25,0.0591748989513689,0.10091915198456991,2.020415149547814,1.3803462912951056e-25
2.25,0.09726002668299671,0.11978773534309825,1.9820652779152959,1.0080212151261731e-24
2.25,0.10326551339573109,0.07915471078916382,2.0093333092776087,4.057620992310013e-25
2.25,0.05454063470809288,0.049181443894555366,1.9879204983375265,2.638857795788403e-26
2.25,0.07664761886252676,0.09428271626931203,1.9899360136948097,2.2509957790701743e-25
2.25,0.1746075244168045,0.10523626674300016,1.9755904029435725,1.2034850109516281e-23
2.25,0.05577035541174584,0.07486860456691474,1.9909592521654094,5.794611108311975e-26
2.25,0.05667625997874055,0.10691459713361497,2.0179040947498,1.480953804582585e-25
2.25,0.07709645841040025,0.034560385712797896,2.001082974609256,4.1226637019251464e-26
2.25,0.07862547868072481,0.04908572223103386,1.9911540103849754,6.678473822488625e-26
2.25,0.0748454485226669,0.0595222728829766,2.0010995600649855,7.808798602423236e-26
2.25,0.09726930410978939,0.050834948490058804,1.967270994401375,1.4333191646356004e-25
2.25,0.11049670194342996,0.07793221670710684,1.999725522118948,5.153274760352828e-25
2.25,0.13033755282727003,0.07898236634508712,1.9733125146902957,1.1193570036874636e-24
2.25,0.0229048310416796,0.052124688007968815,2.012840851629297,8.308800455220936e-27
2.25,0.11416066109312427,0.13884927101684466,2.0079578875890918,3.224664907042155e-24
2.25,0.04639016580382756,0.1265673962688292,1.9888156484844794,1.7083744634858e-25
2.25,0.12252562788690145,0.07684895889160746,1.9961249551500464,7.861192302424395e-25
2.25,0.06532619370006604,0.07809115785447768,2.0013271306269913,9.201232995254282e-26
2.25,0.08506653124533345,0.06538803291902708,2.005424548611324,1.3686303104840265e-25
2.25,0.052659645840007874,0.06350884519696513,2.0191616451926726,3.709137946448968e-26
2.25,0.11590651909480436,0.06231876334142894,1.997826649409007,4.0441504128953203e-25
2.25,0.10913338908384862,0.09423915455569866,1.9967076858639246,7.761893997312348e-25
2.25,0.07062814159359102,0.10291592873137749,2.024555122647402,2.2737503910164755e-25
2.25,0.10099894895481659,0.08350216418137542,1.9967954928124347,4.211909961391509e-25
2.25,0.12836165978421707,0.10704439876636986,1.9836272832952104,2.28985476949086e-24
2.25,0.0459809086106739,0.047629926756136344,2.0007651472704766,1.8067289966184709e-26
2.25,0.06939570627921067,0.1074934729720132,1.992383746762867,2.463427461739584e-25
2.25,0.06886009020243954,0.09600549874405703,1.9966584087538168,1.7499867511802212e-25
2.25,0.0592683333272598,0.10024357106018272,2.01255256865927,1.3594126085937084e-25
2.25,0.051607595780397676,0.07055368094501056,2.0008644328719556,4.3567005619795694e-26
2.25,0.09652911877518093,0.07899263845683682,2.014814643340209,3.1267500816011608e-25
2.25,0.12172450948810672,0.06461492184058946,2.0002596925023206,5.3770285972187545e-25
2.25,0.09052660396215756,0.043130372140873764,2.004730336706625,8.860779941864215e-26
2.25,0.04019223721975257,0.07259214869576876,1.999455839940015,2.9559379381676096e-26
2.25,0.08257330014070473,0.09703988503824858,1.9698592733377445,3.053855802645753e-25
2.25,0.09696956976669045,0.09702444735730265,1.990006745079078,5.290829970407768e-25
2.25,0.06598706404321525,0.10918639184789908,1.9791978478797845,2.263567331671754e-25
2.25,0.10827392511347797,0.12386672086682887,2.028264322733339,1.7131585781758608e-24
2.25,0.10442215438254737,0.08361983907052263,2.0105140765318654,4.812159934460919e-25
2.25,0.08959788869579123,0.1116823655352929,1.9791459925646113,6.0134974302518e-25
2.25,0.034686856025598456,0.0898573144630998,1.979675976483685,3.886973923982488e-26
2.25,0.16231999748542064,0.11794041893725662,2.008124629028109,1.0918705937077644e-23
2.25,0.1297456614625735,0.13865172673574588,2.003241666751036,5.759427702005158e-24
2.25,0.09193385348904125,0.11898533854791629,2.031012816026251,8.048197704975431e-25
2.25,0.0428084293185295,0.06790784690606556,1.999297394301085,2.864359098654578e-26
2.25,0.10830146592664301,0.08986666671828854,2.0135767045607387,6.650112091406895e-25
2.25,0.10280313477267307,0.11666261398245019,1.980802112440696,1.1414045232789937e-24
2.25,0.12459397403848665,0.06625602428087594,2.0168702334116433,6.2772489776193875e-25
2.25,0.050106430124371874,0.11544586444393456,1.9928464172146108,1.4533575676958527e-25
2.25,0.12793273656691703,0.05466098686161291,1.9844902949751184,5.094799469839644e-25
2.25,0.05775242694679406,0.11646303091272805,1.98677657570437,2.0129987510765407e-25
2.25,0.11398278513584922,0.1243553628276556,2.00559366308148,2.1542684647370202e-24
2.25,0.08213046029208595,0.1008356299080908,1.9664917167805067,3.339370332825612e-25
2.25,0.05253796083861878,0.048492343990733336,1.9855766347466188,2.39260737594096e-26
2.25,0.07006902381373767,0.1052811320520085,1.9887324887346594,2.377107447437917e-25
2.25,0.08419093215591958,0.08166127875421882,1.9930635084515291,2.1054646911538635e-25
2.25,0.09786611030377225,0.09261253412472363,2.0213194386599076,4.836054442839937e-25
2.25,0.06803024721468362,0.08804762414173777,2.029504922384142,1.354538696744014e-25
2.25,0.05377120646970359,0.10448547416768653,1.9843129226184428,1.2360913191297368e-25
2.25,0.0862618293997691,0.05289542375326621,2.0231053231325373,9.995730139700642e-26
2.25,0.044884014493302794,0.09409357849884395,2.0043884480401064,6.531904729625372e-26
2.25,0.1308909775031131,0.04956214990908162,2.0075810139113655,4.909845010874189e-25
2.25,0.03730235359189196,0.09873920744906341,2.009681578309836,5.529369631121171e-26
2.25,0.04924302999105324,0.09713992176987324,1.996970142942324,8.436106327384946e-26
2.25,0.10796152542922238,0.08867411098041454,1.9878669838810155,6.347898302405126e-25
2.25,0.07931779767223199,0.09416341909763082,2.001324257688264,2.4859656594872053e-25
2.25,0.032517265031370576,0.09644652876413957,1.9906904236623266,4.296092238085993e-26
2.25,0.04745682390623006,0.13325466104033304,2.0111530833738445,2.1392398680052626e-25
2.25,0.10907832468123732,0.0921789529295737,1.986775442949111,7.309526498694006e-25
2.25,0.08449701234666661,0.14265458056321492,1.9891418232819515,1.157959492661411e-24
2.25,0.09308378913226031,0.10926862122002666,2.0083487488675518,6.423706534437571e-25
2.25,0.10050909951458484,0.016773764499988988,2.0180292176620447,5.97124202897704e-26
2.25,0.1043139621563533,0.06572622361037175,2.0063891222505035,2.8776072351840264e-25
2.25,0.10533958215983248,0.0976977372346342,2.026362901881602,7.4092555893117535e-25
2.25,0.051172077030302306,0.09235631099894615,1.986378788056209,7.951035188158869e-26
2.25,0.10369918338965925,0.08529517040770995,2.016586247830489,4.909449931878114e-25
2.25,0.11083245412217671,0.12651895649074776,1.9753074716639538,2.0299279485203956e-24
2.25,0.08335718796365321,0.024234772956050723,2.022237640477344,3.869733629237589e-26
2.25,0.13250473355281472,0.05182498879409987,2.004713123509879,5.568540506316205e-25
2.25,0.08250902805447183,0.0637741279048939,2.010697783772884,1.1846690977322196e-25
2.25,0.08504426678018527,0.13663923255090135,1.9878289015692938,1.0039696660833968e-24
2.25,0.07148252460899383,0.05858127802867769,1.999583378757476,6.676117249389138e-26
2.25,0.07734940042576442,0.1414957141881354,2.0111036749623366,8.528684240008355e-25
2.25,0.09247526537118222,0.07443064747418561,1.9649772727480874,2.352883045370592e-25
2.25,0.12501973803776134,0.07745832768281628,1.9952162726502796,8.783451173627974e-25
3.0,0.5282163016826685,2.287570365634219,0.027361621217289744,7.920567476589149e-13
3.0,0.5518546075658955,2.212510374056553,0.006196485258339863,4.869834769404342e-12
3.0,0.5430804289355191,2.2108578523269875,0.0027898551602745392,3.8639342040660334e-12
3.0,0.5712830401596388,2.2176798747289084,0.005565407635819649,7.909428878160577e-12
3.0,0.5429512426548706,2.2329526148251255,0.012906270840622017,2.7980281790391695e-12
3.0,0.49343746114904474,2.205085558781064,0.022047754219953006,9.629611884212523e-13
3.0,0.6248292090599135,2.230554074496236,0.0,2.945847120459386e-11
3.0,0.6146653774252442,2.1994898750081813,0.02264965076233125,3.469654445260134e-11
3.0,0.5745787287365332,2.18294919092821,0.0025772878912888016,1.4133772360496155e-11
3.0,0.5563977459673706,2.1996200316439447,0.00246836081442381,6.662298536914178e-12
3.0,0.5617619921997559,2.204975163254315,0.007867821890820467,7.212644289148044e-12
3.0,0.5978376707476888,2.2528262572193123,0.008655512951119647,1.000370380177259e-11
3.0,0.5543336413391208,2.192276571375766,0.00018583901204113047,6.952076538948768e-12
3.0,0.5277700649547874,2.233396682356814,0.004897891049458605,1.7819430366570142e-12
3.0,0.6176444150527066,2.246717326687768,0.002629115181695529,1.9031277764927454e-11
3.0,0.5649787343277411,2.2184050638801676,0.003989305041906165,6.5345430982460915e-12
3.0,0.6095595438556296,2.225506788749443,0.004402086351465886,2.0783792783625482e-11
3.0,0.6245110413969046,2.215311183284015,0.002935347939716804,3.640191831539704e-11
3.0,0.5454459615811481,2.2529052489553982,0.012045294261754618,2.2368832038404104e-12
3.0,0.565038278933765,2.250133751758805,0.011024814848586917,4.107699959889932e-12
3.0,0.600940343889183,2.2109666545100786,0.0035128837442448668,2.0137949385484596e-11
3.0,0.5487295507777047,2.1793993530993783,0.0027920200346312303,7.0521119416253725e-12
3.0,0.588512623864935,2.2056381722506915,0.020478354594843658,1.5314539705163413e-11
3.0,0.6343840295337388,2.164492910582712,0.003100665813774102,9.620131681240582e-11
3.0,0.5847306392405608,2.210932212298053,0.004183808616946359,1.2767480804263731e-11
3.0,0.541524616957862,2.234452389506693,0.014005281947405024,2.6256108192136396e-12
3.0,0.5985046869813709,2.169643109649672,0.0,3.3278483559161496e-11
3.0,0.474204460919899,2.2158025115678566,0.003191111441634921,4.615192516580099e-13
3.0,0.4905726345174266,2.204295880286661,0.014610483532003244,8.931368426144131e-13
3.0,0.60417741308184,2.2238784060797463,0.007340257857863788,1.8316727374656303e-11
3.0,0.6317643142162659,2.2196018578090446,0.014624128927005146,4.1765216826798965e-11
3.0,0.5607598560301189,2.233113411801328,0.00046323588634805506,4.675548350815371e-12
3.0,0.5504197389190336,2.1888800820849723,0.010486635435548015,6.505409801071226e-12
3.0,0.4962901850665126,2.2040376285566774,0.015160296908117907,1.0649195074207057e-12
3.0,0.5417496656174395,2.2115725169461573,0.0015988109380835611,3.6793138092970304e-12
3.0,0.4879132217434703,2.212943764730129,0.010568920112835485,7.291095743419441e-13
3.0,0.5127710142666106,2.2651854860250724,0.016017919554565396,7.099450371831486e-13
3.0,0.6164190736289598,2.1981067254203013,0.004075713556930566,3.7133863532624555e-11
3.0,0.6306660178803716,2.193846572397607,0.0,5.832523865857229e-11
3.0,0.5640656988400616,2.237664484461024,0.01011763313508102,4.808855082029546e-12
3.0,0.5562296198904283,2.1977189348379986,0.007159825979828232,6.808520828690193e-12
3.0,0.5654007932831611,2.2074700241005996,0.009377917086565973,7.730193748650407e-12
3.0,0.5859337907842407,2.2262577860546546,0.0024566351140508113,1.0598208288246018e-11
3.0,0.55475499285173,2.233111499659049,0.005139744137498611,3.932066441335562e-12
3.0,0.6232575974797306,2.164437423629611,0.013672305754750109,7.095556157370128e-11
3.0,0.5632390012338452,2.18795969848118,0.0049856880039009085,9.538287603212893e-12
3.0,0.5802539011137864,2.2181669934091164,0.013639207334171254,1.0141064355492898e-11
3.0,0.5461298441986486,2.2008764779703385,0.0067793465584283785,4.861555473149923e-12
3.0,0.5689767357694466,2.2105968844920194,0.009047694725921204,8.19288394354045e-12
3.0,0.5096519037751257,2.2278083514601263,0.01127613231908486,1.1304283957539569e-12
3.0,0.5038856138720375,2.2161266950696947,0.0009821334187446896,1.126442141442034e-12
3.0,0.5513670876462878,2.2364290055012606,0.004083936031481258,3.3952288508729195e-12
3.0,0.5787024009698478,2.251337913522925,0.01062392947946008,5.959972475548169e-12
3.0,0.5282686491779173,2.2395095299853685,0.011286513835954094,1.652593672745256e-12
3.0,0.6022362097076356,2.2367086878601574,0.008349507136302963,1.4385029873560837e-11
3.0,0.5134739809026092,2.2245182839946285,0.004537031898968151,1.3286423387974215e-12
3.0,0.5919869095749415,2.208680995986541,0.0010208613988909171,1.6179175415243984e-11
3.0,0.5793953871133309,2.160561159311179,0.002434285571177151,2.1898891135852017e-11
3.0,0.5333039701062819,2.20050626617678,0.01767573148650598,3.360058502692884e-12
3.0,0.5585026603515848,2.1849015094912745,0.029764137605700867,8.679592119782633e-12
3.0,0.6070393060672574,2.126557297223775,0.0038391305135978323,7.383890055085125e-11
3.0,0.588401286120834,2.1724186254883877,0.004806551978886349,2.4129707232522855e-11
3.0,0.570010249083263,2.2526176170415977,0.017573259265125867,4.563005301754785e-12
3.0,0.5043425160347348,2.2478432399379322,0.017291336922644323,7.177836397841167e-13
3.0,0.6334480012403416,2.194142515416983,0.0,6.267979492431193e-11
3.0,0.6454957127325338,2.1892587314980223,0.006699011166294028,9.307694197872646e-11
3.0,0.5823036200779942,2.194836303238102,0.013233493024909756,1.494558556818563e-11
3.0,0.5454068766865345,2.2020424974743547,0.007133312979345042,4.683159033721155e-12
3.0,0.5527223482541824,2.169253927657662,0.004981764341880749,9.078299602667617e-12
3.0,0.5532690172965579,2.2259762969233488,0.011814153385754752,4.179952637966674e-12
3.0,0.6010496754982823,2.1947534599375587,0.01026482802586396,2.537025210625738e-11
3.0,0.4959612024768111,2.2494285542572436,0.009303532998752749,5.451264417685316e-13
3.0,0.5493901820657224,2.2325516441346287,0.013946573866854755,3.394014923450328e-12
3.0,0.5765840544952918,2.2127155179304325,0.008137574933178961,9.877480624967594e-12
3.0,0.5981295828933327,2.1833414187727174,0.01049539443549857,2.735938203987062e-11
3.0,0.5601276479311972,2.2566314204388673,0.004436059224013206,3.234214706885221e-12
3.0,0.6310767569795078,2.1813744988307042,0.012092509534331459,7.0021377378135e-11
3.0,0.5791241013643501,2.238050404245434,0.0,7.351864324282738e-12
3.0,0.5573846122737747,2.2207574934804724,0.0068705414233811634,5.076976477480285e-12
3.0,0.5324256729091402,2.2013372244001967,0.0029848343113155337,3.2366473879651458e-12
3.0,0.5555022220764884,2.204155346856906,0.013517764873456116,6.091749328887211e-12
3.0,0.5764397818647978,2.2294434663218072,0.017846071268222474,7.728435615302776e-12
3.0,0.5619772212653433,2.2139183976680816,0.006522315745531696,6.392536954243511e-12
3.0,0.5976161055605848,2.1834625364124753,0.01929396553009551,2.6923643882799974e-11
3.0,0.5546472616263287,2.193014820596842,0.012117031543354667,6.944016246611588e-12
3.0,0.5702343620317084,2.224259635293374,0.0,6.981076474751035e-12
3.0,0.6076801353519969,2.2288477492706362,0.0,1.8789245247167006e-11
3.0,0.5865637558544032,2.184787348485518,0.015328897396629983,1.9368805864828848e-11
3.0,0.5577754214484567,2.2179707798863366,0.010819812240884213,5.344582111973372e-12
3.0,0.5620961689871625,2.245001096586719,0.011532171613413656,4.075854852148385e-12
3.0,0.5447881745897328,2.170491401912452,0.0011836435063706306,7.092368504166842e-12
3.0,0.5764176136498206,2.2137342360900276,0.008468631907609063,9.688963081015732e-12
3.0,0.5734353436312176,2.2329348929320854,0.01466079674547911,6.741067904307336e-12
3.0,0.5462400527234967,2.169921977457454,0.008412826446688526,7.455013164445546e-12
3.0,0.6012747576435266,2.2094849119704776,0.006809431896418284,2.0759618402353695e-11
3.0,0.5615217676401095,2.1965501980394415,0.0,8.060721610166776e-12
3.0,0.5945632849949022,2.204571212304568,0.0035628804685394365,1.8435747615538598e-11
3.0,0.5324337953164802,2.2274454990415413,0.028198099418607347,2.229429947520175e-12
3.0,0.5728903343273475,2.224728144431082,0.006145891171821901,7.48044516355873e-12
3.0,0.5621618052642446,2.2388510883503296,0.0,4.473741423185368e-12
3.0,0.5941743937005626,2.1878925441730765,0.002403856670744685,2.3002507675781025e-11
3.0,0.6063739038048543,2.2079161757459267,0.019235720211908353,2.4474482327979536e-11
3.0,0.5900667747138748,2.2040324287509327,0.0,1.6367333864313738e-11
3.0,0.6246478090152405,2.1568072167172474,0.008085076545261303,8.154275012582279e-11
3.0,0.6110247025192427,2.1282629791620153,0.007945211779815952,8.074965066437693e-11
3.0,0.5599425252009995,2.2071605455809156,0.0,6.6366375119391995e-12
3.0,0.5340631872102012,2.2162252113489234,0.004549588034297804,2.749800026195474e-12
3.0,0.5522185354288187,2.246409421396611,0.005508745025537569,3.001280950010723e-12
3.0,0.5522185354288187,2.246409421396611,0.005508745025537569,3.001280950010723e-12
3.0,0.5884046478099754,2.236084929777822,0.0,9.8433538777284e-12
3.0,0.5040305472106219,2.2321844763046963,0.018654212041141406,8.965815777347277e-13
3.0,0.5024936561310591,2.2205530523427095,0.012044132775846747,1.013897286068072e-12
3.0,0.49732068778985866,2.2724870452614123,0.0,3.99799387680334e-13
3.0,0.5787964030871302,2.200549187555384,0.005045133077752286,1.2492554605666953e-11
3.0,0.5811271557249663,2.1901792719520587,0.017760239630753457,1.541814957625545e-11
3.0,0.6138471569368052,2.1797254581079724,0.0,4.454754690793675e-11
3.0,0.5652171010792917,2.259898421567854,0.0,3.5627949479057916e-12
3.0,0.5283902296284697,2.161829499044647,0.009929115287946929,4.925792105728597e-12
3.0,0.5407823067493283,2.2105991631188058,0.0020397612043006547,3.6267852386972638e-12
3.0,0.5784134714617127,2.225449894764671,0.0,8.66388326962052e-12
3.0,0.5859574249149433,2.2341598598599313,0.0021490753372048668,9.44938893168587e-12
3.0,0.5786708956910492,2.202080074844909,0.01164575738215743,1.2183621788150375e-11
3.0,0.591134470122224,2.2237017088072317,0.02051732617996177,1.2737605356078345e-11
3.0,0.539554929903184,2.2514252725873276,0.0,1.9263435751561086e-12
3.0,0.6049818091686663,2.2616989353619856,0.0032010164440113334,1.0680406633547637e-11
3.0,0.5831241157989917,2.2565585154871455,0.006864470968322564,6.245370879617498e-12
3.0,0.5457361343829402,2.196338596384521,0.011650378898145913,5.120810869116973e-12
3.0,0.5540052236370036,2.214551368635355,0.020507241038417882,5.033802179457079e-12
3.0,0.5375450712838814,2.1805259411233786,0.007028092861427582,5.0134352824869755e-12
3.0,0.5515700700362419,2.1564215836239065,0.0027989386362183293,1.0408632826647378e-11
3.0,0.5680172488635445,2.2175512417378265,0.011895520494308618,7.217273681913127e-12
3.0,0.5202332330041112,2.136309319564348,0.0,5.3926060604541345e-12
3.0,0.512789242209791,2.243296686787189,0.017552918229104857,9.882328697997398e-13
3.0,0.6050299461473735,2.189601892224395,0.0026252740496691476,3.045039319492299e-11
3.0,0.5590538160031666,2.240334139427787,0.006184669972848244,4.002085835791801e-12
3.0,0.5983319428974637,2.2318036521735807,0.001552014751042156,1.3858819813105388e-11
3.0,0.5675934440339525,2.23369437376979,0.004768769391727219,5.641000024883201e-12
3.0,0.6382499090760672,2.187979926225346,0.00764752915339767,7.780644168191391e-11
3.0,0.5864254850204526,2.2007384632198854,0.0,1.546760881658465e-11
3.0,0.5594771311577488,2.252952092483085,0.0,3.355467898053981e-12
3.0,0.5662317092226478,2.262205109363772,0.0,3.541462268806839e-12
3.0,0.5607003582998583,2.294643031148977,0.011423788479321932,1.823232565307097e-12
3.0,0.6127460075345893,2.216333823720813,0.010632862089878674,2.5918143631171375e-11
3.0,0.5773881922860024,2.199247627826301,0.01983717372496342,1.2222825071218286e-11
3.0,0.5418939593413845,2.2070448291450138,0.010767749635067683,3.939937868109275e-12
3.0,0.6019448813120535,2.2042041480602137,0.011016340559370834,2.2791898539020136e-11
3.0,0.5591698709588444,2.229298196262399,0.008504910385201007,4.722545323427133e-12
3.0,0.6090709808159417,2.216103332194352,0.0005148253298351575,2.347992798898956e-11
3.0,0.5383071043281829,2.1933092469897013,0.011954009865114313,4.300721432985106e-12
3.0,0.5295258059726751,2.3041224734984813,0.0,6.325146093075809e-13
3.0,0.567566094430818,2.244770149530206,0.011964568513237794,4.785193301010283e-12
3.0,0.5882111747035571,2.2571380499476064,0.0,7.1489391625554925e-12
3.0,0.5750304526703894,2.207774412205969,0.009002025903781647,1.013700735567024e-11
3.0,0.5852303214732337,2.1775615972771254,0.007222174676204053,2.0581477114346987e-11
3.0,0.5752110877097697,2.2099832014025727,0.0001714147276578929,9.875186605205455e-12
3.0,0.6002467837089054,2.2263996796309415,0.008723042935272988,1.582143245094824e-11
3.0,0.6279684729863949,2.1952700502157474,0.017122633641926545,5.310715035484565e-11
3.0,0.5437541883693836,2.155668022254038,0.0041912951118150635,8.377059206956466e-12
3.0,0.6338555778333129,2.1548456166886196,0.0066684681987180935,1.0769331124414705e-10
3.0,0.5467862809590708,2.2058822564451215,0.014255305125283316,4.618280197651766e-12
3.0,0.5412356442414303,2.1882315599318116,0.0,5.02517288711675e-12
3.0,0.5221781194173113,2.19395683709008,0.0,2.6529841246088553e-12
3.0,0.5674536532581503,2.188312764124626,0.0,1.071223073185905e-11
3.0,0.5727592799147704,2.1868772654760043,0.004701670593795273,1.2715943590779466e-11
3.0,0.5663051859941611,2.2771253037376518,0.00360604147920786,2.8206730925279197e-12
3.0,0.6000175840889278,2.1921672255842877,0.0017115022365373595,2.5547993610361187e-11
3.0,0.5700899136222057,2.2595633107310387,0.0026428348351848086,4.117426509549406e-12
3.0,0.5764648291014656,2.203984489410359,0.004504088008627938,1.114014972566497e-11
3.0,0.6091921064390622,2.1896487965823375,0.016491472919470913,3.417179245529278e-11
3.0,0.6077790602400748,2.267104577777737,0.010334690379396619,1.0630586154774692e-11
3.0,0.5710775362988693,2.2189039363699754,0.00416854938929125,7.726054713445835e-12
3.0,0.5718517720269604,2.1932267185695826,0.016671303240559595,1.1351100185985646e-11
3.0,0.6208182055775204,2.2227405167183023,0.019597876627827495,2.954924962716841e-11
3.0,0.6230369231816801,2.183302682382994,0.009515470567365885,5.469227142361662e-11
3.0,0.6077592570983269,2.2149762872187284,0.009412991037149989,2.3006282737423615e-11
3.0,0.5185586448630213,2.166037764364214,0.0026734822012294494,3.4843210104960245e-12
3.0,0.6093687313491225,2.2098296821432544,8.02947094535995e-05,2.5890758384966043e-11
3.0,0.5897833639415155,2.1899349419325045,0.0,1.9762955851781802e-11
3.0,0.61325025741118,2.203751567468863,0.0028758944361264335,3.142519447741444e-11
3.0,0.5277151746534006,2.1842499666668385,0.006888447646769708,3.5708900471099177e-12
3.0,0.5372499166528059,2.303573946176845,0.02240243287377131,8.003806778861643e-13
3.0,0.5479223563775579,2.163822757545943,0.0013144631055225877,8.49195929494815e-12
3.0,0.5669140256718578,2.1987451504966358,0.030106236714135006,9.12683672680261e-12
3.0,0.6167744949450868,2.1947798538980576,0.00331970750352395,3.927949722990282e-11
3.0,0.5494746661707152,2.1918019538792803,0.004281058611698693,6.079267679123225e-12
3.0,0.5644881610341992,2.2185625739525108,0.0021202600911969134,6.428601323113028e-12
3.0,0.5416618289714773,2.1813329490717317,0.006032164336190764,5.592201457112174e-12
3.0,0.6096855977022783,2.223123837367588,0.00889520460701552,2.1589323322679974e-11
3.0,0.6494972078389052,2.231824310412466,0.01859676558918311,5.664337228100236e-11
3.0,0.5900336042901727,2.1556997724875697,0.014347475515073663,3.154915574052755e-11
3.0,0.5537966025565101,2.2128426692641154,0.008077144471817187,5.127056623516794e-12
3.0,0.5242591193349101,2.167991902419291,0.02280546178657429,4.017974139819842e-12
3.0,0.5456867762071815,2.2310956216034947,0.0,3.113487584425337e-12
3.0,0.554403151402063,2.206909561767939,0.0,5.676343889052231e-12
3.0,0.5807924559054254,2.202719846104208,0.021484467865629162,1.2824645671113083e-11
3.0,0.5986122467831542,2.181630981019093,0.002331382937005905,2.8387156995477385e-11
3.0,0.5657473271069338,2.2367351239551323,0.0036255334890396554,5.116278862910432e-12
3.0,0.5538456635307636,2.1945159511106658,0.0,6.645057887531967e-12
3.0,0.5975558606033659,2.221916258524736,0.005391010051925125,1.5656632536024713e-11
3.0,0.5971085959808555,2.241501009621082,7.686861958756779e-07,1.1608536452292989e-11
3.0,0.5935449050515801,2.2252334815560113,0.018874856527054378,1.333278110104295e-11
3.0,0.5489685121493076,2.2030844055921257,0.00043164610081564055,5.118290592836586e-12
3.0,0.609087283657464,2.229641726337123,0.01144275828553406,1.931474478977906e-11
3.0,0.5449691933975052,2.2545875044096957,0.0014436721399064467,2.150825272563744e-12
3.0,0.5445363246686789,2.1905924318170134,0.006026527081476737,5.3553547328923484e-12
3.0,0.5403265483008846,2.215790933649028,0.01616401957997879,3.3234009895425237e-12
3.0,0.5685395853132691,2.2488121157422447,0.004304842638093947,4.6322192872342495e-12
3.0,0.5795617173893267,2.183913295006529,0.024855577199964302,1.6073918958496852e-11
3.0,0.5380350040532285,2.2174689712119773,0.005662740689001208,3.0343200879429738e-12
3.0,0.6138831918995239,2.212596212593494,0.0028494962552159855,2.8216006884206908e-11
3.0,0.5307678950945981,2.222831571267787,0.00026458791385385884,2.269901709704921e-12
3.0,0.521797235638114,2.179691576564131,0.0027188592987423895,3.191147588563479e-12
3.0,0.5539962347025564,2.2397676481761786,0.0035542828735332863,3.4875186350041114e-12
3.0,0.5930335057163458,2.2538076165720726,0.0,8.612500785457681e-12
3.0,0.5466346486015028,2.201183698302163,0.004833378520450376,4.9122244392209e-12
3.0,0.554579499180768,2.1746116379512648,0.0,8.913867885926359e-12
3.0,0.6033916809085084,2.1472025052359456,0.0,5.1272898515534546e-11
3.0,0.5175732525790744,2.2167694495900605,0.0006282756794964072,1.677905119396158e-12
3.0,0.6380058431523316,2.2029901464203623,0.02055147753585977,6.272680218808407e-11
3.0,0.6615634443878358,2.2110695757830015,0.014888016734084778,1.0570979599218688e-10
3.0,0.6359473833046879,2.137988301010329,0.025220037748606663,1.417882833284251e-10
3.0,0.5599954053016284,2.2205786707010593,0.002328946420229741,5.487937938137805e-12
3.0,0.5914492716664366,2.216482956486962,0.002102641671861534,1.4259043024821667e-11
3.0,0.5654971460755063,2.201612281844316,0.015862576399195798,8.418560034977104e-12
3.0,0.5468595792327846,2.2174974968096537,0.002156142180244575,3.922870718663896e-12
3.0,0.5689151940342098,2.253033671191705,0.011965203247897922,4.394645191229179e-12
3.0,0.612171117007909,2.165043278049029,0.0,5.180597108202029e-11
3.0,0.5737085610588919,2.1832542181665997,0.0,1.373002666035213e-11
3.0,0.5357928600318983,2.2280873428606034,0.015378885182837813,2.437282868310945e-12
3.0,0.6168682536265729,2.233926692279675,0.012122480681200004,2.2510974396692174e-11
3.0,0.5895390807476582,2.188123659044874,0.005730819414985213,2.0123320515451306e-11
3.0,0.5388174116472783,2.265733358387543,0.016689662034115295,1.5174021933736413e-12
3.0,0.5578835462653708,2.1783678040616117,0.006274152686610799,9.320289390827296e-12
3.0,0.5673395480317588,2.1930116054943074,0.013629794222008336,1.0006256587409038e-11
3.0,0.5490387809961794,2.234258415756028,0.0,3.2765214113915746e-12
3.0,0.5311507176924235,2.1515611993978965,0.018986190525026134,6.113619632359908e-12
3.0,0.5870997708345668,2.2240682936634006,0.0029339626883172942,1.1306769320690952e-11
3.0,0.5495653310227744,2.2477738669096508,0.012094955353930861,2.723060048791993e-12
3.0,0.5633105486779657,2.219747225999925,0.0,6.109803591091385e-12
3.0,0.5571576663459762,2.231370731952916,0.0005918373467374248,4.323432480837893e-12
3.0,0.5318844300663081,2.2129012604936404,0.010883917932728844,2.7050104539758265e-12
3.0,0.581454738125375,2.2076843253900273,0.012742940427889137,1.2184241933252555e-11
3.0,0.5656788549159447,2.2228783114162787,0.006807944002981819,6.250860363383742e-12
3.0,0.5835064753969268,2.242356222424929,0.01148012398644259,7.811167603564861e-12
3.0,0.6315101068493413,2.1923388608467533,0.013338088916476826,6.09494149474429e-11
3.0,0.5778248688904046,2.2251995077695166,0.00992138402370947,8.551073407206546e-12
3.0,0.6067668507319123,2.1887693447224015,0.0075068143378728604,3.233023729347572e-11
3.0,0.5790052008587059,2.1873989662145075,0.0,1.5083260255618897e-11
3.0,0.5852899890382892,2.211250013073646,0.003154492879970125,1.2912697812716838e-11
3.0,0.5384108268357878,2.218915390036339,0.010327989273571817,3.0047627842117606e-12
3.0,0.5683458355035502,2.1972906043720846,0.007019756972465397,9.704044712550882e-12
3.0,0.5248452412574643,2.2511944557012873,0.0051682947192539875,1.255174228900882e-12
3.0,0.6021224487755358,2.1930079219546053,0.0,2.6784003763956856e-11
3.0,0.5948768930735485,2.2059352968659907,0.00890559093102429,1.8244528486709098e-11
3.0,0.5204771048307743,2.193065708956046,0.019420252838691972,2.554203346621751e-12
3.0,0.5630832429744761,2.198493991731432,0.00276475882824112,8.20533772745736e-12
3.0,0.6415866868395957,2.14426103261497,0.0003021749704391393,1.5254063823130598e-10
3.0,0.55505983784834,2.244425450336912,0.027131571574079676,3.356194969938728e-12
3.0,0.5853885769205593,2.2011974822901044,0.0,1.4924247528553152e-11
3.0,0.5435640386499808,2.2050250155073674,0.014432641704927446,4.256134252709079e-12
3.0,0.6403596587544167,2.1751751146364247,0.0064029691746804234,9.811970238984446e-11
3.0,0.5506586567556138,2.1981921167997167,0.0006216148348091001,5.756879094182029e-12
3.0,0.5749088327933862,2.2449720381138802,0.009090163396218463,5.8846036644682176e-12
3.0,0.5906844312293722,2.2289830147220577,0.009097564970433809,1.164823928905556e-11
3.0,0.5877807228806923,2.164576420699106,0.00494434973968027,2.6331608450199096e-11
3.0,0.5288317559678876,2.1951438496190594,0.00044185741566540345,3.1753294057680064e-12
3.0,0.5700049335786803,2.1886911471336608,0.0006948620365530784,1.1463949147032661e-11
3.0,0.48711538348726513,2.2140764329619604,0.010111280782286297,7.00312206561998e-13
3.0,0.6029708701212011,2.215639585639533,0.0,1.9939786418868588e-11
3.0,0.5563434563094026,2.23416590721904,0.008660603235113466,4.053509954794323e-12
3.0,0.5458424620307722,2.1669485573024243,0.005968011962878412,7.668153802759489e-12
3.0,0.5769384370984371,2.2344460899580634,0.025904823290378187,7.285371308837116e-12
3.0,0.5121237795008884,2.207414255513698,0.02371537919634266,1.6305466906459707e-12
3.0,0.6170310973231063,2.197265500437065,0.0017392703297866314,3.8213905863765346e-11
3.0,0.5757504600964097,2.2329188011109466,0.0024944446653633323,7.202685240433174e-12
3.0,0.5368028703214859,2.2356643285748343,0.0050718671885065895,2.246880184967145e-12
3.0,0.6377973448884152,2.1939073823194852,0.00739145280290276,7.080897991562351e-11
3.0,0.5875667335465792,2.1430174999824887,0.011229597526228062,3.4696150397611155e-11
3.0,0.6084863377630267,2.213600821561379,0.013198947212340922,2.394254659843835e-11
3.0,0.6156486948443018,2.209203463818435,0.0030292858104860763,3.109478823099693e-11
3.0,0.5594048739204556,2.2320973335652607,0.009395573845393992,4.564061399693637e-12
3.0,0.6006240613441626,2.2273001361939797,0.013961294321035678,1.5781463545208872e-11
3.0,0.6189630404448825,2.2005531807084844,0.0017746176669580776,3.849940125475918e-11
3.0,0.5623850448475727,2.23563981995294,0.0061823329775752,4.7208745863241536e-12
3.0,0.5783540785712314,2.1598904546772117,0.0,2.144937988223583e-11
3.0,0.5956462973844131,2.233265418865307,0.00599193912025152,1.258047677993946e-11
3.0,0.6524389184639553,2.2328786857432026,0.016149455038403825,6.038258593617293e-11
3.0,0.5638810768341497,2.2316110339913156,0.001453641647129255,5.22836416817458e-12
3.0,0.5631225406316397,2.234151930678211,0.019296338692131404,4.928635674655376e-12
3.0,0.5344464995019627,2.188137679160111,0.008865634562739515,4.125618025424385e-12
3.0,0.59525320711161,2.240670688784854,0.005533451287117205,1.1155748241047229e-11
3.0,0.6213502953298077,2.213430350785486,0.004045318204159069,3.427589645340866e-11
3.0,0.551936833331552,2.1533435238338523,0.0,1.0952570394657094e-11
3.0,0.5945883026704517,2.2417454105078543,0.011126458535388345,1.0776180465228517e-11
3.0,0.5223067618480305,2.183892313318297,0.011807875047211685,3.059223400199564e-12
3.0,0.5751632313131199,2.2367474167457706,0.004288458288832551,6.695632050881879e-12
3.0,0.5984251269590293,2.167471495902349,0.01615405742860923,3.4182639222465395e-11
3.0,0.5540884784006742,2.248895950601347,0.006824065217429639,3.052522764769401e-12
3.0,0.5743880294006134,2.1783535811440426,0.0,1.496464468950109e-11
3.0,0.5602999236255413,2.212023423046834,0.0,6.2581490791153195e-12
3.0,0.584803817013751,2.2051308498012467,0.0014033211123567054,1.3889367218787856e-11
3.0,0.558821889442064,2.2165741643211994,0.002213380087174953,5.619778906711074e-12
3.0,0.5314595584115273,2.2610267233195653,0.000687832347551366,1.3142867119013153e-12
3.0,0.55539350971104,2.211060686398215,0.005545604457845572,5.507269796671703e-12
3.0,0.5616949557582004,2.2164202334804433,0.008182906581980613,6.117953245713288e-12
3.0,0.5628546924943917,2.202572379742944,0.019283202128431574,7.698883199373202e-12
3.0,0.5549864872748442,2.258424101249373,0.0,2.713690245446156e-12
3.0,0.528650158164375,2.263834043754469,0.0020024643583493244,1.1593889293188578e-12
3.0,0.5272535195425095,2.216497796801195,0.010520515625149534,2.242313691351319e-12
3.0,0.5791107347515242,2.248762169239354,0.029538419248497098,6.267077979902863e-12
3.0,0.5464512929735261,2.2846115753312732,0.0001380479803176119,1.4145754312810397e-12
3.0,0.6217502467518896,2.1945846123458996,0.000485722576994291,4.5187452808357695e-11
3.0,0.5361515044964507,2.182255241977026,0.006580663913185773,4.700997809123917e-12
3.0,0.6156000014521964,2.225224847001107,0.010275628411448693,2.4677126675416455e-11
3.0,0.6038088306778073,2.180539832705824,0.00262258915134886,3.3320694619433576e-11
3.0,0.6371946946767693,2.1208604397193573,0.005142922287767373,1.8199173203612717e-10
3.0,0.5575748516321194,2.1783208425278375,0.011139864610257214,9.24355336842943e-12
3.0,0.6699781119727766,2.2531376150816187,0.008174757492781851,7.146988821195778e-11
3.0,0.526453490385979,2.266259327790789,0.003039435037715923,1.047173240292006e-12
3.0,0.6319554894591635,2.1900666196595577,0.0,6.366556859530944e-11
3.0,0.5395417356070513,2.2177620455405207,0.0,3.1576060311489723e-12
3.0,0.5436791103323096,2.2583463054080393,0.009534407220685166,1.9570232912360226e-12
3.0,0.5422178002826858,2.198370085625205,0.00948394045704035,4.493014839291278e-12
3.0,0.5215414044305031,2.221365006216576,0.009191256955928453,1.7664081762538932e-12
3.0,0.575079562824668,2.247438025317307,0.010024306915446646,5.699637499429274e-12
3.0,0.5719951831323332,2.19483490872657,0.03918960997217978,1.1146081956371267e-11
3.0,0.5919739376417525,2.264276267164518,0.006284007584606878,7.13109691503017e-12
3.0,0.6624332879942884,2.187613129212117,0.0034192905876255578,1.5021323790339005e-10
3.0,0.5771811656846878,2.1817101649139747,0.015474006520206847,1.548078029638349e-11
3.0,0.5665708268876001,2.2410849278342275,0.0,4.91238943465161e-12
3.0,0.5990012938808532,2.21292837791369,0.01156017542132689,1.8548309449579648e-11
3.0,0.5865026631884657,2.2695290266355537,0.0032246840064061996,5.637973406501893e-12
3.0,0.5164455963679311,2.158375713067667,0.010498365706514263,3.622261791439871e-12
3.0,0.5161790611374164,2.1834617107888206,0.0029513545274302178,2.566585018507244e-12
3.0,0.6011284841549278,2.2082067937730026,0.012914723982863533,2.1052878782456513e-11
3.0,0.5980543834254051,2.2278580041302343,0.007151380577124255,1.4566629411057454e-11
3.0,0.5381507024133313,2.205916850183506,0.002350445228120256,3.5887409606643877e-12
3.0,0.5919660256673562,2.2244126126762644,0.0007674837825558316,1.2905944938224724e-11
3.0,0.5154881640471302,2.2137350785645067,0.0021761121210768326,1.647220927184105e-12
3.0,0.5585347501349499,2.2042570863556743,0.0,6.639389479625971e-12
3.0,0.5708714787340723,2.2010686543943043,0.0,9.894363298749572e-12
3.0,0.5671894958827215,2.2174557528387666,0.002442116273224452,7.057805277921661e-12
3.0,0.5637675819600875,2.2147064021242513,0.0,6.654764852523321e-12
3.0,0.5558426809019449,2.2178133525988386,0.007753730582491086,5.0660296342230805e-12
3.0,0.5857560636349067,2.2190074496547396,0.013444818459279794,1.17100198633907e-11
3.0,0.6274082273780854,2.2097183146326356,0.0,4.268888201541186e-11
3.0,0.5729752466925819,2.1823815319969024,0.01854773624410109,1.3606928319798068e-11
3.0,0.5736085054983213,2.174773611733546,0.015221196738220918,1.536204549563488e-11
3.0,0.5644066625133582,2.231001283499418,0.0,5.3554248873240155e-12
3.0,0.5976857100824394,2.1634786052900066,0.0,3.530868056560783e-11
3.0,0.5882242098006748,2.2025770643888047,0.0,1.5859472945124392e-11
3.0,0.5728576782762778,2.2087656867177294,0.010876334359879024,9.395032242086991e-12
3.0,0.5471168782558243,2.1951203207051435,0.0,5.421675274155526e-12
3.0,0.5303750786377669,2.2161502331200325,0.001758349101676568,2.470289763853626e-12
3.0,0.527704632953973,2.222293953994785,0.0013486606428447677,2.0904912326451613e-12
3.0,0.5764070915851366,2.2116230281143756,0.004442207275116447,9.981966206630029e-12
3.0,0.5721470963477444,2.199139974990686,0.0045721288820260815,1.0542502301516788e-11
3.0,0.5645345565126839,2.2467054456871765,0.002166714817673279,4.261923121036461e-12
3.0,0.6137882445332773,2.2287831181806954,0.016446834611284086,2.2285638834017713e-11
3.0,0.5680544404798193,2.185748922116336,0.019217414430281073,1.1288950548828283e-11
3.0,0.5458392069854442,2.203907899217971,0.005250280142001327,4.61966268584716e-12
3.0,0.5661921684546932,2.187934531869222,0.0019309545588696755,1.0385731952417052e-11
3.0,0.5796727651637155,2.2186059319558864,0.0037754747759627064,9.912352645526409e-12
3.0,0.6006498417423709,2.1850396688153557,0.014103961912388156,2.8686280676484753e-11
3.0,0.6608873003715507,2.230266991977855,0.003295638866892933,7.871975159146343e-11
3.0,0.6085920590142687,2.1951548029626355,0.006596329571884606,3.113892152591094e-11
3.0,0.6144950960950986,2.241891671272989,0.00023435200279679918,1.8741685413284697e-11
3.0,0.5597494381318511,2.2278567492355004,0.0021406488484953623,4.903993299192479e-12
3.0,0.5250609471937423,2.1961258367719574,0.01663290483704876,2.8029073416424667e-12
3.0,0.563879330078097,2.2565729775422616,0.0031148417686468538,3.605890025551607e-12
3.0,0.594514575696673,2.2701072864992478,0.005730146717211547,7.00396214363338e-12
3.0,0.5457108001026437,2.194609592227905,0.007728811695327455,5.241593160559846e-12
3.0,0.5664372118318491,2.2093276068014696,0.0009729878981352986,7.756582998832518e-12
3.0,0.5643672052708607,2.2648527568300723,0.007782173515893157,3.2239538389712962e-12
3.0,0.611959012100128,2.180712348721854,0.012075663562337163,4.171038998177029e-11
3.0,0.595710387891689,2.237380032242375,0.0,1.1863125001075504e-11
3.0,0.5656045264100211,2.222398367673741,0.0,6.28096325453183e-12
3.0,0.5638175226722517,2.2037263021438123,0.030742567180561613,7.787446007053122e-12
3.0,0.5819191446797148,2.198716360069152,0.002470867696791187,1.4005393079292847e-11
3.0,0.6025733311249014,2.1660921937090687,0.020207292886450685,3.910381614688677e-11
3.0,0.5905469003561045,2.1759867553168193,0.0,2.443117012885197e-11
3.0,0.559770745136468,2.2141795607733754,0.0005771314197043832,5.9768495618448876e-12
3.0,0.5429486703871681,2.258553064586635,0.000975405231333319,1.9098177654081574e-12
3.0,0.6148443201178004,2.178075790419472,0.013959436571527163,4.683312563703479e-11
3.0,0.4941962272832076,2.230417717113699,0.0006496599230338501,6.848678917432178e-13
3.0,0.5529376934527594,2.179993754704891,0.0016597277962297438,7.902766288281436e-12
3.0,0.5506348694085611,2.22465046549518,0.011242948554922345,3.94814294067817e-12
3.0,0.5840105234569543,2.1663666350698754,0.010375567049048285,2.311112759889527e-11
3.0,0.5703771603937126,2.1919990092153485,0.017699481696612358,1.1069351830827287e-11
3.0,0.5755349897882857,2.221304716480459,0.012203637251844777,8.475761676694295e-12
3.0,0.5312804474909065,2.1924592170971224,0.007995508274176678,3.5418606743278806e-12
3.0,0.5890652972194211,2.2554874029207426,0.01313980335999294,7.508544217430405e-12
3.0,0.5512932865989523,2.216038954107669,0.01854306226109118,4.5557577084076086e-12
3.0,0.6183188152493168,2.234723193220113,0.01225536756188506,2.315962466577375e-11
3.0,0.5566817668108133,2.1914631097040607,0.011380562250751533,7.524268318976724e-12
3.0,0.6009336952649553,2.223277056770736,0.0,1.6875432346596306e-11
3.0,0.6215122502239413,2.1883799268267694,0.0029388054356105386,4.891416936247097e-11
3.0,0.6121810863671192,2.2208580834697162,0.0,2.390873756262668e-11
3.0,0.5594900993639356,2.219153219646728,0.0022434876048067643,5.5207838076084905e-12
3.0,0.5227244903078497,2.241386636184303,0.010484462000641815,1.3648579502076544e-12
3.0,0.560177672550143,2.2172699713539026,0.0006809296549865285,5.785620711683016e-12
3.0,0.5506828882650054,2.230148662485065,0.00876423866324728,3.649716593497102e-12
3.0,0.5641260042179063,2.1904508690500233,0.003871593589891221,9.45416866281036e-12
3.0,0.5424552547479242,2.2231796003531175,0.003723302825541868,3.179636646447421e-12
3.0,0.57829056425323,2.1633914534777587,0.017554854796351275,2.044138890851124e-11
3.0,0.5882743166577664,2.2533710034597396,0.015005725410589938,7.581024715874778e-12
3.0,0.6477794621406588,2.1772915245186435,0.0018829525736039987,1.1660348873331158e-10
3.0,0.4988992148961707,2.229563740546237,0.013776580682335365,7.987980890949748e-13
3.0,0.5909507837155944,2.210573951984093,0.0,1.529721467482445e-11
3.0,0.5621996572623674,2.202848870421652,0.010975561991792362,7.525953500473024e-12
3.0,0.5752754439079278,2.2170602820704968,0.004572385319495364,8.942954605597222e-12
3.0,0.5752754439079278,2.2170602820704968,0.004572385319495364,8.942954605597222e-12
3.0,0.5930297696713048,2.1673641995183486,0.004930649988946772,2.9418363188983685e-11
3.0,0.5779390310263152,2.174252447623886,0.007543406807448283,1.7501445716291647e-11
3.0,0.5772992993697538,2.260782756192719,0.01608556291792607,4.9646572356378205e-12
3.0,0.599979681689927,2.2080301181263824,0.0015784517742805414,2.0437791619047634e-11
3.0,0.599979681689927,2.2080301181263824,0.0015784517742805414,2.0437791619047634e-11
3.0,0.569530816013451,2.192765491772772,0.005461105250047535,1.0690548000853775e-11
3.0,0.5496617386891426,2.1807009537416313,0.0010899776325298282,7.118325459276226e-12
3.0,0.5997713966871671,2.2370595348303306,0.0007305888919117321,1.335715400357799e-11
3.0,0.613361899855896,2.2025210359416327,0.005116828598695403,3.207288114125911e-11
3.0,0.5767883036089109,2.1894271714228655,0.013875541910253307,1.3771586791757227e-11
3.0,0.0522324334041655,0.1373947238853586,1.9758951871177024,2.885536963206367e-25
3.0,0.10522054797179897,0.08306144710576915,1.9991799459017356,4.882156264665885e-25
3.0,0.10434631421207201,0.12795344020144103,1.9889731543034084,1.6518496249443617e-24
3.0,0.09809111316045775,0.06827936538409764,1.9986401147353792,2.4444335779038707e-25
3.0,0.11722174465367281,0.0800739555222846,1.9836710215805027,7.058185583283815e-25
3.0,0.05698340010679013,0.022488718963718422,1.992256535802761,1.3280098754305135e-26
3.0,0.08667279554259082,0.01853660195017086,1.9976243836787133,3.712347801515522e-26
3.0,0.0813996721102083,0.05571792126534395,1.9975007601949977,9.001876058124246e-26
3.0,0.11538489520531278,0.0985604408115383,1.9821218213071659,1.1095704063109868e-24
3.0,0.03693845992903776,0.09479685735872607,2.028190908480159,4.88001159505593e-26
3.0,0.08786650134822187,0.06516055164775257,1.9896731607595357,1.5135225259374376e-25
3.0,0.11795251720186392,0.13302236943949397,2.000919793472033,3.173187274907209e-24
3.0,0.07616825905454457,0.1109930280227659,2.0141729019266674,3.5252028057145268e-25
3.0,0.05060629503622085,0.10019414898832381,1.9953476356189481,9.691895715625664e-26
3.0,0.08612446821650406,0.13610332764106944,1.996126698567033,1.0311816642937571e-24
3.0,0.10550355714308032,0.10374250253633645,2.02123609308654,8.829599109662579e-25
3.0,0.05522666964621705,0.09236562515796802,2.0280643957619384,9.313211848787833e-26
3.0,0.08799576402225387,0.06146689195429518,1.9925404900107895,1.3678638801651185e-25
3.0,0.10504595283031086,0.06816892112219748,2.0111982502721184,3.1731238096977805e-25
3.0,0.08843486614905191,0.08558358745142713,2.010735058995068,2.767866576431661e-25
3.0,0.10543893979244393,0.09269217266688648,1.997713448260684,6.461477504906959e-25
3.0,0.07975068181141484,0.05954263291816756,1.975581548158402,9.435354151109137e-26
3.0,0.12242227223362809,0.04337522289484515,1.9928985459046111,2.9864598045225336e-25
3.0,0.05798302028541947,0.10669259087384278,2.0010846698976903,1.5484779280925154e-25
3.0,0.08656809613396917,0.022390015822688982,2.00072299091152,4.144090141929153e-26
3.0,0.053681077831797944,0.1013389826767123,1.9989357181915368,1.1280916989341648e-25
3.0,0.059571920976962886,0.06397541509947302,2.009852354281572,4.9181627444940294e-26
3.0,0.0688217320882449,0.01907386266703939,1.9931951975858975,1.898938699578076e-26
3.0,0.07274923071109689,0.09513814172864345,2.0192737161627754,1.984374278181824e-25
3.0,0.07563493576206204,0.12358686886659286,1.996430756875729,4.892420861534305e-25
3.0,0.08205116739027142,0.07004788533492988,1.9770960122482166,1.3933620635237827e-25
3.0,0.08289408984577457,0.12012564010249749,1.9993290093837934,5.877574203382963e-25
3.0,0.13273519095552502,0.04378072252612743,2.004100562223454,4.446435718167046e-25
3.0,0.08481985558095517,0.08524833872831396,2.0049593292821264,2.3875192075121684e-25
3.0,0.07802888556382348,0.12327075579911534,1.9932496814383303,5.31782060763751e-25
3.0,0.1224659986353883,0.10946582969131839,1.974685793698524,1.963738748739904e-24
3.0,0.08151800025995787,0.08025748814760299,1.986533064250431,1.826145555901907e-25
3.0,0.08172481295371917,0.09901198928755989,1.9938336792442841,3.1241315197296855e-25
3.0,0.09365485340880267,0.11076482578590326,1.9505774311277555,6.843952754431904e-25
3.0,0.04248336754413502,0.07434948712970733,1.9967880658483819,3.399760221198767e-26
3.0,0.1150714590989063,0.1251602582159771,2.0266211151558693,2.294793893978301e-24
3.0,0.12513291428347323,0.08309097456860388,1.9970955901926837,1.0350652594474067e-24
3.0,0.06457023445719075,0.11878549244142626,2.0064625095864366,2.7960519168502084e-25
3.0,0.07116568766199824,0.0994780300291375,2.0123759943311974,2.108530789410265e-25
3.0,0.11160685400478264,0.04422637829316117,1.989491621094482,2.037191634930145e-25
3.0,0.09895643019964395,0.09343871323921632,2.0114973506328826,5.159368807672639e-25
3.0,0.05324292553282099,0.08577541790493563,2.013326197230704,7.158279522506349e-26
3.0,0.06068669123971744,0.13736880931427062,2.009708609683205,4.0053405623811274e-25
3.0,0.1429943460555586,0.030883576778135063,1.9786126607243395,4.467802545686954e-25
3.0,0.1361403143488232,0.12049080464308995,1.9943563600013607,4.445341763369142e-24
3.0,0.08772880117083962,0.06195291540175714,2.009507199089059,1.3730324637813013e-25
3.0,0.06963812042273343,0.08723914264702815,1.9878444201613992,1.4087813824273737e-25
3.0,0.046970943353181346,0.07092518924089944,1.994042145238661,3.674581722998359e-26
3.0,0.10585547777918353,0.041710662868417535,2.0062638550687666,1.5230497000020713e-25
3.0,0.09815013624213462,0.08274403621320882,1.9983426246297293,3.699336995546299e-25
3.0,0.08856609506251974,0.07849177119142436,1.995341143747056,2.2749888463799565e-25
3.0,0.1123453224274961,0.09010309674482941,2.015961679942357,7.800070164879132e-25
3.0,0.11753220008768887,0.07678247883584625,2.005496281030423,6.503210787826404e-25
3.0,0.09977466715915645,0.07339421661564259,2.0161861852581002,3.0162778079507707e-25
3.0,0.07702843452644226,0.09335022826319592,2.000934415086416,2.2250849738444734e-25
3.0,0.12641490606700181,0.11804943005237005,1.9868946221324195,2.889135758767262e-24
3.0,0.08539892899653692,0.12314628064716146,1.9842601308131793,7.031450882960393e-25
3.0,0.08466659726407606,0.08383376339520643,1.9838233355902397,2.280372465071185e-25
3.0,0.05318835509291424,0.1060056806595824,1.9740041268711148,1.260703494166241e-25
3.0,0.04425504535410825,0.13723147698641647,1.9918948621826458,2.1040489829122375e-25
3.0,0.07291073194658315,0.12811526591028566,1.99541241382781,4.988920821315116e-25
3.0,0.07596973165372886,0.09258083276621311,1.99042413800299,2.0905254936774253e-25
3.0,0.05987840977617468,0.13088319063670192,2.0168776697055897,3.251450158744729e-25
3.0,0.07546311329771402,0.06527047491810152,2.021030008698921,9.43382876302519e-26
3.0,0.09167194584157541,0.14567506021065646,1.9967496427744682,1.6535461832017168e-24
3.0,0.14143847558648265,0.11261230544642196,1.9985501966364387,4.353963943607868e-24
3.0,0.08484188601721958,0.09067811703941726,1.995359627930052,2.7855340415694603e-25
3.0,0.06938770371361169,0.13595696276272579,2.0064686794679645,5.397062719644863e-25
3.0,0.06717039736032293,0.11548797612769161,2.00996895521312,2.8224044231229246e-25
3.0,0.09592288808075956,0.1148658446761943,1.990404704726441,8.360887327004692e-25
3.0,0.07254146447219965,0.03826983385395703,2.0016862238390853,3.8562591052745565e-26
3.0,0.06902384885129595,0.07279609732015034,1.9915135319071235,9.128611998045362e-26
3.0,0.07185081886953029,0.05015694758536716,2.019716822343872,5.307765859116401e-26
3.0,0.13607158740769598,0.11543641764355791,2.0036396136462193,3.855835917361374e-24
3.0,0.08680858815052589,0.08535783722711174,2.017984274640842,2.5843888391786828e-25
3.0,0.1272966998541458,0.12223122758033465,1.9945341524339653,3.351465877619048e-24
3.0,0.1293471951549545,0.005529993770052415,1.9847358513863727,1.2671904007649167e-25
3.0,0.07733292090229442,0.10950670828927075,2.017484842519238,3.5375146753328017e-25
3.0,0.07981433703578196,0.11332964563093122,2.0124927406422586,4.327330354027054e-25
3.0,0.09370989074842108,0.08952564671390821,1.991050762154344,3.7841773018819564e-25
3.0,0.15272921163831768,0.10760106996281964,1.9942029222733026,5.755758159840418e-24
3.0,0.10864529584827601,0.13677696980781218,1.9914042603756716,2.4745183282316766e-24
3.0,0.0702398240134187,0.09738535381069381,1.9944317349799066,1.9186186990819558e-25
3.0,0.13337672723590824,0.06048071259022696,2.001430422074342,7.386434279491633e-25
3.0,0.09242902077175744,0.0886311498082623,1.9936543295831126,3.5139353930079875e-25
3.0,0.10992979801621401,0.14090488395366688,1.9979065364146376,2.906626711099249e-24
3.0,0.08470645436690354,0.06344846511790864,1.9810207475275579,1.276766285237303e-25
3.0,0.10098068328628722,0.07900989216730228,1.9864857067525459,3.7052650948274967e-25
3.0,0.08050040229647533,0.07714512057983985,2.044917587027915,1.607500020871765e-25
3.0,0.08298685669385628,0.05952204835825584,1.9814563271856982,1.0676565614067235e-25
3.0,0.043888285017220155,0.11317267562560726,1.9857893664655484,1.0703617052156902e-25
3.0,0.10432742009214743,0.14347185746101315,1.9723967101984337,2.520887229378002e-24
3.0,0.0920033500317446,0.12901278108614755,1.9982603052209527,1.0633991520629929e-24
3.0,0.10052865847202429,0.1256428562636933,2.0037124676149864,1.3411840907747047e-24
3.0,0.08336142809761689,0.10982637508181552,1.977696318063279,4.498599371857707e-25
3.0,0.05318045646067159,0.09406719887280235,1.9692492927064895,9.022113812693101e-26
3.0,0.07872374266971274,0.07135431947653822,2.0183150367604945,1.2729256980262646e-25
3.0,0.07966982135226697,0.07135647075193552,2.0009310017949073,1.3201218434405343e-25
3.0,0.0474288672971154,0.0789219752064431,1.97403654426337,4.698506112030683e-26
3.0,0.08109284546509724,0.086048551856439,1.9918246512825757,2.1169866171585924e-25
3.0,0.09957696726755687,0.11427830550347877,2.0094478495094847,9.452735263225795e-25
3.0,0.05726864205609865,0.12259754005713103,1.9842427381454057,2.340116388713017e-25
3.0,0.10287083868926913,0.04925853490259658,1.9936993022195078,1.6940613173642945e-25
3.0,0.0661376147390753,0.038760473604357935,1.9841373748416171,3.054957349263378e-26
3.0,0.05918386859641839,0.12270552785111483,1.9905381597783172,2.5283176866299926e-25
3.0,0.09151015985462245,0.08692586912877852,2.000048172484837,3.2333140473789458e-25
3.0,0.08899774343786523,0.11693647355843846,1.9948686579807453,6.7983769323020485e-25
3.0,0.07708199863359702,0.09359673726635437,2.002106217656222,2.2451886543532057e-25
3.0,0.04797134802748722,0.07187863509861475,2.009818531718955,3.9264963244764985e-26
3.0,0.09508189770852624,0.15424816158957882,1.9995333958768717,2.3736583239490083e-24
3.0,0.09050708523707049,0.08380673182278585,2.019794467638004,2.84898183976976e-25
3.0,0.06709860957856044,0.07925397901612861,2.0018055418449134,1.0185264363458027e-25
3.0,0.07394503484696253,0.08572966758106355,1.9942114382845901,1.5938369819430444e-25
3.0,0.0916708990487004,0.06432422584335687,2.0011874888379597,1.7087779475463388e-25
3.0,0.11590338543036544,0.08860650676408792,2.0047981635283234,8.551535581832979e-25
3.0,0.15171488957141188,0.10868559891542687,1.9899406401426298,5.713924616124355e-24
3.0,0.06558816414185306,0.1398275115941398,2.006238716189817,5.178129214869075e-25
3.0,0.08226249995577076,0.10437424320397397,2.0040235109106552,3.705223585042898e-25
3.0,0.0612134063721507,0.09198967313436954,2.015717619631245,1.1627198547199656e-25
3.0,0.07271041418528128,0.07196892236205857,2.0089887921862357,1.0278284358973351e-25
3.0,0.09741677074844675,0.0637784104024191,2.006649987737306,2.093994190933968e-25
3.0,0.08267272735214291,0.1423500120820028,2.0209901742654144,1.0708670318896505e-24
3.0,0.08914010694767543,0.10909191886448251,1.9848721210123434,5.49874076612222e-25
3.0,0.10102306405036734,0.04262323026431197,2.021911983812336,1.3021578884336303e-25
3.0,0.14684558152203173,0.11622129221456448,1.9739752031015,5.881395851268834e-24
3.0,0.08559535477445727,0.0959357032041262,1.980035748685766,3.324137935159204e-25
3.0,0.11486223980283482,0.10516473164038977,2.013854329375357,1.3085821515943631e-24
3.0,0.08805661201303465,0.10863540684615643,1.9892863534644618,5.209051707893763e-25
3.0,0.08063203912720959,0.07399123847616693,2.017798575277586,1.4768091095324296e-25
3.0,0.10512027803604784,0.041271941185009604,2.0014054448365237,1.4623726537998496e-25
3.0,0.11473606624863561,0.06971151609709078,2.005727990647781,4.783511278671808e-25
3.0,0.08028441022271879,0.10002382986393116,2.016399386579419,3.041087248539083e-25
3.0,0.11005489158592413,0.09945151242528652,1.999581448859629,9.303042862774571e-25
3.0,0.03317607236811959,0.10110303247711966,2.021068164340856,5.02347305112921e-26
3.0,0.12770006806095138,0.09295432541461245,2.014785337098422,1.5056076588922242e-24
3.0,0.09306249548723364,0.023255563659877077,1.9841914154924611,5.448632468928849e-26
3.0,0.09118239541746448,0.05374852067221507,1.9958121924807724,1.236577440279668e-25
3.0,0.09093036897110084,0.09115315465234261,2.0025795695879705,3.5632192759006816e-25
3.0,0.08381580922553532,0.10315717460833773,2.0106451592017485,3.801174152971688e-25
3.0,0.10106917279202712,0.05778305832585659,2.024570367300447,2.0245498734314644e-25
3.0,0.05972930237722136,0.12380872822242599,1.9900948991132763,2.6620576041061192e-25
3.0,0.05733885703010779,0.025464128274059177,1.9968060100575524,1.4700977331674224e-26
3.0,0.09745260452588735,0.09821313630817892,2.0480281994669447,5.571683722703158e-25
3.0,0.14663335846639738,0.12473197491675171,1.995891455781493,7.379764622974459e-24
3.0,0.07828842692504953,0.09745915815746918,1.9969813614280103,2.621287196723027e-25
3.0,0.08490216405870916,0.08684701702786908,1.9874802832492522,2.5058213868972066e-25
3.0,0.10020947311427102,0.09253905514995403,2.013542449111695,5.275765311680906e-25
3.0,0.14885777741969994,0.12014000818719131,1.9814409407911682,7.0613127744243e-24
3.0,0.07320341419050014,0.0940516168504363,2.0088396711799263,1.9586744299111453e-25
3.0,0.061125814167026976,0.0944878778731572,2.018831916445087,1.2431555997434602e-25
3.0,0.1124330142097332,0.09171923805969544,1.997284579952222,8.190615288843021e-25
3.0,0.0676271559001043,0.13271846902073559,2.0378422967578613,4.615367004833789e-25
3.0,0.08872592232541605,0.07764556861559398,1.9983243587235602,2.2345056996869346e-25
3.0,0.07656589390992463,0.10267496836923276,2.001889465202125,2.839043727851976e-25
3.0,0.07294385491732315,0.07841994149417804,2.000243834508821,1.2464192424376305e-25
3.0,0.0647132192711003,0.04023082104487564,1.9766640601579963,3.018024936587785e-26
3.0,0.10543457384691976,0.08373939856548439,2.022271608082387,5.017364888874271e-25
3.0,0.0721729799767932,0.07386799282200526,1.9761658924276115,1.062826761276036e-25
3.0,0.06676465426620094,0.08833515167622054,2.0061186516995084,1.3003869382351578e-25
3.0,0.06292491918445195,0.08545114379846787,2.0001529550710293,1.033079318579801e-25
3.0,0.09310077156767721,0.07199772899742433,2.022215086392519,2.248078364345428e-25
3.0,0.053843239037242446,0.06609345507441791,2.016129976745049,4.1831779786000316e-26
3.0,0.021597606089270957,0.08212415839892018,2.016463969161661,1.8640155780817044e-26
3.0,0.02329966642541539,0.09213939238410171,1.9925255929993735,2.646016828210323e-26
3.0,0.05691758981509756,0.11305985889309698,2.004026395547593,1.7734117737326831e-25
3.0,0.08417886014701946,0.0846499208036621,1.9881023293291573,2.2904824196094612e-25
3.0,0.1114438407714468,0.10584293306302743,2.0134359519595892,1.172173002543778e-24
3.0,0.0101048770987816,0.04222622204050326,2.0227988229371263,3.750644276589273e-27
3.0,0.060608432372347004,0.0832667368963687,1.9966346289433812,8.87718501692953e-26
3.0,0.08848970466627674,0.015071156214312082,2.00511808304221,3.590744688495494e-26
3.0,0.09997120078019521,0.04704503550487501,2.010256325105009,1.4229777139832502e-25
3.0,0.06222944621307813,0.08913369094475013,2.045602368520069,1.1158793104383667e-25
3.0,0.08227051374053665,0.07118106002050842,2.0073151470788146,1.4513989257585986e-25
3.0,0.08550083770425594,0.07038688055686956,1.999040992048559,1.6057969697497922e-25
3.0,0.1083351906190453,0.1297276535268744,1.984438622125653,2.017021031958684e-24
3.0,0.09734647992199735,0.09539324664681864,2.0242512252772373,5.127005853723737e-25
3.0,0.0444767290509167,0.07951059155952214,1.9912725595001133,4.2571426282760817e-26
3.0,0.06218386503313125,0.09621621619470226,1.9824622287652853,1.359646145450447e-25
3.0,0.056276373567104174,0.04987007214325038,2.0001052491407116,2.880111422168683e-26
3.0,0.057166824474935665,0.09370381341557965,1.9679816056433745,1.0428216889504183e-25
3.0,0.11629076680615764,0.07225285006562225,1.992001053453645,5.454294779065996e-25
3.0,0.1330867090125736,0.08568448742471224,2.0063216075807526,1.5000616092395754e-24
3.0,0.08218663824231395,0.0726561871700633,2.0220341114976885,1.5089934199643853e-25
3.0,0.13386525553186482,0.09679305795428578,2.026436267402693,2.1118327337924345e-24
3.0,0.07707679116801064,0.09515986172948719,2.012714551202579,2.345579547711286e-25
3.0,0.015076489615863891,0.09551653272472525,2.008291912037988,2.1006795730460756e-26
3.0,0.09247076452860728,0.15588180981506644,1.979389319172531,2.2452734060611474e-24
3.0,0.10790330546212207,0.098402833409286,1.99592497603808,8.327656933238062e-25
3.0,0.0932262205848321,0.0407244344737591,2.0177100484956476,9.156813049375625e-26
3.0,0.13054992023782266,0.08553724060916544,2.0079767375482667,1.3587392498032474e-24
3.0,0.08845366041043301,0.11624553127142166,1.9953966619475139,6.532364289980908e-25
3.0,0.11613550576974029,0.09680011476413436,2.0074050712878955,1.0864209118379494e-24
3.0,0.04325095606085613,0.0705944555534114,1.9798361895787917,3.147291064537695e-26
3.0,0.08030030073071479,0.0741681995308341,2.0119101219444264,1.4654974465810697e-25
3.0,0.0982867797879628,0.08097096915349399,1.9844589766143745,3.5362318169088166e-25
3.0,0.0917437026028722,0.09502115552425364,2.007289911912161,4.09821218039539e-25
